ISO-10303-21;
HEADER;
/* Generated by software containing ST-Developer
 * from STEP Tools, Inc. (www.steptools.com) 
 */

FILE_DESCRIPTION(
/* description */ (''),
/* implementation_level */ '2;1');

FILE_NAME(
/* name */ 'Fans_Accent_2x_221-413.step',
/* time_stamp */ '2026-02-21T12:57:39-06:00',
/* author */ (''),
/* organization */ (''),
/* preprocessor_version */ 'ST-DEVELOPER v20.1',
/* originating_system */ 'Autodesk Translation Framework v14.24.0.0',
/* authorisation */ '');

FILE_SCHEMA (('AUTOMOTIVE_DESIGN { 1 0 10303 214 3 1 1 }'));
ENDSEC;

DATA;
#10=MECHANICAL_DESIGN_GEOMETRIC_PRESENTATION_REPRESENTATION('',(#25),#3191);
#11=ITEM_DEFINED_TRANSFORMATION($,$,#2006,#2118);
#12=ITEM_DEFINED_TRANSFORMATION($,$,#2005,#2119);
#13=ITEM_DEFINED_TRANSFORMATION($,$,#2004,#2120);
#14=(
REPRESENTATION_RELATIONSHIP($,$,#3210,#3209)
REPRESENTATION_RELATIONSHIP_WITH_TRANSFORMATION(#11)
SHAPE_REPRESENTATION_RELATIONSHIP()
);
#15=(
REPRESENTATION_RELATIONSHIP($,$,#3209,#3208)
REPRESENTATION_RELATIONSHIP_WITH_TRANSFORMATION(#12)
SHAPE_REPRESENTATION_RELATIONSHIP()
);
#16=(
REPRESENTATION_RELATIONSHIP($,$,#3208,#3207)
REPRESENTATION_RELATIONSHIP_WITH_TRANSFORMATION(#13)
SHAPE_REPRESENTATION_RELATIONSHIP()
);
#17=CONTEXT_DEPENDENT_SHAPE_REPRESENTATION(#14,#3204);
#18=CONTEXT_DEPENDENT_SHAPE_REPRESENTATION(#15,#3205);
#19=CONTEXT_DEPENDENT_SHAPE_REPRESENTATION(#16,#3206);
#20=NEXT_ASSEMBLY_USAGE_OCCURRENCE('[a]_Centre_Skirt_Accent_x2:2',
'[a]_Centre_Skirt_Accent_x2:2','[a]_Centre_Skirt_Accent_x2:2',#3214,#3215,
'[a]_Centre_Skirt_Accent_x2:2');
#21=NEXT_ASSEMBLY_USAGE_OCCURRENCE('Center_Skirt_Accent v2 (1):1',
'Center_Skirt_Accent v2 (1):1','Center_Skirt_Accent v2 (1):1',#3213,#3214,
'Center_Skirt_Accent v2 (1):1');
#22=NEXT_ASSEMBLY_USAGE_OCCURRENCE('Centre_Fan_Skirt_Assembly v2 (1):1',
'Centre_Fan_Skirt_Assembly v2 (1):1',
'Centre_Fan_Skirt_Assembly v2 (1):1',#3212,#3213,
'Centre_Fan_Skirt_Assembly v2 (1):1');
#23=SHAPE_REPRESENTATION_RELATIONSHIP('SRR','None',#3210,#24);
#24=ADVANCED_BREP_SHAPE_REPRESENTATION('',(#26),#3190);
#25=STYLED_ITEM('',(#3232),#26);
#26=MANIFOLD_SOLID_BREP('Body1',#1990);
#27=CYLINDRICAL_SURFACE('',#2075,1.69999999999968);
#28=CYLINDRICAL_SURFACE('',#2078,1.69999999999998);
#29=CONICAL_SURFACE('',#2070,1.89999999999988,0.785398163397931);
#30=CONICAL_SURFACE('',#2076,1.90000000000001,0.78539816339752);
#31=FACE_BOUND('',#159,.T.);
#32=FACE_BOUND('',#160,.T.);
#33=FACE_BOUND('',#211,.T.);
#34=FACE_BOUND('',#212,.T.);
#35=CIRCLE('',#2020,1.69999999999968);
#36=CIRCLE('',#2021,1.69999999999998);
#37=CIRCLE('',#2071,1.69999999999968);
#38=CIRCLE('',#2072,2.10000000000008);
#39=CIRCLE('',#2074,2.10000000000004);
#40=CIRCLE('',#2077,1.69999999999998);
#41=FACE_OUTER_BOUND('',#146,.T.);
#42=FACE_OUTER_BOUND('',#147,.T.);
#43=FACE_OUTER_BOUND('',#148,.T.);
#44=FACE_OUTER_BOUND('',#149,.T.);
#45=FACE_OUTER_BOUND('',#150,.T.);
#46=FACE_OUTER_BOUND('',#151,.T.);
#47=FACE_OUTER_BOUND('',#152,.T.);
#48=FACE_OUTER_BOUND('',#153,.T.);
#49=FACE_OUTER_BOUND('',#154,.T.);
#50=FACE_OUTER_BOUND('',#155,.T.);
#51=FACE_OUTER_BOUND('',#156,.T.);
#52=FACE_OUTER_BOUND('',#157,.T.);
#53=FACE_OUTER_BOUND('',#158,.T.);
#54=FACE_OUTER_BOUND('',#161,.T.);
#55=FACE_OUTER_BOUND('',#162,.T.);
#56=FACE_OUTER_BOUND('',#163,.T.);
#57=FACE_OUTER_BOUND('',#164,.T.);
#58=FACE_OUTER_BOUND('',#165,.T.);
#59=FACE_OUTER_BOUND('',#166,.T.);
#60=FACE_OUTER_BOUND('',#167,.T.);
#61=FACE_OUTER_BOUND('',#168,.T.);
#62=FACE_OUTER_BOUND('',#169,.T.);
#63=FACE_OUTER_BOUND('',#170,.T.);
#64=FACE_OUTER_BOUND('',#171,.T.);
#65=FACE_OUTER_BOUND('',#172,.T.);
#66=FACE_OUTER_BOUND('',#173,.T.);
#67=FACE_OUTER_BOUND('',#174,.T.);
#68=FACE_OUTER_BOUND('',#175,.T.);
#69=FACE_OUTER_BOUND('',#176,.T.);
#70=FACE_OUTER_BOUND('',#177,.T.);
#71=FACE_OUTER_BOUND('',#178,.T.);
#72=FACE_OUTER_BOUND('',#179,.T.);
#73=FACE_OUTER_BOUND('',#180,.T.);
#74=FACE_OUTER_BOUND('',#181,.T.);
#75=FACE_OUTER_BOUND('',#182,.T.);
#76=FACE_OUTER_BOUND('',#183,.T.);
#77=FACE_OUTER_BOUND('',#184,.T.);
#78=FACE_OUTER_BOUND('',#185,.T.);
#79=FACE_OUTER_BOUND('',#186,.T.);
#80=FACE_OUTER_BOUND('',#187,.T.);
#81=FACE_OUTER_BOUND('',#188,.T.);
#82=FACE_OUTER_BOUND('',#189,.T.);
#83=FACE_OUTER_BOUND('',#190,.T.);
#84=FACE_OUTER_BOUND('',#191,.T.);
#85=FACE_OUTER_BOUND('',#192,.T.);
#86=FACE_OUTER_BOUND('',#193,.T.);
#87=FACE_OUTER_BOUND('',#194,.T.);
#88=FACE_OUTER_BOUND('',#195,.T.);
#89=FACE_OUTER_BOUND('',#196,.T.);
#90=FACE_OUTER_BOUND('',#197,.T.);
#91=FACE_OUTER_BOUND('',#198,.T.);
#92=FACE_OUTER_BOUND('',#199,.T.);
#93=FACE_OUTER_BOUND('',#200,.T.);
#94=FACE_OUTER_BOUND('',#201,.T.);
#95=FACE_OUTER_BOUND('',#202,.T.);
#96=FACE_OUTER_BOUND('',#203,.T.);
#97=FACE_OUTER_BOUND('',#204,.T.);
#98=FACE_OUTER_BOUND('',#205,.T.);
#99=FACE_OUTER_BOUND('',#206,.T.);
#100=FACE_OUTER_BOUND('',#207,.T.);
#101=FACE_OUTER_BOUND('',#208,.T.);
#102=FACE_OUTER_BOUND('',#209,.T.);
#103=FACE_OUTER_BOUND('',#210,.T.);
#104=FACE_OUTER_BOUND('',#213,.T.);
#105=FACE_OUTER_BOUND('',#214,.T.);
#106=FACE_OUTER_BOUND('',#215,.T.);
#107=FACE_OUTER_BOUND('',#216,.T.);
#108=FACE_OUTER_BOUND('',#217,.T.);
#109=FACE_OUTER_BOUND('',#218,.T.);
#110=FACE_OUTER_BOUND('',#219,.T.);
#111=FACE_OUTER_BOUND('',#220,.T.);
#112=FACE_OUTER_BOUND('',#221,.T.);
#113=FACE_OUTER_BOUND('',#222,.T.);
#114=FACE_OUTER_BOUND('',#223,.T.);
#115=FACE_OUTER_BOUND('',#224,.T.);
#116=FACE_OUTER_BOUND('',#225,.T.);
#117=FACE_OUTER_BOUND('',#226,.T.);
#118=FACE_OUTER_BOUND('',#227,.T.);
#119=FACE_OUTER_BOUND('',#228,.T.);
#120=FACE_OUTER_BOUND('',#229,.T.);
#121=FACE_OUTER_BOUND('',#230,.T.);
#122=FACE_OUTER_BOUND('',#231,.T.);
#123=FACE_OUTER_BOUND('',#232,.T.);
#124=FACE_OUTER_BOUND('',#233,.T.);
#125=FACE_OUTER_BOUND('',#234,.T.);
#126=FACE_OUTER_BOUND('',#235,.T.);
#127=FACE_OUTER_BOUND('',#236,.T.);
#128=FACE_OUTER_BOUND('',#237,.T.);
#129=FACE_OUTER_BOUND('',#238,.T.);
#130=FACE_OUTER_BOUND('',#239,.T.);
#131=FACE_OUTER_BOUND('',#240,.T.);
#132=FACE_OUTER_BOUND('',#241,.T.);
#133=FACE_OUTER_BOUND('',#242,.T.);
#134=FACE_OUTER_BOUND('',#243,.T.);
#135=FACE_OUTER_BOUND('',#244,.T.);
#136=FACE_OUTER_BOUND('',#245,.T.);
#137=FACE_OUTER_BOUND('',#246,.T.);
#138=FACE_OUTER_BOUND('',#247,.T.);
#139=FACE_OUTER_BOUND('',#248,.T.);
#140=FACE_OUTER_BOUND('',#249,.T.);
#141=FACE_OUTER_BOUND('',#250,.T.);
#142=FACE_OUTER_BOUND('',#251,.T.);
#143=FACE_OUTER_BOUND('',#252,.T.);
#144=FACE_OUTER_BOUND('',#253,.T.);
#145=FACE_OUTER_BOUND('',#254,.T.);
#146=EDGE_LOOP('',(#1236,#1237,#1238,#1239,#1240,#1241,#1242));
#147=EDGE_LOOP('',(#1243,#1244,#1245,#1246));
#148=EDGE_LOOP('',(#1247,#1248,#1249,#1250,#1251,#1252,#1253));
#149=EDGE_LOOP('',(#1254,#1255,#1256,#1257,#1258,#1259,#1260,#1261,#1262,
#1263,#1264,#1265,#1266));
#150=EDGE_LOOP('',(#1267,#1268,#1269,#1270));
#151=EDGE_LOOP('',(#1271,#1272,#1273,#1274,#1275,#1276,#1277,#1278,#1279,
#1280,#1281,#1282,#1283,#1284,#1285));
#152=EDGE_LOOP('',(#1286,#1287,#1288,#1289));
#153=EDGE_LOOP('',(#1290,#1291,#1292,#1293));
#154=EDGE_LOOP('',(#1294,#1295,#1296,#1297));
#155=EDGE_LOOP('',(#1298,#1299,#1300,#1301));
#156=EDGE_LOOP('',(#1302,#1303,#1304,#1305));
#157=EDGE_LOOP('',(#1306,#1307,#1308,#1309,#1310));
#158=EDGE_LOOP('',(#1311,#1312,#1313,#1314,#1315,#1316,#1317,#1318,#1319,
#1320,#1321,#1322,#1323,#1324));
#159=EDGE_LOOP('',(#1325));
#160=EDGE_LOOP('',(#1326));
#161=EDGE_LOOP('',(#1327,#1328,#1329,#1330,#1331));
#162=EDGE_LOOP('',(#1332,#1333,#1334,#1335));
#163=EDGE_LOOP('',(#1336,#1337,#1338,#1339));
#164=EDGE_LOOP('',(#1340,#1341,#1342,#1343,#1344,#1345,#1346,#1347,#1348));
#165=EDGE_LOOP('',(#1349,#1350,#1351,#1352,#1353,#1354,#1355,#1356,#1357));
#166=EDGE_LOOP('',(#1358,#1359,#1360,#1361));
#167=EDGE_LOOP('',(#1362,#1363,#1364,#1365));
#168=EDGE_LOOP('',(#1366,#1367,#1368,#1369));
#169=EDGE_LOOP('',(#1370,#1371,#1372,#1373));
#170=EDGE_LOOP('',(#1374,#1375,#1376,#1377));
#171=EDGE_LOOP('',(#1378,#1379,#1380,#1381));
#172=EDGE_LOOP('',(#1382,#1383,#1384,#1385));
#173=EDGE_LOOP('',(#1386,#1387,#1388,#1389));
#174=EDGE_LOOP('',(#1390,#1391,#1392,#1393));
#175=EDGE_LOOP('',(#1394,#1395,#1396,#1397));
#176=EDGE_LOOP('',(#1398,#1399,#1400,#1401));
#177=EDGE_LOOP('',(#1402,#1403,#1404,#1405));
#178=EDGE_LOOP('',(#1406,#1407,#1408,#1409,#1410,#1411));
#179=EDGE_LOOP('',(#1412,#1413,#1414,#1415,#1416,#1417));
#180=EDGE_LOOP('',(#1418,#1419,#1420,#1421,#1422));
#181=EDGE_LOOP('',(#1423,#1424,#1425,#1426));
#182=EDGE_LOOP('',(#1427,#1428,#1429,#1430));
#183=EDGE_LOOP('',(#1431,#1432,#1433,#1434,#1435,#1436,#1437,#1438,#1439,
#1440,#1441,#1442));
#184=EDGE_LOOP('',(#1443,#1444,#1445,#1446,#1447,#1448,#1449,#1450));
#185=EDGE_LOOP('',(#1451,#1452,#1453,#1454));
#186=EDGE_LOOP('',(#1455,#1456,#1457,#1458,#1459,#1460,#1461,#1462,#1463));
#187=EDGE_LOOP('',(#1464,#1465,#1466,#1467,#1468,#1469,#1470,#1471,#1472));
#188=EDGE_LOOP('',(#1473,#1474,#1475,#1476));
#189=EDGE_LOOP('',(#1477,#1478,#1479,#1480));
#190=EDGE_LOOP('',(#1481,#1482,#1483,#1484));
#191=EDGE_LOOP('',(#1485,#1486,#1487,#1488));
#192=EDGE_LOOP('',(#1489,#1490,#1491,#1492));
#193=EDGE_LOOP('',(#1493,#1494,#1495,#1496));
#194=EDGE_LOOP('',(#1497,#1498,#1499,#1500));
#195=EDGE_LOOP('',(#1501,#1502,#1503,#1504));
#196=EDGE_LOOP('',(#1505,#1506,#1507,#1508));
#197=EDGE_LOOP('',(#1509,#1510,#1511,#1512));
#198=EDGE_LOOP('',(#1513,#1514,#1515,#1516));
#199=EDGE_LOOP('',(#1517,#1518,#1519,#1520));
#200=EDGE_LOOP('',(#1521,#1522,#1523,#1524,#1525,#1526,#1527,#1528));
#201=EDGE_LOOP('',(#1529,#1530,#1531,#1532,#1533,#1534));
#202=EDGE_LOOP('',(#1535,#1536,#1537,#1538,#1539,#1540));
#203=EDGE_LOOP('',(#1541,#1542,#1543,#1544,#1545,#1546));
#204=EDGE_LOOP('',(#1547,#1548,#1549,#1550,#1551));
#205=EDGE_LOOP('',(#1552,#1553,#1554,#1555,#1556,#1557,#1558,#1559,#1560,
#1561,#1562,#1563,#1564,#1565,#1566,#1567,#1568,#1569,#1570,#1571));
#206=EDGE_LOOP('',(#1572,#1573,#1574,#1575));
#207=EDGE_LOOP('',(#1576,#1577,#1578,#1579,#1580));
#208=EDGE_LOOP('',(#1581,#1582,#1583,#1584,#1585));
#209=EDGE_LOOP('',(#1586,#1587,#1588,#1589));
#210=EDGE_LOOP('',(#1590,#1591,#1592,#1593,#1594,#1595,#1596,#1597,#1598,
#1599,#1600,#1601,#1602,#1603));
#211=EDGE_LOOP('',(#1604));
#212=EDGE_LOOP('',(#1605));
#213=EDGE_LOOP('',(#1606,#1607,#1608,#1609));
#214=EDGE_LOOP('',(#1610,#1611,#1612,#1613));
#215=EDGE_LOOP('',(#1614,#1615,#1616,#1617));
#216=EDGE_LOOP('',(#1618,#1619,#1620,#1621));
#217=EDGE_LOOP('',(#1622,#1623,#1624,#1625));
#218=EDGE_LOOP('',(#1626,#1627,#1628,#1629));
#219=EDGE_LOOP('',(#1630,#1631,#1632,#1633));
#220=EDGE_LOOP('',(#1634,#1635,#1636,#1637));
#221=EDGE_LOOP('',(#1638,#1639,#1640,#1641));
#222=EDGE_LOOP('',(#1642,#1643,#1644,#1645));
#223=EDGE_LOOP('',(#1646,#1647,#1648,#1649));
#224=EDGE_LOOP('',(#1650,#1651,#1652,#1653,#1654,#1655,#1656,#1657));
#225=EDGE_LOOP('',(#1658,#1659,#1660,#1661));
#226=EDGE_LOOP('',(#1662,#1663,#1664,#1665));
#227=EDGE_LOOP('',(#1666,#1667,#1668,#1669,#1670,#1671,#1672,#1673));
#228=EDGE_LOOP('',(#1674,#1675,#1676,#1677));
#229=EDGE_LOOP('',(#1678,#1679,#1680,#1681));
#230=EDGE_LOOP('',(#1682,#1683,#1684,#1685));
#231=EDGE_LOOP('',(#1686,#1687,#1688,#1689));
#232=EDGE_LOOP('',(#1690,#1691,#1692,#1693));
#233=EDGE_LOOP('',(#1694,#1695,#1696,#1697));
#234=EDGE_LOOP('',(#1698,#1699,#1700,#1701));
#235=EDGE_LOOP('',(#1702,#1703,#1704,#1705));
#236=EDGE_LOOP('',(#1706,#1707,#1708,#1709));
#237=EDGE_LOOP('',(#1710,#1711,#1712,#1713));
#238=EDGE_LOOP('',(#1714,#1715,#1716,#1717));
#239=EDGE_LOOP('',(#1718,#1719,#1720,#1721));
#240=EDGE_LOOP('',(#1722,#1723,#1724,#1725));
#241=EDGE_LOOP('',(#1726,#1727,#1728,#1729));
#242=EDGE_LOOP('',(#1730,#1731,#1732,#1733));
#243=EDGE_LOOP('',(#1734,#1735,#1736,#1737));
#244=EDGE_LOOP('',(#1738,#1739,#1740,#1741));
#245=EDGE_LOOP('',(#1742,#1743,#1744,#1745));
#246=EDGE_LOOP('',(#1746,#1747,#1748,#1749));
#247=EDGE_LOOP('',(#1750,#1751,#1752,#1753));
#248=EDGE_LOOP('',(#1754,#1755,#1756,#1757));
#249=EDGE_LOOP('',(#1758,#1759,#1760,#1761));
#250=EDGE_LOOP('',(#1762,#1763,#1764,#1765,#1766,#1767));
#251=EDGE_LOOP('',(#1768,#1769,#1770,#1771));
#252=EDGE_LOOP('',(#1772,#1773,#1774,#1775));
#253=EDGE_LOOP('',(#1776,#1777,#1778,#1779));
#254=EDGE_LOOP('',(#1780,#1781,#1782,#1783));
#255=LINE('',#2632,#523);
#256=LINE('',#2634,#524);
#257=LINE('',#2636,#525);
#258=LINE('',#2638,#526);
#259=LINE('',#2640,#527);
#260=LINE('',#2642,#528);
#261=LINE('',#2643,#529);
#262=LINE('',#2646,#530);
#263=LINE('',#2648,#531);
#264=LINE('',#2649,#532);
#265=LINE('',#2652,#533);
#266=LINE('',#2654,#534);
#267=LINE('',#2656,#535);
#268=LINE('',#2658,#536);
#269=LINE('',#2660,#537);
#270=LINE('',#2661,#538);
#271=LINE('',#2664,#539);
#272=LINE('',#2666,#540);
#273=LINE('',#2668,#541);
#274=LINE('',#2670,#542);
#275=LINE('',#2672,#543);
#276=LINE('',#2674,#544);
#277=LINE('',#2676,#545);
#278=LINE('',#2678,#546);
#279=LINE('',#2680,#547);
#280=LINE('',#2682,#548);
#281=LINE('',#2684,#549);
#282=LINE('',#2685,#550);
#283=LINE('',#2688,#551);
#284=LINE('',#2689,#552);
#285=LINE('',#2692,#553);
#286=LINE('',#2694,#554);
#287=LINE('',#2696,#555);
#288=LINE('',#2698,#556);
#289=LINE('',#2700,#557);
#290=LINE('',#2702,#558);
#291=LINE('',#2704,#559);
#292=LINE('',#2706,#560);
#293=LINE('',#2708,#561);
#294=LINE('',#2710,#562);
#295=LINE('',#2712,#563);
#296=LINE('',#2714,#564);
#297=LINE('',#2715,#565);
#298=LINE('',#2717,#566);
#299=LINE('',#2718,#567);
#300=LINE('',#2722,#568);
#301=LINE('',#2724,#569);
#302=LINE('',#2725,#570);
#303=LINE('',#2728,#571);
#304=LINE('',#2730,#572);
#305=LINE('',#2731,#573);
#306=LINE('',#2734,#574);
#307=LINE('',#2736,#575);
#308=LINE('',#2737,#576);
#309=LINE('',#2740,#577);
#310=LINE('',#2741,#578);
#311=LINE('',#2742,#579);
#312=LINE('',#2745,#580);
#313=LINE('',#2747,#581);
#314=LINE('',#2749,#582);
#315=LINE('',#2751,#583);
#316=LINE('',#2753,#584);
#317=LINE('',#2755,#585);
#318=LINE('',#2757,#586);
#319=LINE('',#2759,#587);
#320=LINE('',#2761,#588);
#321=LINE('',#2763,#589);
#322=LINE('',#2765,#590);
#323=LINE('',#2766,#591);
#324=LINE('',#2772,#592);
#325=LINE('',#2773,#593);
#326=LINE('',#2778,#594);
#327=LINE('',#2780,#595);
#328=LINE('',#2782,#596);
#329=LINE('',#2783,#597);
#330=LINE('',#2786,#598);
#331=LINE('',#2788,#599);
#332=LINE('',#2790,#600);
#333=LINE('',#2792,#601);
#334=LINE('',#2794,#602);
#335=LINE('',#2796,#603);
#336=LINE('',#2798,#604);
#337=LINE('',#2799,#605);
#338=LINE('',#2802,#606);
#339=LINE('',#2804,#607);
#340=LINE('',#2806,#608);
#341=LINE('',#2808,#609);
#342=LINE('',#2810,#610);
#343=LINE('',#2812,#611);
#344=LINE('',#2814,#612);
#345=LINE('',#2815,#613);
#346=LINE('',#2818,#614);
#347=LINE('',#2820,#615);
#348=LINE('',#2821,#616);
#349=LINE('',#2824,#617);
#350=LINE('',#2826,#618);
#351=LINE('',#2827,#619);
#352=LINE('',#2830,#620);
#353=LINE('',#2831,#621);
#354=LINE('',#2835,#622);
#355=LINE('',#2837,#623);
#356=LINE('',#2839,#624);
#357=LINE('',#2840,#625);
#358=LINE('',#2842,#626);
#359=LINE('',#2843,#627);
#360=LINE('',#2845,#628);
#361=LINE('',#2848,#629);
#362=LINE('',#2850,#630);
#363=LINE('',#2851,#631);
#364=LINE('',#2854,#632);
#365=LINE('',#2856,#633);
#366=LINE('',#2857,#634);
#367=LINE('',#2859,#635);
#368=LINE('',#2862,#636);
#369=LINE('',#2864,#637);
#370=LINE('',#2865,#638);
#371=LINE('',#2867,#639);
#372=LINE('',#2870,#640);
#373=LINE('',#2871,#641);
#374=LINE('',#2873,#642);
#375=LINE('',#2874,#643);
#376=LINE('',#2876,#644);
#377=LINE('',#2878,#645);
#378=LINE('',#2880,#646);
#379=LINE('',#2882,#647);
#380=LINE('',#2885,#648);
#381=LINE('',#2887,#649);
#382=LINE('',#2889,#650);
#383=LINE('',#2891,#651);
#384=LINE('',#2892,#652);
#385=LINE('',#2895,#653);
#386=LINE('',#2897,#654);
#387=LINE('',#2899,#655);
#388=LINE('',#2900,#656);
#389=LINE('',#2903,#657);
#390=LINE('',#2905,#658);
#391=LINE('',#2906,#659);
#392=LINE('',#2909,#660);
#393=LINE('',#2911,#661);
#394=LINE('',#2913,#662);
#395=LINE('',#2915,#663);
#396=LINE('',#2917,#664);
#397=LINE('',#2918,#665);
#398=LINE('',#2921,#666);
#399=LINE('',#2923,#667);
#400=LINE('',#2925,#668);
#401=LINE('',#2927,#669);
#402=LINE('',#2929,#670);
#403=LINE('',#2931,#671);
#404=LINE('',#2932,#672);
#405=LINE('',#2935,#673);
#406=LINE('',#2937,#674);
#407=LINE('',#2938,#675);
#408=LINE('',#2941,#676);
#409=LINE('',#2943,#677);
#410=LINE('',#2944,#678);
#411=LINE('',#2947,#679);
#412=LINE('',#2948,#680);
#413=LINE('',#2951,#681);
#414=LINE('',#2953,#682);
#415=LINE('',#2954,#683);
#416=LINE('',#2956,#684);
#417=LINE('',#2958,#685);
#418=LINE('',#2961,#686);
#419=LINE('',#2963,#687);
#420=LINE('',#2964,#688);
#421=LINE('',#2967,#689);
#422=LINE('',#2969,#690);
#423=LINE('',#2970,#691);
#424=LINE('',#2972,#692);
#425=LINE('',#2975,#693);
#426=LINE('',#2977,#694);
#427=LINE('',#2978,#695);
#428=LINE('',#2980,#696);
#429=LINE('',#2983,#697);
#430=LINE('',#2984,#698);
#431=LINE('',#2986,#699);
#432=LINE('',#2988,#700);
#433=LINE('',#2989,#701);
#434=LINE('',#2992,#702);
#435=LINE('',#2994,#703);
#436=LINE('',#2996,#704);
#437=LINE('',#2999,#705);
#438=LINE('',#3002,#706);
#439=LINE('',#3003,#707);
#440=LINE('',#3008,#708);
#441=LINE('',#3012,#709);
#442=LINE('',#3014,#710);
#443=LINE('',#3016,#711);
#444=LINE('',#3018,#712);
#445=LINE('',#3020,#713);
#446=LINE('',#3022,#714);
#447=LINE('',#3024,#715);
#448=LINE('',#3026,#716);
#449=LINE('',#3027,#717);
#450=LINE('',#3031,#718);
#451=LINE('',#3035,#719);
#452=LINE('',#3037,#720);
#453=LINE('',#3040,#721);
#454=LINE('',#3042,#722);
#455=LINE('',#3043,#723);
#456=LINE('',#3046,#724);
#457=LINE('',#3047,#725);
#458=LINE('',#3049,#726);
#459=LINE('',#3052,#727);
#460=LINE('',#3054,#728);
#461=LINE('',#3055,#729);
#462=LINE('',#3058,#730);
#463=LINE('',#3060,#731);
#464=LINE('',#3061,#732);
#465=LINE('',#3064,#733);
#466=LINE('',#3065,#734);
#467=LINE('',#3067,#735);
#468=LINE('',#3070,#736);
#469=LINE('',#3071,#737);
#470=LINE('',#3074,#738);
#471=LINE('',#3076,#739);
#472=LINE('',#3078,#740);
#473=LINE('',#3080,#741);
#474=LINE('',#3082,#742);
#475=LINE('',#3084,#743);
#476=LINE('',#3085,#744);
#477=LINE('',#3088,#745);
#478=LINE('',#3089,#746);
#479=LINE('',#3092,#747);
#480=LINE('',#3093,#748);
#481=LINE('',#3096,#749);
#482=LINE('',#3098,#750);
#483=LINE('',#3100,#751);
#484=LINE('',#3102,#752);
#485=LINE('',#3104,#753);
#486=LINE('',#3105,#754);
#487=LINE('',#3109,#755);
#488=LINE('',#3110,#756);
#489=LINE('',#3111,#757);
#490=LINE('',#3114,#758);
#491=LINE('',#3115,#759);
#492=LINE('',#3116,#760);
#493=LINE('',#3119,#761);
#494=LINE('',#3120,#762);
#495=LINE('',#3122,#763);
#496=LINE('',#3123,#764);
#497=LINE('',#3127,#765);
#498=LINE('',#3128,#766);
#499=LINE('',#3129,#767);
#500=LINE('',#3132,#768);
#501=LINE('',#3133,#769);
#502=LINE('',#3135,#770);
#503=LINE('',#3137,#771);
#504=LINE('',#3140,#772);
#505=LINE('',#3141,#773);
#506=LINE('',#3143,#774);
#507=LINE('',#3144,#775);
#508=LINE('',#3147,#776);
#509=LINE('',#3149,#777);
#510=LINE('',#3152,#778);
#511=LINE('',#3153,#779);
#512=LINE('',#3155,#780);
#513=LINE('',#3157,#781);
#514=LINE('',#3159,#782);
#515=LINE('',#3161,#783);
#516=LINE('',#3164,#784);
#517=LINE('',#3168,#785);
#518=LINE('',#3169,#786);
#519=LINE('',#3171,#787);
#520=LINE('',#3173,#788);
#521=LINE('',#3175,#789);
#522=LINE('',#3177,#790);
#523=VECTOR('',#2131,10.);
#524=VECTOR('',#2132,10.);
#525=VECTOR('',#2133,10.);
#526=VECTOR('',#2134,10.);
#527=VECTOR('',#2135,10.);
#528=VECTOR('',#2136,10.);
#529=VECTOR('',#2137,10.);
#530=VECTOR('',#2140,10.);
#531=VECTOR('',#2141,10.);
#532=VECTOR('',#2142,10.);
#533=VECTOR('',#2145,10.);
#534=VECTOR('',#2146,10.);
#535=VECTOR('',#2147,10.);
#536=VECTOR('',#2148,10.);
#537=VECTOR('',#2149,10.);
#538=VECTOR('',#2150,10.);
#539=VECTOR('',#2153,10.);
#540=VECTOR('',#2154,10.);
#541=VECTOR('',#2155,10.);
#542=VECTOR('',#2156,10.);
#543=VECTOR('',#2157,10.);
#544=VECTOR('',#2158,10.);
#545=VECTOR('',#2159,10.);
#546=VECTOR('',#2160,10.);
#547=VECTOR('',#2161,10.);
#548=VECTOR('',#2162,10.);
#549=VECTOR('',#2163,10.);
#550=VECTOR('',#2164,10.);
#551=VECTOR('',#2167,10.);
#552=VECTOR('',#2168,10.);
#553=VECTOR('',#2171,10.);
#554=VECTOR('',#2172,10.);
#555=VECTOR('',#2173,10.);
#556=VECTOR('',#2174,10.);
#557=VECTOR('',#2175,10.);
#558=VECTOR('',#2176,10.);
#559=VECTOR('',#2177,10.);
#560=VECTOR('',#2178,10.);
#561=VECTOR('',#2179,10.);
#562=VECTOR('',#2180,10.);
#563=VECTOR('',#2181,10.);
#564=VECTOR('',#2182,10.);
#565=VECTOR('',#2183,10.);
#566=VECTOR('',#2186,10.);
#567=VECTOR('',#2187,10.);
#568=VECTOR('',#2192,9.99999999999999);
#569=VECTOR('',#2193,10.);
#570=VECTOR('',#2194,9.99999999999999);
#571=VECTOR('',#2197,9.99999999999999);
#572=VECTOR('',#2198,10.);
#573=VECTOR('',#2199,9.99999999999999);
#574=VECTOR('',#2202,10.);
#575=VECTOR('',#2203,10.);
#576=VECTOR('',#2204,10.);
#577=VECTOR('',#2207,10.);
#578=VECTOR('',#2208,10.);
#579=VECTOR('',#2209,10.);
#580=VECTOR('',#2212,10.);
#581=VECTOR('',#2213,10.);
#582=VECTOR('',#2214,10.);
#583=VECTOR('',#2215,10.);
#584=VECTOR('',#2216,10.);
#585=VECTOR('',#2217,10.);
#586=VECTOR('',#2218,10.);
#587=VECTOR('',#2219,10.);
#588=VECTOR('',#2220,10.);
#589=VECTOR('',#2221,10.);
#590=VECTOR('',#2222,10.);
#591=VECTOR('',#2223,10.);
#592=VECTOR('',#2230,10.);
#593=VECTOR('',#2231,10.);
#594=VECTOR('',#2236,10.);
#595=VECTOR('',#2237,10.);
#596=VECTOR('',#2238,10.);
#597=VECTOR('',#2239,10.);
#598=VECTOR('',#2242,10.);
#599=VECTOR('',#2243,10.);
#600=VECTOR('',#2244,10.);
#601=VECTOR('',#2245,10.);
#602=VECTOR('',#2246,10.);
#603=VECTOR('',#2247,10.);
#604=VECTOR('',#2248,10.);
#605=VECTOR('',#2249,10.);
#606=VECTOR('',#2252,10.);
#607=VECTOR('',#2253,10.);
#608=VECTOR('',#2254,10.);
#609=VECTOR('',#2255,10.);
#610=VECTOR('',#2256,10.);
#611=VECTOR('',#2257,10.);
#612=VECTOR('',#2258,10.);
#613=VECTOR('',#2259,10.);
#614=VECTOR('',#2262,10.);
#615=VECTOR('',#2263,10.);
#616=VECTOR('',#2264,10.);
#617=VECTOR('',#2267,10.);
#618=VECTOR('',#2268,10.);
#619=VECTOR('',#2269,10.);
#620=VECTOR('',#2272,10.);
#621=VECTOR('',#2273,10.);
#622=VECTOR('',#2276,10.);
#623=VECTOR('',#2277,10.);
#624=VECTOR('',#2278,10.);
#625=VECTOR('',#2279,10.);
#626=VECTOR('',#2282,10.);
#627=VECTOR('',#2283,10.);
#628=VECTOR('',#2286,10.);
#629=VECTOR('',#2289,10.);
#630=VECTOR('',#2290,10.);
#631=VECTOR('',#2291,10.);
#632=VECTOR('',#2294,10.);
#633=VECTOR('',#2295,10.);
#634=VECTOR('',#2296,10.);
#635=VECTOR('',#2299,10.);
#636=VECTOR('',#2302,10.);
#637=VECTOR('',#2303,10.);
#638=VECTOR('',#2304,10.);
#639=VECTOR('',#2307,10.);
#640=VECTOR('',#2310,10.);
#641=VECTOR('',#2311,10.);
#642=VECTOR('',#2314,10.);
#643=VECTOR('',#2315,10.);
#644=VECTOR('',#2318,10.);
#645=VECTOR('',#2321,10.);
#646=VECTOR('',#2324,10.);
#647=VECTOR('',#2327,10.);
#648=VECTOR('',#2330,10.);
#649=VECTOR('',#2331,10.);
#650=VECTOR('',#2332,10.);
#651=VECTOR('',#2333,10.);
#652=VECTOR('',#2334,10.);
#653=VECTOR('',#2337,10.);
#654=VECTOR('',#2338,10.);
#655=VECTOR('',#2339,10.);
#656=VECTOR('',#2340,10.);
#657=VECTOR('',#2343,10.);
#658=VECTOR('',#2344,10.);
#659=VECTOR('',#2345,10.);
#660=VECTOR('',#2348,10.);
#661=VECTOR('',#2349,10.);
#662=VECTOR('',#2350,10.);
#663=VECTOR('',#2351,10.);
#664=VECTOR('',#2352,10.);
#665=VECTOR('',#2353,10.);
#666=VECTOR('',#2356,10.);
#667=VECTOR('',#2357,10.);
#668=VECTOR('',#2358,10.);
#669=VECTOR('',#2359,10.);
#670=VECTOR('',#2360,10.);
#671=VECTOR('',#2361,10.);
#672=VECTOR('',#2362,10.);
#673=VECTOR('',#2365,10.);
#674=VECTOR('',#2366,10.);
#675=VECTOR('',#2367,10.);
#676=VECTOR('',#2370,10.);
#677=VECTOR('',#2371,10.);
#678=VECTOR('',#2372,10.);
#679=VECTOR('',#2375,10.);
#680=VECTOR('',#2376,10.);
#681=VECTOR('',#2379,10.);
#682=VECTOR('',#2380,10.);
#683=VECTOR('',#2381,10.);
#684=VECTOR('',#2384,10.);
#685=VECTOR('',#2387,10.);
#686=VECTOR('',#2390,10.);
#687=VECTOR('',#2391,10.);
#688=VECTOR('',#2392,10.);
#689=VECTOR('',#2395,10.);
#690=VECTOR('',#2396,10.);
#691=VECTOR('',#2397,10.);
#692=VECTOR('',#2400,10.);
#693=VECTOR('',#2403,10.);
#694=VECTOR('',#2404,10.);
#695=VECTOR('',#2405,10.);
#696=VECTOR('',#2408,10.);
#697=VECTOR('',#2411,10.);
#698=VECTOR('',#2412,10.);
#699=VECTOR('',#2415,10.);
#700=VECTOR('',#2418,10.);
#701=VECTOR('',#2419,10.);
#702=VECTOR('',#2424,10.);
#703=VECTOR('',#2427,10.);
#704=VECTOR('',#2430,10.);
#705=VECTOR('',#2435,10.);
#706=VECTOR('',#2438,10.);
#707=VECTOR('',#2439,10.);
#708=VECTOR('',#2444,1.89999999999988);
#709=VECTOR('',#2449,10.);
#710=VECTOR('',#2450,10.);
#711=VECTOR('',#2451,10.);
#712=VECTOR('',#2452,10.);
#713=VECTOR('',#2453,10.);
#714=VECTOR('',#2454,10.);
#715=VECTOR('',#2455,9.99999999999999);
#716=VECTOR('',#2456,10.);
#717=VECTOR('',#2457,10.);
#718=VECTOR('',#2462,1.69999999999968);
#719=VECTOR('',#2467,1.90000000000001);
#720=VECTOR('',#2470,1.69999999999998);
#721=VECTOR('',#2473,10.);
#722=VECTOR('',#2474,9.99999999999999);
#723=VECTOR('',#2475,10.);
#724=VECTOR('',#2478,10.);
#725=VECTOR('',#2479,10.);
#726=VECTOR('',#2482,10.);
#727=VECTOR('',#2485,10.);
#728=VECTOR('',#2486,10.);
#729=VECTOR('',#2487,10.);
#730=VECTOR('',#2490,10.);
#731=VECTOR('',#2491,10.);
#732=VECTOR('',#2492,10.);
#733=VECTOR('',#2495,10.);
#734=VECTOR('',#2496,10.);
#735=VECTOR('',#2499,10.);
#736=VECTOR('',#2502,10.);
#737=VECTOR('',#2503,10.);
#738=VECTOR('',#2506,10.);
#739=VECTOR('',#2507,10.);
#740=VECTOR('',#2508,10.);
#741=VECTOR('',#2509,10.);
#742=VECTOR('',#2510,10.);
#743=VECTOR('',#2511,10.);
#744=VECTOR('',#2512,10.);
#745=VECTOR('',#2515,10.);
#746=VECTOR('',#2516,10.);
#747=VECTOR('',#2519,10.);
#748=VECTOR('',#2520,10.);
#749=VECTOR('',#2523,10.);
#750=VECTOR('',#2524,10.);
#751=VECTOR('',#2525,10.);
#752=VECTOR('',#2526,10.);
#753=VECTOR('',#2527,10.);
#754=VECTOR('',#2528,10.);
#755=VECTOR('',#2531,9.99999999999999);
#756=VECTOR('',#2532,10.);
#757=VECTOR('',#2533,10.);
#758=VECTOR('',#2536,10.);
#759=VECTOR('',#2537,10.);
#760=VECTOR('',#2538,10.);
#761=VECTOR('',#2541,10.);
#762=VECTOR('',#2542,10.);
#763=VECTOR('',#2545,10.);
#764=VECTOR('',#2546,10.);
#765=VECTOR('',#2549,10.);
#766=VECTOR('',#2550,10.);
#767=VECTOR('',#2551,10.);
#768=VECTOR('',#2554,10.);
#769=VECTOR('',#2555,10.);
#770=VECTOR('',#2558,10.);
#771=VECTOR('',#2561,10.);
#772=VECTOR('',#2564,10.);
#773=VECTOR('',#2565,10.);
#774=VECTOR('',#2568,10.);
#775=VECTOR('',#2569,10.);
#776=VECTOR('',#2574,10.);
#777=VECTOR('',#2577,10.);
#778=VECTOR('',#2580,10.);
#779=VECTOR('',#2581,10.);
#780=VECTOR('',#2584,10.);
#781=VECTOR('',#2587,10.);
#782=VECTOR('',#2590,10.);
#783=VECTOR('',#2593,10.);
#784=VECTOR('',#2598,10.);
#785=VECTOR('',#2603,10.);
#786=VECTOR('',#2604,10.);
#787=VECTOR('',#2607,10.);
#788=VECTOR('',#2610,10.);
#789=VECTOR('',#2613,10.);
#790=VECTOR('',#2616,10.);
#791=VERTEX_POINT('',#2630);
#792=VERTEX_POINT('',#2631);
#793=VERTEX_POINT('',#2633);
#794=VERTEX_POINT('',#2635);
#795=VERTEX_POINT('',#2637);
#796=VERTEX_POINT('',#2639);
#797=VERTEX_POINT('',#2641);
#798=VERTEX_POINT('',#2645);
#799=VERTEX_POINT('',#2647);
#800=VERTEX_POINT('',#2651);
#801=VERTEX_POINT('',#2653);
#802=VERTEX_POINT('',#2655);
#803=VERTEX_POINT('',#2657);
#804=VERTEX_POINT('',#2659);
#805=VERTEX_POINT('',#2663);
#806=VERTEX_POINT('',#2665);
#807=VERTEX_POINT('',#2667);
#808=VERTEX_POINT('',#2669);
#809=VERTEX_POINT('',#2671);
#810=VERTEX_POINT('',#2673);
#811=VERTEX_POINT('',#2675);
#812=VERTEX_POINT('',#2677);
#813=VERTEX_POINT('',#2679);
#814=VERTEX_POINT('',#2681);
#815=VERTEX_POINT('',#2683);
#816=VERTEX_POINT('',#2687);
#817=VERTEX_POINT('',#2691);
#818=VERTEX_POINT('',#2693);
#819=VERTEX_POINT('',#2695);
#820=VERTEX_POINT('',#2697);
#821=VERTEX_POINT('',#2699);
#822=VERTEX_POINT('',#2701);
#823=VERTEX_POINT('',#2703);
#824=VERTEX_POINT('',#2705);
#825=VERTEX_POINT('',#2707);
#826=VERTEX_POINT('',#2709);
#827=VERTEX_POINT('',#2711);
#828=VERTEX_POINT('',#2713);
#829=VERTEX_POINT('',#2721);
#830=VERTEX_POINT('',#2723);
#831=VERTEX_POINT('',#2727);
#832=VERTEX_POINT('',#2729);
#833=VERTEX_POINT('',#2733);
#834=VERTEX_POINT('',#2735);
#835=VERTEX_POINT('',#2739);
#836=VERTEX_POINT('',#2744);
#837=VERTEX_POINT('',#2746);
#838=VERTEX_POINT('',#2748);
#839=VERTEX_POINT('',#2750);
#840=VERTEX_POINT('',#2752);
#841=VERTEX_POINT('',#2754);
#842=VERTEX_POINT('',#2756);
#843=VERTEX_POINT('',#2758);
#844=VERTEX_POINT('',#2760);
#845=VERTEX_POINT('',#2762);
#846=VERTEX_POINT('',#2764);
#847=VERTEX_POINT('',#2767);
#848=VERTEX_POINT('',#2769);
#849=VERTEX_POINT('',#2776);
#850=VERTEX_POINT('',#2777);
#851=VERTEX_POINT('',#2779);
#852=VERTEX_POINT('',#2781);
#853=VERTEX_POINT('',#2785);
#854=VERTEX_POINT('',#2787);
#855=VERTEX_POINT('',#2789);
#856=VERTEX_POINT('',#2791);
#857=VERTEX_POINT('',#2793);
#858=VERTEX_POINT('',#2795);
#859=VERTEX_POINT('',#2797);
#860=VERTEX_POINT('',#2801);
#861=VERTEX_POINT('',#2803);
#862=VERTEX_POINT('',#2805);
#863=VERTEX_POINT('',#2807);
#864=VERTEX_POINT('',#2809);
#865=VERTEX_POINT('',#2811);
#866=VERTEX_POINT('',#2813);
#867=VERTEX_POINT('',#2817);
#868=VERTEX_POINT('',#2819);
#869=VERTEX_POINT('',#2823);
#870=VERTEX_POINT('',#2825);
#871=VERTEX_POINT('',#2829);
#872=VERTEX_POINT('',#2833);
#873=VERTEX_POINT('',#2834);
#874=VERTEX_POINT('',#2836);
#875=VERTEX_POINT('',#2838);
#876=VERTEX_POINT('',#2847);
#877=VERTEX_POINT('',#2849);
#878=VERTEX_POINT('',#2853);
#879=VERTEX_POINT('',#2855);
#880=VERTEX_POINT('',#2861);
#881=VERTEX_POINT('',#2863);
#882=VERTEX_POINT('',#2869);
#883=VERTEX_POINT('',#2884);
#884=VERTEX_POINT('',#2886);
#885=VERTEX_POINT('',#2888);
#886=VERTEX_POINT('',#2890);
#887=VERTEX_POINT('',#2894);
#888=VERTEX_POINT('',#2896);
#889=VERTEX_POINT('',#2898);
#890=VERTEX_POINT('',#2902);
#891=VERTEX_POINT('',#2904);
#892=VERTEX_POINT('',#2908);
#893=VERTEX_POINT('',#2910);
#894=VERTEX_POINT('',#2912);
#895=VERTEX_POINT('',#2914);
#896=VERTEX_POINT('',#2916);
#897=VERTEX_POINT('',#2920);
#898=VERTEX_POINT('',#2922);
#899=VERTEX_POINT('',#2924);
#900=VERTEX_POINT('',#2926);
#901=VERTEX_POINT('',#2928);
#902=VERTEX_POINT('',#2930);
#903=VERTEX_POINT('',#2934);
#904=VERTEX_POINT('',#2936);
#905=VERTEX_POINT('',#2940);
#906=VERTEX_POINT('',#2942);
#907=VERTEX_POINT('',#2946);
#908=VERTEX_POINT('',#2950);
#909=VERTEX_POINT('',#2952);
#910=VERTEX_POINT('',#2960);
#911=VERTEX_POINT('',#2962);
#912=VERTEX_POINT('',#2966);
#913=VERTEX_POINT('',#2968);
#914=VERTEX_POINT('',#2974);
#915=VERTEX_POINT('',#2976);
#916=VERTEX_POINT('',#2982);
#917=VERTEX_POINT('',#3001);
#918=VERTEX_POINT('',#3005);
#919=VERTEX_POINT('',#3007);
#920=VERTEX_POINT('',#3011);
#921=VERTEX_POINT('',#3013);
#922=VERTEX_POINT('',#3015);
#923=VERTEX_POINT('',#3017);
#924=VERTEX_POINT('',#3019);
#925=VERTEX_POINT('',#3021);
#926=VERTEX_POINT('',#3023);
#927=VERTEX_POINT('',#3025);
#928=VERTEX_POINT('',#3028);
#929=VERTEX_POINT('',#3033);
#930=VERTEX_POINT('',#3039);
#931=VERTEX_POINT('',#3041);
#932=VERTEX_POINT('',#3045);
#933=VERTEX_POINT('',#3051);
#934=VERTEX_POINT('',#3053);
#935=VERTEX_POINT('',#3057);
#936=VERTEX_POINT('',#3059);
#937=VERTEX_POINT('',#3063);
#938=VERTEX_POINT('',#3069);
#939=VERTEX_POINT('',#3073);
#940=VERTEX_POINT('',#3075);
#941=VERTEX_POINT('',#3077);
#942=VERTEX_POINT('',#3079);
#943=VERTEX_POINT('',#3081);
#944=VERTEX_POINT('',#3083);
#945=VERTEX_POINT('',#3087);
#946=VERTEX_POINT('',#3091);
#947=VERTEX_POINT('',#3095);
#948=VERTEX_POINT('',#3097);
#949=VERTEX_POINT('',#3099);
#950=VERTEX_POINT('',#3101);
#951=VERTEX_POINT('',#3103);
#952=VERTEX_POINT('',#3107);
#953=VERTEX_POINT('',#3108);
#954=VERTEX_POINT('',#3113);
#955=VERTEX_POINT('',#3118);
#956=VERTEX_POINT('',#3125);
#957=VERTEX_POINT('',#3126);
#958=VERTEX_POINT('',#3131);
#959=VERTEX_POINT('',#3139);
#960=VERTEX_POINT('',#3151);
#961=VERTEX_POINT('',#3167);
#962=EDGE_CURVE('',#791,#792,#255,.T.);
#963=EDGE_CURVE('',#793,#792,#256,.T.);
#964=EDGE_CURVE('',#794,#793,#257,.T.);
#965=EDGE_CURVE('',#794,#795,#258,.F.);
#966=EDGE_CURVE('',#795,#796,#259,.T.);
#967=EDGE_CURVE('',#796,#797,#260,.T.);
#968=EDGE_CURVE('',#797,#791,#261,.T.);
#969=EDGE_CURVE('',#798,#791,#262,.T.);
#970=EDGE_CURVE('',#797,#799,#263,.T.);
#971=EDGE_CURVE('',#799,#798,#264,.T.);
#972=EDGE_CURVE('',#799,#800,#265,.T.);
#973=EDGE_CURVE('',#800,#801,#266,.T.);
#974=EDGE_CURVE('',#802,#801,#267,.T.);
#975=EDGE_CURVE('',#802,#803,#268,.F.);
#976=EDGE_CURVE('',#803,#804,#269,.F.);
#977=EDGE_CURVE('',#804,#798,#270,.T.);
#978=EDGE_CURVE('',#805,#791,#271,.T.);
#979=EDGE_CURVE('',#805,#806,#272,.T.);
#980=EDGE_CURVE('',#806,#807,#273,.T.);
#981=EDGE_CURVE('',#807,#808,#274,.T.);
#982=EDGE_CURVE('',#808,#809,#275,.T.);
#983=EDGE_CURVE('',#809,#810,#276,.T.);
#984=EDGE_CURVE('',#810,#811,#277,.T.);
#985=EDGE_CURVE('',#811,#812,#278,.T.);
#986=EDGE_CURVE('',#812,#813,#279,.T.);
#987=EDGE_CURVE('',#814,#813,#280,.T.);
#988=EDGE_CURVE('',#815,#814,#281,.T.);
#989=EDGE_CURVE('',#792,#815,#282,.T.);
#990=EDGE_CURVE('',#798,#816,#283,.T.);
#991=EDGE_CURVE('',#816,#805,#284,.T.);
#992=EDGE_CURVE('',#817,#804,#285,.T.);
#993=EDGE_CURVE('',#818,#817,#286,.T.);
#994=EDGE_CURVE('',#818,#819,#287,.T.);
#995=EDGE_CURVE('',#820,#819,#288,.T.);
#996=EDGE_CURVE('',#821,#820,#289,.T.);
#997=EDGE_CURVE('',#821,#822,#290,.T.);
#998=EDGE_CURVE('',#822,#823,#291,.T.);
#999=EDGE_CURVE('',#823,#824,#292,.T.);
#1000=EDGE_CURVE('',#824,#825,#293,.T.);
#1001=EDGE_CURVE('',#825,#826,#294,.T.);
#1002=EDGE_CURVE('',#826,#827,#295,.T.);
#1003=EDGE_CURVE('',#827,#828,#296,.T.);
#1004=EDGE_CURVE('',#816,#828,#297,.T.);
#1005=EDGE_CURVE('',#801,#795,#298,.T.);
#1006=EDGE_CURVE('',#800,#796,#299,.T.);
#1007=EDGE_CURVE('',#802,#829,#300,.T.);
#1008=EDGE_CURVE('',#830,#829,#301,.T.);
#1009=EDGE_CURVE('',#830,#803,#302,.T.);
#1010=EDGE_CURVE('',#793,#831,#303,.T.);
#1011=EDGE_CURVE('',#831,#832,#304,.T.);
#1012=EDGE_CURVE('',#832,#794,#305,.T.);
#1013=EDGE_CURVE('',#817,#833,#306,.T.);
#1014=EDGE_CURVE('',#833,#834,#307,.T.);
#1015=EDGE_CURVE('',#834,#818,#308,.T.);
#1016=EDGE_CURVE('',#835,#820,#309,.T.);
#1017=EDGE_CURVE('',#814,#835,#310,.T.);
#1018=EDGE_CURVE('',#813,#821,#311,.T.);
#1019=EDGE_CURVE('',#836,#834,#312,.T.);
#1020=EDGE_CURVE('',#837,#836,#313,.T.);
#1021=EDGE_CURVE('',#838,#837,#314,.T.);
#1022=EDGE_CURVE('',#839,#838,#315,.T.);
#1023=EDGE_CURVE('',#840,#839,#316,.T.);
#1024=EDGE_CURVE('',#841,#840,#317,.T.);
#1025=EDGE_CURVE('',#842,#841,#318,.T.);
#1026=EDGE_CURVE('',#843,#842,#319,.T.);
#1027=EDGE_CURVE('',#844,#843,#320,.T.);
#1028=EDGE_CURVE('',#845,#844,#321,.T.);
#1029=EDGE_CURVE('',#845,#846,#322,.T.);
#1030=EDGE_CURVE('',#846,#819,#323,.T.);
#1031=EDGE_CURVE('',#847,#847,#35,.F.);
#1032=EDGE_CURVE('',#848,#848,#36,.F.);
#1033=EDGE_CURVE('',#815,#845,#324,.T.);
#1034=EDGE_CURVE('',#846,#835,#325,.T.);
#1035=EDGE_CURVE('',#849,#850,#326,.T.);
#1036=EDGE_CURVE('',#851,#849,#327,.T.);
#1037=EDGE_CURVE('',#851,#852,#328,.T.);
#1038=EDGE_CURVE('',#852,#850,#329,.T.);
#1039=EDGE_CURVE('',#850,#853,#330,.T.);
#1040=EDGE_CURVE('',#853,#854,#331,.T.);
#1041=EDGE_CURVE('',#854,#855,#332,.T.);
#1042=EDGE_CURVE('',#855,#856,#333,.T.);
#1043=EDGE_CURVE('',#856,#857,#334,.T.);
#1044=EDGE_CURVE('',#857,#858,#335,.T.);
#1045=EDGE_CURVE('',#859,#858,#336,.T.);
#1046=EDGE_CURVE('',#849,#859,#337,.T.);
#1047=EDGE_CURVE('',#860,#851,#338,.T.);
#1048=EDGE_CURVE('',#860,#861,#339,.T.);
#1049=EDGE_CURVE('',#861,#862,#340,.T.);
#1050=EDGE_CURVE('',#862,#863,#341,.T.);
#1051=EDGE_CURVE('',#863,#864,#342,.T.);
#1052=EDGE_CURVE('',#864,#865,#343,.T.);
#1053=EDGE_CURVE('',#865,#866,#344,.T.);
#1054=EDGE_CURVE('',#866,#852,#345,.T.);
#1055=EDGE_CURVE('',#867,#860,#346,.T.);
#1056=EDGE_CURVE('',#868,#867,#347,.T.);
#1057=EDGE_CURVE('',#861,#868,#348,.T.);
#1058=EDGE_CURVE('',#859,#869,#349,.T.);
#1059=EDGE_CURVE('',#870,#858,#350,.T.);
#1060=EDGE_CURVE('',#869,#870,#351,.T.);
#1061=EDGE_CURVE('',#868,#871,#352,.T.);
#1062=EDGE_CURVE('',#871,#862,#353,.T.);
#1063=EDGE_CURVE('',#872,#873,#354,.T.);
#1064=EDGE_CURVE('',#872,#874,#355,.T.);
#1065=EDGE_CURVE('',#875,#874,#356,.T.);
#1066=EDGE_CURVE('',#873,#875,#357,.T.);
#1067=EDGE_CURVE('',#873,#854,#358,.T.);
#1068=EDGE_CURVE('',#855,#875,#359,.T.);
#1069=EDGE_CURVE('',#874,#856,#360,.T.);
#1070=EDGE_CURVE('',#876,#865,#361,.T.);
#1071=EDGE_CURVE('',#877,#864,#362,.T.);
#1072=EDGE_CURVE('',#876,#877,#363,.T.);
#1073=EDGE_CURVE('',#878,#876,#364,.T.);
#1074=EDGE_CURVE('',#879,#877,#365,.T.);
#1075=EDGE_CURVE('',#878,#879,#366,.T.);
#1076=EDGE_CURVE('',#863,#879,#367,.T.);
#1077=EDGE_CURVE('',#880,#870,#368,.T.);
#1078=EDGE_CURVE('',#881,#880,#369,.T.);
#1079=EDGE_CURVE('',#881,#869,#370,.T.);
#1080=EDGE_CURVE('',#857,#880,#371,.T.);
#1081=EDGE_CURVE('',#882,#867,#372,.T.);
#1082=EDGE_CURVE('',#882,#871,#373,.T.);
#1083=EDGE_CURVE('',#825,#872,#374,.T.);
#1084=EDGE_CURVE('',#824,#857,#375,.T.);
#1085=EDGE_CURVE('',#826,#853,#376,.T.);
#1086=EDGE_CURVE('',#823,#881,#377,.T.);
#1087=EDGE_CURVE('',#828,#806,#378,.T.);
#1088=EDGE_CURVE('',#827,#807,#379,.T.);
#1089=EDGE_CURVE('',#866,#883,#380,.T.);
#1090=EDGE_CURVE('',#884,#883,#381,.T.);
#1091=EDGE_CURVE('',#885,#884,#382,.T.);
#1092=EDGE_CURVE('',#886,#885,#383,.T.);
#1093=EDGE_CURVE('',#886,#808,#384,.T.);
#1094=EDGE_CURVE('',#878,#887,#385,.T.);
#1095=EDGE_CURVE('',#887,#888,#386,.T.);
#1096=EDGE_CURVE('',#888,#889,#387,.T.);
#1097=EDGE_CURVE('',#883,#889,#388,.T.);
#1098=EDGE_CURVE('',#890,#884,#389,.T.);
#1099=EDGE_CURVE('',#891,#890,#390,.T.);
#1100=EDGE_CURVE('',#891,#885,#391,.T.);
#1101=EDGE_CURVE('',#889,#892,#392,.T.);
#1102=EDGE_CURVE('',#892,#893,#393,.T.);
#1103=EDGE_CURVE('',#893,#894,#394,.T.);
#1104=EDGE_CURVE('',#894,#895,#395,.T.);
#1105=EDGE_CURVE('',#896,#895,#396,.T.);
#1106=EDGE_CURVE('',#890,#896,#397,.T.);
#1107=EDGE_CURVE('',#897,#891,#398,.T.);
#1108=EDGE_CURVE('',#897,#898,#399,.T.);
#1109=EDGE_CURVE('',#898,#899,#400,.T.);
#1110=EDGE_CURVE('',#899,#900,#401,.T.);
#1111=EDGE_CURVE('',#900,#901,#402,.T.);
#1112=EDGE_CURVE('',#901,#902,#403,.T.);
#1113=EDGE_CURVE('',#902,#886,#404,.T.);
#1114=EDGE_CURVE('',#903,#897,#405,.T.);
#1115=EDGE_CURVE('',#904,#903,#406,.T.);
#1116=EDGE_CURVE('',#898,#904,#407,.T.);
#1117=EDGE_CURVE('',#896,#905,#408,.T.);
#1118=EDGE_CURVE('',#906,#895,#409,.T.);
#1119=EDGE_CURVE('',#905,#906,#410,.T.);
#1120=EDGE_CURVE('',#904,#907,#411,.T.);
#1121=EDGE_CURVE('',#907,#899,#412,.T.);
#1122=EDGE_CURVE('',#887,#908,#413,.T.);
#1123=EDGE_CURVE('',#909,#908,#414,.T.);
#1124=EDGE_CURVE('',#888,#909,#415,.T.);
#1125=EDGE_CURVE('',#892,#909,#416,.T.);
#1126=EDGE_CURVE('',#908,#893,#417,.T.);
#1127=EDGE_CURVE('',#910,#902,#418,.T.);
#1128=EDGE_CURVE('',#911,#901,#419,.T.);
#1129=EDGE_CURVE('',#910,#911,#420,.T.);
#1130=EDGE_CURVE('',#912,#910,#421,.T.);
#1131=EDGE_CURVE('',#913,#911,#422,.T.);
#1132=EDGE_CURVE('',#912,#913,#423,.T.);
#1133=EDGE_CURVE('',#900,#913,#424,.T.);
#1134=EDGE_CURVE('',#914,#906,#425,.T.);
#1135=EDGE_CURVE('',#915,#914,#426,.T.);
#1136=EDGE_CURVE('',#915,#905,#427,.T.);
#1137=EDGE_CURVE('',#894,#914,#428,.T.);
#1138=EDGE_CURVE('',#916,#903,#429,.T.);
#1139=EDGE_CURVE('',#916,#907,#430,.T.);
#1140=EDGE_CURVE('',#862,#894,#431,.T.);
#1141=EDGE_CURVE('',#912,#809,#432,.T.);
#1142=EDGE_CURVE('',#899,#810,#433,.T.);
#1143=EDGE_CURVE('',#915,#882,#434,.T.);
#1144=EDGE_CURVE('',#811,#916,#435,.T.);
#1145=EDGE_CURVE('',#822,#812,#436,.T.);
#1146=EDGE_CURVE('',#833,#830,#437,.T.);
#1147=EDGE_CURVE('',#917,#815,#438,.T.);
#1148=EDGE_CURVE('',#831,#917,#439,.T.);
#1149=EDGE_CURVE('',#918,#918,#37,.T.);
#1150=EDGE_CURVE('',#918,#919,#440,.T.);
#1151=EDGE_CURVE('',#919,#919,#38,.T.);
#1152=EDGE_CURVE('',#920,#832,#441,.T.);
#1153=EDGE_CURVE('',#921,#920,#442,.T.);
#1154=EDGE_CURVE('',#922,#921,#443,.T.);
#1155=EDGE_CURVE('',#923,#922,#444,.T.);
#1156=EDGE_CURVE('',#924,#923,#445,.T.);
#1157=EDGE_CURVE('',#925,#924,#446,.T.);
#1158=EDGE_CURVE('',#926,#925,#447,.T.);
#1159=EDGE_CURVE('',#927,#926,#448,.T.);
#1160=EDGE_CURVE('',#829,#927,#449,.T.);
#1161=EDGE_CURVE('',#928,#928,#39,.T.);
#1162=EDGE_CURVE('',#847,#918,#450,.T.);
#1163=EDGE_CURVE('',#929,#929,#40,.T.);
#1164=EDGE_CURVE('',#929,#928,#451,.T.);
#1165=EDGE_CURVE('',#848,#929,#452,.T.);
#1166=EDGE_CURVE('',#925,#930,#453,.T.);
#1167=EDGE_CURVE('',#930,#931,#454,.T.);
#1168=EDGE_CURVE('',#931,#926,#455,.T.);
#1169=EDGE_CURVE('',#931,#932,#456,.T.);
#1170=EDGE_CURVE('',#932,#927,#457,.T.);
#1171=EDGE_CURVE('',#932,#830,#458,.T.);
#1172=EDGE_CURVE('',#933,#922,#459,.T.);
#1173=EDGE_CURVE('',#921,#934,#460,.F.);
#1174=EDGE_CURVE('',#934,#933,#461,.T.);
#1175=EDGE_CURVE('',#935,#934,#462,.T.);
#1176=EDGE_CURVE('',#936,#935,#463,.T.);
#1177=EDGE_CURVE('',#936,#933,#464,.T.);
#1178=EDGE_CURVE('',#831,#937,#465,.T.);
#1179=EDGE_CURVE('',#937,#920,#466,.T.);
#1180=EDGE_CURVE('',#937,#934,#467,.T.);
#1181=EDGE_CURVE('',#924,#938,#468,.T.);
#1182=EDGE_CURVE('',#938,#930,#469,.T.);
#1183=EDGE_CURVE('',#939,#938,#470,.T.);
#1184=EDGE_CURVE('',#940,#939,#471,.T.);
#1185=EDGE_CURVE('',#941,#940,#472,.T.);
#1186=EDGE_CURVE('',#942,#941,#473,.T.);
#1187=EDGE_CURVE('',#943,#942,#474,.T.);
#1188=EDGE_CURVE('',#944,#943,#475,.T.);
#1189=EDGE_CURVE('',#944,#930,#476,.T.);
#1190=EDGE_CURVE('',#924,#945,#477,.T.);
#1191=EDGE_CURVE('',#939,#945,#478,.T.);
#1192=EDGE_CURVE('',#933,#946,#479,.T.);
#1193=EDGE_CURVE('',#946,#923,#480,.T.);
#1194=EDGE_CURVE('',#947,#936,#481,.T.);
#1195=EDGE_CURVE('',#948,#947,#482,.T.);
#1196=EDGE_CURVE('',#949,#948,#483,.T.);
#1197=EDGE_CURVE('',#950,#949,#484,.T.);
#1198=EDGE_CURVE('',#951,#950,#485,.T.);
#1199=EDGE_CURVE('',#946,#951,#486,.T.);
#1200=EDGE_CURVE('',#952,#953,#487,.T.);
#1201=EDGE_CURVE('',#953,#941,#488,.T.);
#1202=EDGE_CURVE('',#940,#952,#489,.T.);
#1203=EDGE_CURVE('',#837,#954,#490,.T.);
#1204=EDGE_CURVE('',#954,#944,#491,.T.);
#1205=EDGE_CURVE('',#944,#838,#492,.T.);
#1206=EDGE_CURVE('',#836,#955,#493,.T.);
#1207=EDGE_CURVE('',#955,#954,#494,.T.);
#1208=EDGE_CURVE('',#840,#947,#495,.T.);
#1209=EDGE_CURVE('',#936,#841,#496,.T.);
#1210=EDGE_CURVE('',#956,#957,#497,.T.);
#1211=EDGE_CURVE('',#957,#950,#498,.T.);
#1212=EDGE_CURVE('',#949,#956,#499,.T.);
#1213=EDGE_CURVE('',#958,#956,#500,.T.);
#1214=EDGE_CURVE('',#948,#958,#501,.T.);
#1215=EDGE_CURVE('',#840,#958,#502,.T.);
#1216=EDGE_CURVE('',#935,#842,#503,.T.);
#1217=EDGE_CURVE('',#935,#959,#504,.T.);
#1218=EDGE_CURVE('',#959,#843,#505,.T.);
#1219=EDGE_CURVE('',#959,#917,#506,.T.);
#1220=EDGE_CURVE('',#917,#844,#507,.T.);
#1221=EDGE_CURVE('',#833,#955,#508,.T.);
#1222=EDGE_CURVE('',#943,#839,#509,.T.);
#1223=EDGE_CURVE('',#960,#839,#510,.T.);
#1224=EDGE_CURVE('',#942,#960,#511,.T.);
#1225=EDGE_CURVE('',#953,#960,#512,.T.);
#1226=EDGE_CURVE('',#945,#952,#513,.T.);
#1227=EDGE_CURVE('',#954,#931,#514,.T.);
#1228=EDGE_CURVE('',#932,#955,#515,.T.);
#1229=EDGE_CURVE('',#959,#937,#516,.T.);
#1230=EDGE_CURVE('',#957,#961,#517,.T.);
#1231=EDGE_CURVE('',#961,#951,#518,.T.);
#1232=EDGE_CURVE('',#961,#945,#519,.T.);
#1233=EDGE_CURVE('',#952,#957,#520,.T.);
#1234=EDGE_CURVE('',#953,#956,#521,.T.);
#1235=EDGE_CURVE('',#958,#960,#522,.T.);
#1236=ORIENTED_EDGE('',*,*,#962,.T.);
#1237=ORIENTED_EDGE('',*,*,#963,.F.);
#1238=ORIENTED_EDGE('',*,*,#964,.F.);
#1239=ORIENTED_EDGE('',*,*,#965,.T.);
#1240=ORIENTED_EDGE('',*,*,#966,.T.);
#1241=ORIENTED_EDGE('',*,*,#967,.T.);
#1242=ORIENTED_EDGE('',*,*,#968,.T.);
#1243=ORIENTED_EDGE('',*,*,#969,.T.);
#1244=ORIENTED_EDGE('',*,*,#968,.F.);
#1245=ORIENTED_EDGE('',*,*,#970,.T.);
#1246=ORIENTED_EDGE('',*,*,#971,.T.);
#1247=ORIENTED_EDGE('',*,*,#972,.T.);
#1248=ORIENTED_EDGE('',*,*,#973,.T.);
#1249=ORIENTED_EDGE('',*,*,#974,.F.);
#1250=ORIENTED_EDGE('',*,*,#975,.T.);
#1251=ORIENTED_EDGE('',*,*,#976,.T.);
#1252=ORIENTED_EDGE('',*,*,#977,.T.);
#1253=ORIENTED_EDGE('',*,*,#971,.F.);
#1254=ORIENTED_EDGE('',*,*,#962,.F.);
#1255=ORIENTED_EDGE('',*,*,#978,.F.);
#1256=ORIENTED_EDGE('',*,*,#979,.T.);
#1257=ORIENTED_EDGE('',*,*,#980,.T.);
#1258=ORIENTED_EDGE('',*,*,#981,.T.);
#1259=ORIENTED_EDGE('',*,*,#982,.T.);
#1260=ORIENTED_EDGE('',*,*,#983,.T.);
#1261=ORIENTED_EDGE('',*,*,#984,.T.);
#1262=ORIENTED_EDGE('',*,*,#985,.T.);
#1263=ORIENTED_EDGE('',*,*,#986,.T.);
#1264=ORIENTED_EDGE('',*,*,#987,.F.);
#1265=ORIENTED_EDGE('',*,*,#988,.F.);
#1266=ORIENTED_EDGE('',*,*,#989,.F.);
#1267=ORIENTED_EDGE('',*,*,#969,.F.);
#1268=ORIENTED_EDGE('',*,*,#990,.T.);
#1269=ORIENTED_EDGE('',*,*,#991,.T.);
#1270=ORIENTED_EDGE('',*,*,#978,.T.);
#1271=ORIENTED_EDGE('',*,*,#977,.F.);
#1272=ORIENTED_EDGE('',*,*,#992,.F.);
#1273=ORIENTED_EDGE('',*,*,#993,.F.);
#1274=ORIENTED_EDGE('',*,*,#994,.T.);
#1275=ORIENTED_EDGE('',*,*,#995,.F.);
#1276=ORIENTED_EDGE('',*,*,#996,.F.);
#1277=ORIENTED_EDGE('',*,*,#997,.T.);
#1278=ORIENTED_EDGE('',*,*,#998,.T.);
#1279=ORIENTED_EDGE('',*,*,#999,.T.);
#1280=ORIENTED_EDGE('',*,*,#1000,.T.);
#1281=ORIENTED_EDGE('',*,*,#1001,.T.);
#1282=ORIENTED_EDGE('',*,*,#1002,.T.);
#1283=ORIENTED_EDGE('',*,*,#1003,.T.);
#1284=ORIENTED_EDGE('',*,*,#1004,.F.);
#1285=ORIENTED_EDGE('',*,*,#990,.F.);
#1286=ORIENTED_EDGE('',*,*,#966,.F.);
#1287=ORIENTED_EDGE('',*,*,#1005,.F.);
#1288=ORIENTED_EDGE('',*,*,#973,.F.);
#1289=ORIENTED_EDGE('',*,*,#1006,.T.);
#1290=ORIENTED_EDGE('',*,*,#967,.F.);
#1291=ORIENTED_EDGE('',*,*,#1006,.F.);
#1292=ORIENTED_EDGE('',*,*,#972,.F.);
#1293=ORIENTED_EDGE('',*,*,#970,.F.);
#1294=ORIENTED_EDGE('',*,*,#1007,.T.);
#1295=ORIENTED_EDGE('',*,*,#1008,.F.);
#1296=ORIENTED_EDGE('',*,*,#1009,.T.);
#1297=ORIENTED_EDGE('',*,*,#975,.F.);
#1298=ORIENTED_EDGE('',*,*,#1010,.T.);
#1299=ORIENTED_EDGE('',*,*,#1011,.T.);
#1300=ORIENTED_EDGE('',*,*,#1012,.T.);
#1301=ORIENTED_EDGE('',*,*,#964,.T.);
#1302=ORIENTED_EDGE('',*,*,#993,.T.);
#1303=ORIENTED_EDGE('',*,*,#1013,.T.);
#1304=ORIENTED_EDGE('',*,*,#1014,.T.);
#1305=ORIENTED_EDGE('',*,*,#1015,.T.);
#1306=ORIENTED_EDGE('',*,*,#996,.T.);
#1307=ORIENTED_EDGE('',*,*,#1016,.F.);
#1308=ORIENTED_EDGE('',*,*,#1017,.F.);
#1309=ORIENTED_EDGE('',*,*,#987,.T.);
#1310=ORIENTED_EDGE('',*,*,#1018,.T.);
#1311=ORIENTED_EDGE('',*,*,#994,.F.);
#1312=ORIENTED_EDGE('',*,*,#1015,.F.);
#1313=ORIENTED_EDGE('',*,*,#1019,.F.);
#1314=ORIENTED_EDGE('',*,*,#1020,.F.);
#1315=ORIENTED_EDGE('',*,*,#1021,.F.);
#1316=ORIENTED_EDGE('',*,*,#1022,.F.);
#1317=ORIENTED_EDGE('',*,*,#1023,.F.);
#1318=ORIENTED_EDGE('',*,*,#1024,.F.);
#1319=ORIENTED_EDGE('',*,*,#1025,.F.);
#1320=ORIENTED_EDGE('',*,*,#1026,.F.);
#1321=ORIENTED_EDGE('',*,*,#1027,.F.);
#1322=ORIENTED_EDGE('',*,*,#1028,.F.);
#1323=ORIENTED_EDGE('',*,*,#1029,.T.);
#1324=ORIENTED_EDGE('',*,*,#1030,.T.);
#1325=ORIENTED_EDGE('',*,*,#1031,.F.);
#1326=ORIENTED_EDGE('',*,*,#1032,.F.);
#1327=ORIENTED_EDGE('',*,*,#1029,.F.);
#1328=ORIENTED_EDGE('',*,*,#1033,.F.);
#1329=ORIENTED_EDGE('',*,*,#988,.T.);
#1330=ORIENTED_EDGE('',*,*,#1017,.T.);
#1331=ORIENTED_EDGE('',*,*,#1034,.F.);
#1332=ORIENTED_EDGE('',*,*,#995,.T.);
#1333=ORIENTED_EDGE('',*,*,#1030,.F.);
#1334=ORIENTED_EDGE('',*,*,#1034,.T.);
#1335=ORIENTED_EDGE('',*,*,#1016,.T.);
#1336=ORIENTED_EDGE('',*,*,#1035,.F.);
#1337=ORIENTED_EDGE('',*,*,#1036,.F.);
#1338=ORIENTED_EDGE('',*,*,#1037,.T.);
#1339=ORIENTED_EDGE('',*,*,#1038,.T.);
#1340=ORIENTED_EDGE('',*,*,#1035,.T.);
#1341=ORIENTED_EDGE('',*,*,#1039,.T.);
#1342=ORIENTED_EDGE('',*,*,#1040,.T.);
#1343=ORIENTED_EDGE('',*,*,#1041,.T.);
#1344=ORIENTED_EDGE('',*,*,#1042,.T.);
#1345=ORIENTED_EDGE('',*,*,#1043,.T.);
#1346=ORIENTED_EDGE('',*,*,#1044,.T.);
#1347=ORIENTED_EDGE('',*,*,#1045,.F.);
#1348=ORIENTED_EDGE('',*,*,#1046,.F.);
#1349=ORIENTED_EDGE('',*,*,#1037,.F.);
#1350=ORIENTED_EDGE('',*,*,#1047,.F.);
#1351=ORIENTED_EDGE('',*,*,#1048,.T.);
#1352=ORIENTED_EDGE('',*,*,#1049,.T.);
#1353=ORIENTED_EDGE('',*,*,#1050,.T.);
#1354=ORIENTED_EDGE('',*,*,#1051,.T.);
#1355=ORIENTED_EDGE('',*,*,#1052,.T.);
#1356=ORIENTED_EDGE('',*,*,#1053,.T.);
#1357=ORIENTED_EDGE('',*,*,#1054,.T.);
#1358=ORIENTED_EDGE('',*,*,#1055,.F.);
#1359=ORIENTED_EDGE('',*,*,#1056,.F.);
#1360=ORIENTED_EDGE('',*,*,#1057,.F.);
#1361=ORIENTED_EDGE('',*,*,#1048,.F.);
#1362=ORIENTED_EDGE('',*,*,#1058,.F.);
#1363=ORIENTED_EDGE('',*,*,#1045,.T.);
#1364=ORIENTED_EDGE('',*,*,#1059,.F.);
#1365=ORIENTED_EDGE('',*,*,#1060,.F.);
#1366=ORIENTED_EDGE('',*,*,#1057,.T.);
#1367=ORIENTED_EDGE('',*,*,#1061,.T.);
#1368=ORIENTED_EDGE('',*,*,#1062,.T.);
#1369=ORIENTED_EDGE('',*,*,#1049,.F.);
#1370=ORIENTED_EDGE('',*,*,#1063,.F.);
#1371=ORIENTED_EDGE('',*,*,#1064,.T.);
#1372=ORIENTED_EDGE('',*,*,#1065,.F.);
#1373=ORIENTED_EDGE('',*,*,#1066,.F.);
#1374=ORIENTED_EDGE('',*,*,#1067,.F.);
#1375=ORIENTED_EDGE('',*,*,#1066,.T.);
#1376=ORIENTED_EDGE('',*,*,#1068,.F.);
#1377=ORIENTED_EDGE('',*,*,#1041,.F.);
#1378=ORIENTED_EDGE('',*,*,#1069,.T.);
#1379=ORIENTED_EDGE('',*,*,#1042,.F.);
#1380=ORIENTED_EDGE('',*,*,#1068,.T.);
#1381=ORIENTED_EDGE('',*,*,#1065,.T.);
#1382=ORIENTED_EDGE('',*,*,#1070,.T.);
#1383=ORIENTED_EDGE('',*,*,#1052,.F.);
#1384=ORIENTED_EDGE('',*,*,#1071,.F.);
#1385=ORIENTED_EDGE('',*,*,#1072,.F.);
#1386=ORIENTED_EDGE('',*,*,#1073,.T.);
#1387=ORIENTED_EDGE('',*,*,#1072,.T.);
#1388=ORIENTED_EDGE('',*,*,#1074,.F.);
#1389=ORIENTED_EDGE('',*,*,#1075,.F.);
#1390=ORIENTED_EDGE('',*,*,#1074,.T.);
#1391=ORIENTED_EDGE('',*,*,#1071,.T.);
#1392=ORIENTED_EDGE('',*,*,#1051,.F.);
#1393=ORIENTED_EDGE('',*,*,#1076,.T.);
#1394=ORIENTED_EDGE('',*,*,#1060,.T.);
#1395=ORIENTED_EDGE('',*,*,#1077,.F.);
#1396=ORIENTED_EDGE('',*,*,#1078,.F.);
#1397=ORIENTED_EDGE('',*,*,#1079,.T.);
#1398=ORIENTED_EDGE('',*,*,#1059,.T.);
#1399=ORIENTED_EDGE('',*,*,#1044,.F.);
#1400=ORIENTED_EDGE('',*,*,#1080,.T.);
#1401=ORIENTED_EDGE('',*,*,#1077,.T.);
#1402=ORIENTED_EDGE('',*,*,#1056,.T.);
#1403=ORIENTED_EDGE('',*,*,#1081,.F.);
#1404=ORIENTED_EDGE('',*,*,#1082,.T.);
#1405=ORIENTED_EDGE('',*,*,#1061,.F.);
#1406=ORIENTED_EDGE('',*,*,#1083,.F.);
#1407=ORIENTED_EDGE('',*,*,#1000,.F.);
#1408=ORIENTED_EDGE('',*,*,#1084,.T.);
#1409=ORIENTED_EDGE('',*,*,#1043,.F.);
#1410=ORIENTED_EDGE('',*,*,#1069,.F.);
#1411=ORIENTED_EDGE('',*,*,#1064,.F.);
#1412=ORIENTED_EDGE('',*,*,#1040,.F.);
#1413=ORIENTED_EDGE('',*,*,#1085,.F.);
#1414=ORIENTED_EDGE('',*,*,#1001,.F.);
#1415=ORIENTED_EDGE('',*,*,#1083,.T.);
#1416=ORIENTED_EDGE('',*,*,#1063,.T.);
#1417=ORIENTED_EDGE('',*,*,#1067,.T.);
#1418=ORIENTED_EDGE('',*,*,#1084,.F.);
#1419=ORIENTED_EDGE('',*,*,#999,.F.);
#1420=ORIENTED_EDGE('',*,*,#1086,.T.);
#1421=ORIENTED_EDGE('',*,*,#1078,.T.);
#1422=ORIENTED_EDGE('',*,*,#1080,.F.);
#1423=ORIENTED_EDGE('',*,*,#1087,.T.);
#1424=ORIENTED_EDGE('',*,*,#979,.F.);
#1425=ORIENTED_EDGE('',*,*,#991,.F.);
#1426=ORIENTED_EDGE('',*,*,#1004,.T.);
#1427=ORIENTED_EDGE('',*,*,#1088,.T.);
#1428=ORIENTED_EDGE('',*,*,#980,.F.);
#1429=ORIENTED_EDGE('',*,*,#1087,.F.);
#1430=ORIENTED_EDGE('',*,*,#1003,.F.);
#1431=ORIENTED_EDGE('',*,*,#1089,.T.);
#1432=ORIENTED_EDGE('',*,*,#1090,.F.);
#1433=ORIENTED_EDGE('',*,*,#1091,.F.);
#1434=ORIENTED_EDGE('',*,*,#1092,.F.);
#1435=ORIENTED_EDGE('',*,*,#1093,.T.);
#1436=ORIENTED_EDGE('',*,*,#981,.F.);
#1437=ORIENTED_EDGE('',*,*,#1088,.F.);
#1438=ORIENTED_EDGE('',*,*,#1002,.F.);
#1439=ORIENTED_EDGE('',*,*,#1085,.T.);
#1440=ORIENTED_EDGE('',*,*,#1039,.F.);
#1441=ORIENTED_EDGE('',*,*,#1038,.F.);
#1442=ORIENTED_EDGE('',*,*,#1054,.F.);
#1443=ORIENTED_EDGE('',*,*,#1094,.T.);
#1444=ORIENTED_EDGE('',*,*,#1095,.T.);
#1445=ORIENTED_EDGE('',*,*,#1096,.T.);
#1446=ORIENTED_EDGE('',*,*,#1097,.F.);
#1447=ORIENTED_EDGE('',*,*,#1089,.F.);
#1448=ORIENTED_EDGE('',*,*,#1053,.F.);
#1449=ORIENTED_EDGE('',*,*,#1070,.F.);
#1450=ORIENTED_EDGE('',*,*,#1073,.F.);
#1451=ORIENTED_EDGE('',*,*,#1098,.F.);
#1452=ORIENTED_EDGE('',*,*,#1099,.F.);
#1453=ORIENTED_EDGE('',*,*,#1100,.T.);
#1454=ORIENTED_EDGE('',*,*,#1091,.T.);
#1455=ORIENTED_EDGE('',*,*,#1098,.T.);
#1456=ORIENTED_EDGE('',*,*,#1090,.T.);
#1457=ORIENTED_EDGE('',*,*,#1097,.T.);
#1458=ORIENTED_EDGE('',*,*,#1101,.T.);
#1459=ORIENTED_EDGE('',*,*,#1102,.T.);
#1460=ORIENTED_EDGE('',*,*,#1103,.T.);
#1461=ORIENTED_EDGE('',*,*,#1104,.T.);
#1462=ORIENTED_EDGE('',*,*,#1105,.F.);
#1463=ORIENTED_EDGE('',*,*,#1106,.F.);
#1464=ORIENTED_EDGE('',*,*,#1100,.F.);
#1465=ORIENTED_EDGE('',*,*,#1107,.F.);
#1466=ORIENTED_EDGE('',*,*,#1108,.T.);
#1467=ORIENTED_EDGE('',*,*,#1109,.T.);
#1468=ORIENTED_EDGE('',*,*,#1110,.T.);
#1469=ORIENTED_EDGE('',*,*,#1111,.T.);
#1470=ORIENTED_EDGE('',*,*,#1112,.T.);
#1471=ORIENTED_EDGE('',*,*,#1113,.T.);
#1472=ORIENTED_EDGE('',*,*,#1092,.T.);
#1473=ORIENTED_EDGE('',*,*,#1114,.F.);
#1474=ORIENTED_EDGE('',*,*,#1115,.F.);
#1475=ORIENTED_EDGE('',*,*,#1116,.F.);
#1476=ORIENTED_EDGE('',*,*,#1108,.F.);
#1477=ORIENTED_EDGE('',*,*,#1117,.F.);
#1478=ORIENTED_EDGE('',*,*,#1105,.T.);
#1479=ORIENTED_EDGE('',*,*,#1118,.F.);
#1480=ORIENTED_EDGE('',*,*,#1119,.F.);
#1481=ORIENTED_EDGE('',*,*,#1116,.T.);
#1482=ORIENTED_EDGE('',*,*,#1120,.T.);
#1483=ORIENTED_EDGE('',*,*,#1121,.T.);
#1484=ORIENTED_EDGE('',*,*,#1109,.F.);
#1485=ORIENTED_EDGE('',*,*,#1095,.F.);
#1486=ORIENTED_EDGE('',*,*,#1122,.T.);
#1487=ORIENTED_EDGE('',*,*,#1123,.F.);
#1488=ORIENTED_EDGE('',*,*,#1124,.F.);
#1489=ORIENTED_EDGE('',*,*,#1096,.F.);
#1490=ORIENTED_EDGE('',*,*,#1124,.T.);
#1491=ORIENTED_EDGE('',*,*,#1125,.F.);
#1492=ORIENTED_EDGE('',*,*,#1101,.F.);
#1493=ORIENTED_EDGE('',*,*,#1102,.F.);
#1494=ORIENTED_EDGE('',*,*,#1125,.T.);
#1495=ORIENTED_EDGE('',*,*,#1123,.T.);
#1496=ORIENTED_EDGE('',*,*,#1126,.T.);
#1497=ORIENTED_EDGE('',*,*,#1127,.T.);
#1498=ORIENTED_EDGE('',*,*,#1112,.F.);
#1499=ORIENTED_EDGE('',*,*,#1128,.F.);
#1500=ORIENTED_EDGE('',*,*,#1129,.F.);
#1501=ORIENTED_EDGE('',*,*,#1130,.T.);
#1502=ORIENTED_EDGE('',*,*,#1129,.T.);
#1503=ORIENTED_EDGE('',*,*,#1131,.F.);
#1504=ORIENTED_EDGE('',*,*,#1132,.F.);
#1505=ORIENTED_EDGE('',*,*,#1111,.F.);
#1506=ORIENTED_EDGE('',*,*,#1133,.T.);
#1507=ORIENTED_EDGE('',*,*,#1131,.T.);
#1508=ORIENTED_EDGE('',*,*,#1128,.T.);
#1509=ORIENTED_EDGE('',*,*,#1119,.T.);
#1510=ORIENTED_EDGE('',*,*,#1134,.F.);
#1511=ORIENTED_EDGE('',*,*,#1135,.F.);
#1512=ORIENTED_EDGE('',*,*,#1136,.T.);
#1513=ORIENTED_EDGE('',*,*,#1118,.T.);
#1514=ORIENTED_EDGE('',*,*,#1104,.F.);
#1515=ORIENTED_EDGE('',*,*,#1137,.T.);
#1516=ORIENTED_EDGE('',*,*,#1134,.T.);
#1517=ORIENTED_EDGE('',*,*,#1115,.T.);
#1518=ORIENTED_EDGE('',*,*,#1138,.F.);
#1519=ORIENTED_EDGE('',*,*,#1139,.T.);
#1520=ORIENTED_EDGE('',*,*,#1120,.F.);
#1521=ORIENTED_EDGE('',*,*,#1140,.T.);
#1522=ORIENTED_EDGE('',*,*,#1103,.F.);
#1523=ORIENTED_EDGE('',*,*,#1126,.F.);
#1524=ORIENTED_EDGE('',*,*,#1122,.F.);
#1525=ORIENTED_EDGE('',*,*,#1094,.F.);
#1526=ORIENTED_EDGE('',*,*,#1075,.T.);
#1527=ORIENTED_EDGE('',*,*,#1076,.F.);
#1528=ORIENTED_EDGE('',*,*,#1050,.F.);
#1529=ORIENTED_EDGE('',*,*,#983,.F.);
#1530=ORIENTED_EDGE('',*,*,#1141,.F.);
#1531=ORIENTED_EDGE('',*,*,#1132,.T.);
#1532=ORIENTED_EDGE('',*,*,#1133,.F.);
#1533=ORIENTED_EDGE('',*,*,#1110,.F.);
#1534=ORIENTED_EDGE('',*,*,#1142,.T.);
#1535=ORIENTED_EDGE('',*,*,#982,.F.);
#1536=ORIENTED_EDGE('',*,*,#1093,.F.);
#1537=ORIENTED_EDGE('',*,*,#1113,.F.);
#1538=ORIENTED_EDGE('',*,*,#1127,.F.);
#1539=ORIENTED_EDGE('',*,*,#1130,.F.);
#1540=ORIENTED_EDGE('',*,*,#1141,.T.);
#1541=ORIENTED_EDGE('',*,*,#1143,.F.);
#1542=ORIENTED_EDGE('',*,*,#1135,.T.);
#1543=ORIENTED_EDGE('',*,*,#1137,.F.);
#1544=ORIENTED_EDGE('',*,*,#1140,.F.);
#1545=ORIENTED_EDGE('',*,*,#1062,.F.);
#1546=ORIENTED_EDGE('',*,*,#1082,.F.);
#1547=ORIENTED_EDGE('',*,*,#984,.F.);
#1548=ORIENTED_EDGE('',*,*,#1142,.F.);
#1549=ORIENTED_EDGE('',*,*,#1121,.F.);
#1550=ORIENTED_EDGE('',*,*,#1139,.F.);
#1551=ORIENTED_EDGE('',*,*,#1144,.F.);
#1552=ORIENTED_EDGE('',*,*,#1145,.T.);
#1553=ORIENTED_EDGE('',*,*,#985,.F.);
#1554=ORIENTED_EDGE('',*,*,#1144,.T.);
#1555=ORIENTED_EDGE('',*,*,#1138,.T.);
#1556=ORIENTED_EDGE('',*,*,#1114,.T.);
#1557=ORIENTED_EDGE('',*,*,#1107,.T.);
#1558=ORIENTED_EDGE('',*,*,#1099,.T.);
#1559=ORIENTED_EDGE('',*,*,#1106,.T.);
#1560=ORIENTED_EDGE('',*,*,#1117,.T.);
#1561=ORIENTED_EDGE('',*,*,#1136,.F.);
#1562=ORIENTED_EDGE('',*,*,#1143,.T.);
#1563=ORIENTED_EDGE('',*,*,#1081,.T.);
#1564=ORIENTED_EDGE('',*,*,#1055,.T.);
#1565=ORIENTED_EDGE('',*,*,#1047,.T.);
#1566=ORIENTED_EDGE('',*,*,#1036,.T.);
#1567=ORIENTED_EDGE('',*,*,#1046,.T.);
#1568=ORIENTED_EDGE('',*,*,#1058,.T.);
#1569=ORIENTED_EDGE('',*,*,#1079,.F.);
#1570=ORIENTED_EDGE('',*,*,#1086,.F.);
#1571=ORIENTED_EDGE('',*,*,#998,.F.);
#1572=ORIENTED_EDGE('',*,*,#1018,.F.);
#1573=ORIENTED_EDGE('',*,*,#986,.F.);
#1574=ORIENTED_EDGE('',*,*,#1145,.F.);
#1575=ORIENTED_EDGE('',*,*,#997,.F.);
#1576=ORIENTED_EDGE('',*,*,#992,.T.);
#1577=ORIENTED_EDGE('',*,*,#976,.F.);
#1578=ORIENTED_EDGE('',*,*,#1009,.F.);
#1579=ORIENTED_EDGE('',*,*,#1146,.F.);
#1580=ORIENTED_EDGE('',*,*,#1013,.F.);
#1581=ORIENTED_EDGE('',*,*,#989,.T.);
#1582=ORIENTED_EDGE('',*,*,#1147,.F.);
#1583=ORIENTED_EDGE('',*,*,#1148,.F.);
#1584=ORIENTED_EDGE('',*,*,#1010,.F.);
#1585=ORIENTED_EDGE('',*,*,#963,.T.);
#1586=ORIENTED_EDGE('',*,*,#1149,.T.);
#1587=ORIENTED_EDGE('',*,*,#1150,.T.);
#1588=ORIENTED_EDGE('',*,*,#1151,.T.);
#1589=ORIENTED_EDGE('',*,*,#1150,.F.);
#1590=ORIENTED_EDGE('',*,*,#1005,.T.);
#1591=ORIENTED_EDGE('',*,*,#965,.F.);
#1592=ORIENTED_EDGE('',*,*,#1012,.F.);
#1593=ORIENTED_EDGE('',*,*,#1152,.F.);
#1594=ORIENTED_EDGE('',*,*,#1153,.F.);
#1595=ORIENTED_EDGE('',*,*,#1154,.F.);
#1596=ORIENTED_EDGE('',*,*,#1155,.F.);
#1597=ORIENTED_EDGE('',*,*,#1156,.F.);
#1598=ORIENTED_EDGE('',*,*,#1157,.F.);
#1599=ORIENTED_EDGE('',*,*,#1158,.F.);
#1600=ORIENTED_EDGE('',*,*,#1159,.F.);
#1601=ORIENTED_EDGE('',*,*,#1160,.F.);
#1602=ORIENTED_EDGE('',*,*,#1007,.F.);
#1603=ORIENTED_EDGE('',*,*,#974,.T.);
#1604=ORIENTED_EDGE('',*,*,#1161,.F.);
#1605=ORIENTED_EDGE('',*,*,#1151,.F.);
#1606=ORIENTED_EDGE('',*,*,#1031,.T.);
#1607=ORIENTED_EDGE('',*,*,#1162,.T.);
#1608=ORIENTED_EDGE('',*,*,#1149,.F.);
#1609=ORIENTED_EDGE('',*,*,#1162,.F.);
#1610=ORIENTED_EDGE('',*,*,#1163,.T.);
#1611=ORIENTED_EDGE('',*,*,#1164,.T.);
#1612=ORIENTED_EDGE('',*,*,#1161,.T.);
#1613=ORIENTED_EDGE('',*,*,#1164,.F.);
#1614=ORIENTED_EDGE('',*,*,#1032,.T.);
#1615=ORIENTED_EDGE('',*,*,#1165,.T.);
#1616=ORIENTED_EDGE('',*,*,#1163,.F.);
#1617=ORIENTED_EDGE('',*,*,#1165,.F.);
#1618=ORIENTED_EDGE('',*,*,#1158,.T.);
#1619=ORIENTED_EDGE('',*,*,#1166,.T.);
#1620=ORIENTED_EDGE('',*,*,#1167,.T.);
#1621=ORIENTED_EDGE('',*,*,#1168,.T.);
#1622=ORIENTED_EDGE('',*,*,#1169,.T.);
#1623=ORIENTED_EDGE('',*,*,#1170,.T.);
#1624=ORIENTED_EDGE('',*,*,#1159,.T.);
#1625=ORIENTED_EDGE('',*,*,#1168,.F.);
#1626=ORIENTED_EDGE('',*,*,#1171,.T.);
#1627=ORIENTED_EDGE('',*,*,#1008,.T.);
#1628=ORIENTED_EDGE('',*,*,#1160,.T.);
#1629=ORIENTED_EDGE('',*,*,#1170,.F.);
#1630=ORIENTED_EDGE('',*,*,#1172,.T.);
#1631=ORIENTED_EDGE('',*,*,#1154,.T.);
#1632=ORIENTED_EDGE('',*,*,#1173,.T.);
#1633=ORIENTED_EDGE('',*,*,#1174,.T.);
#1634=ORIENTED_EDGE('',*,*,#1174,.F.);
#1635=ORIENTED_EDGE('',*,*,#1175,.F.);
#1636=ORIENTED_EDGE('',*,*,#1176,.F.);
#1637=ORIENTED_EDGE('',*,*,#1177,.T.);
#1638=ORIENTED_EDGE('',*,*,#1178,.T.);
#1639=ORIENTED_EDGE('',*,*,#1179,.T.);
#1640=ORIENTED_EDGE('',*,*,#1152,.T.);
#1641=ORIENTED_EDGE('',*,*,#1011,.F.);
#1642=ORIENTED_EDGE('',*,*,#1180,.T.);
#1643=ORIENTED_EDGE('',*,*,#1173,.F.);
#1644=ORIENTED_EDGE('',*,*,#1153,.T.);
#1645=ORIENTED_EDGE('',*,*,#1179,.F.);
#1646=ORIENTED_EDGE('',*,*,#1166,.F.);
#1647=ORIENTED_EDGE('',*,*,#1157,.T.);
#1648=ORIENTED_EDGE('',*,*,#1181,.T.);
#1649=ORIENTED_EDGE('',*,*,#1182,.T.);
#1650=ORIENTED_EDGE('',*,*,#1182,.F.);
#1651=ORIENTED_EDGE('',*,*,#1183,.F.);
#1652=ORIENTED_EDGE('',*,*,#1184,.F.);
#1653=ORIENTED_EDGE('',*,*,#1185,.F.);
#1654=ORIENTED_EDGE('',*,*,#1186,.F.);
#1655=ORIENTED_EDGE('',*,*,#1187,.F.);
#1656=ORIENTED_EDGE('',*,*,#1188,.F.);
#1657=ORIENTED_EDGE('',*,*,#1189,.T.);
#1658=ORIENTED_EDGE('',*,*,#1181,.F.);
#1659=ORIENTED_EDGE('',*,*,#1190,.T.);
#1660=ORIENTED_EDGE('',*,*,#1191,.F.);
#1661=ORIENTED_EDGE('',*,*,#1183,.T.);
#1662=ORIENTED_EDGE('',*,*,#1172,.F.);
#1663=ORIENTED_EDGE('',*,*,#1192,.T.);
#1664=ORIENTED_EDGE('',*,*,#1193,.T.);
#1665=ORIENTED_EDGE('',*,*,#1155,.T.);
#1666=ORIENTED_EDGE('',*,*,#1192,.F.);
#1667=ORIENTED_EDGE('',*,*,#1177,.F.);
#1668=ORIENTED_EDGE('',*,*,#1194,.F.);
#1669=ORIENTED_EDGE('',*,*,#1195,.F.);
#1670=ORIENTED_EDGE('',*,*,#1196,.F.);
#1671=ORIENTED_EDGE('',*,*,#1197,.F.);
#1672=ORIENTED_EDGE('',*,*,#1198,.F.);
#1673=ORIENTED_EDGE('',*,*,#1199,.F.);
#1674=ORIENTED_EDGE('',*,*,#1200,.T.);
#1675=ORIENTED_EDGE('',*,*,#1201,.T.);
#1676=ORIENTED_EDGE('',*,*,#1185,.T.);
#1677=ORIENTED_EDGE('',*,*,#1202,.T.);
#1678=ORIENTED_EDGE('',*,*,#1021,.T.);
#1679=ORIENTED_EDGE('',*,*,#1203,.T.);
#1680=ORIENTED_EDGE('',*,*,#1204,.T.);
#1681=ORIENTED_EDGE('',*,*,#1205,.T.);
#1682=ORIENTED_EDGE('',*,*,#1020,.T.);
#1683=ORIENTED_EDGE('',*,*,#1206,.T.);
#1684=ORIENTED_EDGE('',*,*,#1207,.T.);
#1685=ORIENTED_EDGE('',*,*,#1203,.F.);
#1686=ORIENTED_EDGE('',*,*,#1024,.T.);
#1687=ORIENTED_EDGE('',*,*,#1208,.T.);
#1688=ORIENTED_EDGE('',*,*,#1194,.T.);
#1689=ORIENTED_EDGE('',*,*,#1209,.T.);
#1690=ORIENTED_EDGE('',*,*,#1210,.T.);
#1691=ORIENTED_EDGE('',*,*,#1211,.T.);
#1692=ORIENTED_EDGE('',*,*,#1197,.T.);
#1693=ORIENTED_EDGE('',*,*,#1212,.T.);
#1694=ORIENTED_EDGE('',*,*,#1213,.T.);
#1695=ORIENTED_EDGE('',*,*,#1212,.F.);
#1696=ORIENTED_EDGE('',*,*,#1196,.T.);
#1697=ORIENTED_EDGE('',*,*,#1214,.T.);
#1698=ORIENTED_EDGE('',*,*,#1215,.T.);
#1699=ORIENTED_EDGE('',*,*,#1214,.F.);
#1700=ORIENTED_EDGE('',*,*,#1195,.T.);
#1701=ORIENTED_EDGE('',*,*,#1208,.F.);
#1702=ORIENTED_EDGE('',*,*,#1025,.T.);
#1703=ORIENTED_EDGE('',*,*,#1209,.F.);
#1704=ORIENTED_EDGE('',*,*,#1176,.T.);
#1705=ORIENTED_EDGE('',*,*,#1216,.T.);
#1706=ORIENTED_EDGE('',*,*,#1026,.T.);
#1707=ORIENTED_EDGE('',*,*,#1216,.F.);
#1708=ORIENTED_EDGE('',*,*,#1217,.T.);
#1709=ORIENTED_EDGE('',*,*,#1218,.T.);
#1710=ORIENTED_EDGE('',*,*,#1027,.T.);
#1711=ORIENTED_EDGE('',*,*,#1218,.F.);
#1712=ORIENTED_EDGE('',*,*,#1219,.T.);
#1713=ORIENTED_EDGE('',*,*,#1220,.T.);
#1714=ORIENTED_EDGE('',*,*,#1033,.T.);
#1715=ORIENTED_EDGE('',*,*,#1028,.T.);
#1716=ORIENTED_EDGE('',*,*,#1220,.F.);
#1717=ORIENTED_EDGE('',*,*,#1147,.T.);
#1718=ORIENTED_EDGE('',*,*,#1019,.T.);
#1719=ORIENTED_EDGE('',*,*,#1014,.F.);
#1720=ORIENTED_EDGE('',*,*,#1221,.T.);
#1721=ORIENTED_EDGE('',*,*,#1206,.F.);
#1722=ORIENTED_EDGE('',*,*,#1022,.T.);
#1723=ORIENTED_EDGE('',*,*,#1205,.F.);
#1724=ORIENTED_EDGE('',*,*,#1188,.T.);
#1725=ORIENTED_EDGE('',*,*,#1222,.T.);
#1726=ORIENTED_EDGE('',*,*,#1223,.T.);
#1727=ORIENTED_EDGE('',*,*,#1222,.F.);
#1728=ORIENTED_EDGE('',*,*,#1187,.T.);
#1729=ORIENTED_EDGE('',*,*,#1224,.T.);
#1730=ORIENTED_EDGE('',*,*,#1225,.T.);
#1731=ORIENTED_EDGE('',*,*,#1224,.F.);
#1732=ORIENTED_EDGE('',*,*,#1186,.T.);
#1733=ORIENTED_EDGE('',*,*,#1201,.F.);
#1734=ORIENTED_EDGE('',*,*,#1226,.T.);
#1735=ORIENTED_EDGE('',*,*,#1202,.F.);
#1736=ORIENTED_EDGE('',*,*,#1184,.T.);
#1737=ORIENTED_EDGE('',*,*,#1191,.T.);
#1738=ORIENTED_EDGE('',*,*,#1167,.F.);
#1739=ORIENTED_EDGE('',*,*,#1189,.F.);
#1740=ORIENTED_EDGE('',*,*,#1204,.F.);
#1741=ORIENTED_EDGE('',*,*,#1227,.T.);
#1742=ORIENTED_EDGE('',*,*,#1169,.F.);
#1743=ORIENTED_EDGE('',*,*,#1227,.F.);
#1744=ORIENTED_EDGE('',*,*,#1207,.F.);
#1745=ORIENTED_EDGE('',*,*,#1228,.F.);
#1746=ORIENTED_EDGE('',*,*,#1171,.F.);
#1747=ORIENTED_EDGE('',*,*,#1228,.T.);
#1748=ORIENTED_EDGE('',*,*,#1221,.F.);
#1749=ORIENTED_EDGE('',*,*,#1146,.T.);
#1750=ORIENTED_EDGE('',*,*,#1178,.F.);
#1751=ORIENTED_EDGE('',*,*,#1148,.T.);
#1752=ORIENTED_EDGE('',*,*,#1219,.F.);
#1753=ORIENTED_EDGE('',*,*,#1229,.T.);
#1754=ORIENTED_EDGE('',*,*,#1180,.F.);
#1755=ORIENTED_EDGE('',*,*,#1229,.F.);
#1756=ORIENTED_EDGE('',*,*,#1217,.F.);
#1757=ORIENTED_EDGE('',*,*,#1175,.T.);
#1758=ORIENTED_EDGE('',*,*,#1211,.F.);
#1759=ORIENTED_EDGE('',*,*,#1230,.T.);
#1760=ORIENTED_EDGE('',*,*,#1231,.T.);
#1761=ORIENTED_EDGE('',*,*,#1198,.T.);
#1762=ORIENTED_EDGE('',*,*,#1193,.F.);
#1763=ORIENTED_EDGE('',*,*,#1199,.T.);
#1764=ORIENTED_EDGE('',*,*,#1231,.F.);
#1765=ORIENTED_EDGE('',*,*,#1232,.T.);
#1766=ORIENTED_EDGE('',*,*,#1190,.F.);
#1767=ORIENTED_EDGE('',*,*,#1156,.T.);
#1768=ORIENTED_EDGE('',*,*,#1226,.F.);
#1769=ORIENTED_EDGE('',*,*,#1232,.F.);
#1770=ORIENTED_EDGE('',*,*,#1230,.F.);
#1771=ORIENTED_EDGE('',*,*,#1233,.F.);
#1772=ORIENTED_EDGE('',*,*,#1200,.F.);
#1773=ORIENTED_EDGE('',*,*,#1233,.T.);
#1774=ORIENTED_EDGE('',*,*,#1210,.F.);
#1775=ORIENTED_EDGE('',*,*,#1234,.F.);
#1776=ORIENTED_EDGE('',*,*,#1225,.F.);
#1777=ORIENTED_EDGE('',*,*,#1234,.T.);
#1778=ORIENTED_EDGE('',*,*,#1213,.F.);
#1779=ORIENTED_EDGE('',*,*,#1235,.T.);
#1780=ORIENTED_EDGE('',*,*,#1223,.F.);
#1781=ORIENTED_EDGE('',*,*,#1235,.F.);
#1782=ORIENTED_EDGE('',*,*,#1215,.F.);
#1783=ORIENTED_EDGE('',*,*,#1023,.T.);
#1784=PLANE('',#2007);
#1785=PLANE('',#2008);
#1786=PLANE('',#2009);
#1787=PLANE('',#2010);
#1788=PLANE('',#2011);
#1789=PLANE('',#2012);
#1790=PLANE('',#2013);
#1791=PLANE('',#2014);
#1792=PLANE('',#2015);
#1793=PLANE('',#2016);
#1794=PLANE('',#2017);
#1795=PLANE('',#2018);
#1796=PLANE('',#2019);
#1797=PLANE('',#2022);
#1798=PLANE('',#2023);
#1799=PLANE('',#2024);
#1800=PLANE('',#2025);
#1801=PLANE('',#2026);
#1802=PLANE('',#2027);
#1803=PLANE('',#2028);
#1804=PLANE('',#2029);
#1805=PLANE('',#2030);
#1806=PLANE('',#2031);
#1807=PLANE('',#2032);
#1808=PLANE('',#2033);
#1809=PLANE('',#2034);
#1810=PLANE('',#2035);
#1811=PLANE('',#2036);
#1812=PLANE('',#2037);
#1813=PLANE('',#2038);
#1814=PLANE('',#2039);
#1815=PLANE('',#2040);
#1816=PLANE('',#2041);
#1817=PLANE('',#2042);
#1818=PLANE('',#2043);
#1819=PLANE('',#2044);
#1820=PLANE('',#2045);
#1821=PLANE('',#2046);
#1822=PLANE('',#2047);
#1823=PLANE('',#2048);
#1824=PLANE('',#2049);
#1825=PLANE('',#2050);
#1826=PLANE('',#2051);
#1827=PLANE('',#2052);
#1828=PLANE('',#2053);
#1829=PLANE('',#2054);
#1830=PLANE('',#2055);
#1831=PLANE('',#2056);
#1832=PLANE('',#2057);
#1833=PLANE('',#2058);
#1834=PLANE('',#2059);
#1835=PLANE('',#2060);
#1836=PLANE('',#2061);
#1837=PLANE('',#2062);
#1838=PLANE('',#2063);
#1839=PLANE('',#2064);
#1840=PLANE('',#2065);
#1841=PLANE('',#2066);
#1842=PLANE('',#2067);
#1843=PLANE('',#2068);
#1844=PLANE('',#2069);
#1845=PLANE('',#2073);
#1846=PLANE('',#2079);
#1847=PLANE('',#2080);
#1848=PLANE('',#2081);
#1849=PLANE('',#2082);
#1850=PLANE('',#2083);
#1851=PLANE('',#2084);
#1852=PLANE('',#2085);
#1853=PLANE('',#2086);
#1854=PLANE('',#2087);
#1855=PLANE('',#2088);
#1856=PLANE('',#2089);
#1857=PLANE('',#2090);
#1858=PLANE('',#2091);
#1859=PLANE('',#2092);
#1860=PLANE('',#2093);
#1861=PLANE('',#2094);
#1862=PLANE('',#2095);
#1863=PLANE('',#2096);
#1864=PLANE('',#2097);
#1865=PLANE('',#2098);
#1866=PLANE('',#2099);
#1867=PLANE('',#2100);
#1868=PLANE('',#2101);
#1869=PLANE('',#2102);
#1870=PLANE('',#2103);
#1871=PLANE('',#2104);
#1872=PLANE('',#2105);
#1873=PLANE('',#2106);
#1874=PLANE('',#2107);
#1875=PLANE('',#2108);
#1876=PLANE('',#2109);
#1877=PLANE('',#2110);
#1878=PLANE('',#2111);
#1879=PLANE('',#2112);
#1880=PLANE('',#2113);
#1881=PLANE('',#2114);
#1882=PLANE('',#2115);
#1883=PLANE('',#2116);
#1884=PLANE('',#2117);
#1885=ADVANCED_FACE('',(#41),#1784,.T.);
#1886=ADVANCED_FACE('',(#42),#1785,.T.);
#1887=ADVANCED_FACE('',(#43),#1786,.T.);
#1888=ADVANCED_FACE('',(#44),#1787,.T.);
#1889=ADVANCED_FACE('',(#45),#1788,.T.);
#1890=ADVANCED_FACE('',(#46),#1789,.T.);
#1891=ADVANCED_FACE('',(#47),#1790,.T.);
#1892=ADVANCED_FACE('',(#48),#1791,.T.);
#1893=ADVANCED_FACE('',(#49),#1792,.T.);
#1894=ADVANCED_FACE('',(#50),#1793,.T.);
#1895=ADVANCED_FACE('',(#51),#1794,.T.);
#1896=ADVANCED_FACE('',(#52),#1795,.T.);
#1897=ADVANCED_FACE('',(#53,#31,#32),#1796,.T.);
#1898=ADVANCED_FACE('',(#54),#1797,.T.);
#1899=ADVANCED_FACE('',(#55),#1798,.T.);
#1900=ADVANCED_FACE('',(#56),#1799,.F.);
#1901=ADVANCED_FACE('',(#57),#1800,.F.);
#1902=ADVANCED_FACE('',(#58),#1801,.F.);
#1903=ADVANCED_FACE('',(#59),#1802,.F.);
#1904=ADVANCED_FACE('',(#60),#1803,.F.);
#1905=ADVANCED_FACE('',(#61),#1804,.T.);
#1906=ADVANCED_FACE('',(#62),#1805,.T.);
#1907=ADVANCED_FACE('',(#63),#1806,.T.);
#1908=ADVANCED_FACE('',(#64),#1807,.T.);
#1909=ADVANCED_FACE('',(#65),#1808,.T.);
#1910=ADVANCED_FACE('',(#66),#1809,.T.);
#1911=ADVANCED_FACE('',(#67),#1810,.T.);
#1912=ADVANCED_FACE('',(#68),#1811,.T.);
#1913=ADVANCED_FACE('',(#69),#1812,.T.);
#1914=ADVANCED_FACE('',(#70),#1813,.T.);
#1915=ADVANCED_FACE('',(#71),#1814,.F.);
#1916=ADVANCED_FACE('',(#72),#1815,.F.);
#1917=ADVANCED_FACE('',(#73),#1816,.F.);
#1918=ADVANCED_FACE('',(#74),#1817,.F.);
#1919=ADVANCED_FACE('',(#75),#1818,.F.);
#1920=ADVANCED_FACE('',(#76),#1819,.F.);
#1921=ADVANCED_FACE('',(#77),#1820,.F.);
#1922=ADVANCED_FACE('',(#78),#1821,.F.);
#1923=ADVANCED_FACE('',(#79),#1822,.F.);
#1924=ADVANCED_FACE('',(#80),#1823,.F.);
#1925=ADVANCED_FACE('',(#81),#1824,.F.);
#1926=ADVANCED_FACE('',(#82),#1825,.F.);
#1927=ADVANCED_FACE('',(#83),#1826,.T.);
#1928=ADVANCED_FACE('',(#84),#1827,.T.);
#1929=ADVANCED_FACE('',(#85),#1828,.T.);
#1930=ADVANCED_FACE('',(#86),#1829,.T.);
#1931=ADVANCED_FACE('',(#87),#1830,.T.);
#1932=ADVANCED_FACE('',(#88),#1831,.T.);
#1933=ADVANCED_FACE('',(#89),#1832,.T.);
#1934=ADVANCED_FACE('',(#90),#1833,.T.);
#1935=ADVANCED_FACE('',(#91),#1834,.T.);
#1936=ADVANCED_FACE('',(#92),#1835,.T.);
#1937=ADVANCED_FACE('',(#93),#1836,.F.);
#1938=ADVANCED_FACE('',(#94),#1837,.F.);
#1939=ADVANCED_FACE('',(#95),#1838,.F.);
#1940=ADVANCED_FACE('',(#96),#1839,.F.);
#1941=ADVANCED_FACE('',(#97),#1840,.F.);
#1942=ADVANCED_FACE('',(#98),#1841,.T.);
#1943=ADVANCED_FACE('',(#99),#1842,.T.);
#1944=ADVANCED_FACE('',(#100),#1843,.T.);
#1945=ADVANCED_FACE('',(#101),#1844,.T.);
#1946=ADVANCED_FACE('',(#102),#29,.F.);
#1947=ADVANCED_FACE('',(#103,#33,#34),#1845,.T.);
#1948=ADVANCED_FACE('',(#104),#27,.F.);
#1949=ADVANCED_FACE('',(#105),#30,.F.);
#1950=ADVANCED_FACE('',(#106),#28,.F.);
#1951=ADVANCED_FACE('',(#107),#1846,.T.);
#1952=ADVANCED_FACE('',(#108),#1847,.T.);
#1953=ADVANCED_FACE('',(#109),#1848,.T.);
#1954=ADVANCED_FACE('',(#110),#1849,.T.);
#1955=ADVANCED_FACE('',(#111),#1850,.T.);
#1956=ADVANCED_FACE('',(#112),#1851,.T.);
#1957=ADVANCED_FACE('',(#113),#1852,.T.);
#1958=ADVANCED_FACE('',(#114),#1853,.T.);
#1959=ADVANCED_FACE('',(#115),#1854,.T.);
#1960=ADVANCED_FACE('',(#116),#1855,.T.);
#1961=ADVANCED_FACE('',(#117),#1856,.T.);
#1962=ADVANCED_FACE('',(#118),#1857,.T.);
#1963=ADVANCED_FACE('',(#119),#1858,.T.);
#1964=ADVANCED_FACE('',(#120),#1859,.T.);
#1965=ADVANCED_FACE('',(#121),#1860,.T.);
#1966=ADVANCED_FACE('',(#122),#1861,.T.);
#1967=ADVANCED_FACE('',(#123),#1862,.T.);
#1968=ADVANCED_FACE('',(#124),#1863,.T.);
#1969=ADVANCED_FACE('',(#125),#1864,.T.);
#1970=ADVANCED_FACE('',(#126),#1865,.T.);
#1971=ADVANCED_FACE('',(#127),#1866,.T.);
#1972=ADVANCED_FACE('',(#128),#1867,.T.);
#1973=ADVANCED_FACE('',(#129),#1868,.T.);
#1974=ADVANCED_FACE('',(#130),#1869,.T.);
#1975=ADVANCED_FACE('',(#131),#1870,.T.);
#1976=ADVANCED_FACE('',(#132),#1871,.T.);
#1977=ADVANCED_FACE('',(#133),#1872,.T.);
#1978=ADVANCED_FACE('',(#134),#1873,.T.);
#1979=ADVANCED_FACE('',(#135),#1874,.T.);
#1980=ADVANCED_FACE('',(#136),#1875,.T.);
#1981=ADVANCED_FACE('',(#137),#1876,.T.);
#1982=ADVANCED_FACE('',(#138),#1877,.T.);
#1983=ADVANCED_FACE('',(#139),#1878,.T.);
#1984=ADVANCED_FACE('',(#140),#1879,.T.);
#1985=ADVANCED_FACE('',(#141),#1880,.T.);
#1986=ADVANCED_FACE('',(#142),#1881,.T.);
#1987=ADVANCED_FACE('',(#143),#1882,.T.);
#1988=ADVANCED_FACE('',(#144),#1883,.T.);
#1989=ADVANCED_FACE('',(#145),#1884,.T.);
#1990=CLOSED_SHELL('',(#1885,#1886,#1887,#1888,#1889,#1890,#1891,#1892,
#1893,#1894,#1895,#1896,#1897,#1898,#1899,#1900,#1901,#1902,#1903,#1904,
#1905,#1906,#1907,#1908,#1909,#1910,#1911,#1912,#1913,#1914,#1915,#1916,
#1917,#1918,#1919,#1920,#1921,#1922,#1923,#1924,#1925,#1926,#1927,#1928,
#1929,#1930,#1931,#1932,#1933,#1934,#1935,#1936,#1937,#1938,#1939,#1940,
#1941,#1942,#1943,#1944,#1945,#1946,#1947,#1948,#1949,#1950,#1951,#1952,
#1953,#1954,#1955,#1956,#1957,#1958,#1959,#1960,#1961,#1962,#1963,#1964,
#1965,#1966,#1967,#1968,#1969,#1970,#1971,#1972,#1973,#1974,#1975,#1976,
#1977,#1978,#1979,#1980,#1981,#1982,#1983,#1984,#1985,#1986,#1987,#1988,
#1989));
#1991=DERIVED_UNIT_ELEMENT(#1993,1.);
#1992=DERIVED_UNIT_ELEMENT(#3193,-3.);
#1993=(
MASS_UNIT()
NAMED_UNIT(*)
SI_UNIT(.KILO.,.GRAM.)
);
#1994=DERIVED_UNIT((#1991,#1992));
#1995=MEASURE_REPRESENTATION_ITEM('density measure',
POSITIVE_RATIO_MEASURE(7850.),#1994);
#1996=PROPERTY_DEFINITION_REPRESENTATION(#2001,#1998);
#1997=PROPERTY_DEFINITION_REPRESENTATION(#2002,#1999);
#1998=REPRESENTATION('material name',(#2000),#3190);
#1999=REPRESENTATION('density',(#1995),#3190);
#2000=DESCRIPTIVE_REPRESENTATION_ITEM('Steel','Steel');
#2001=PROPERTY_DEFINITION('material property','material name',#3215);
#2002=PROPERTY_DEFINITION('material property','density of part',#3215);
#2003=AXIS2_PLACEMENT_3D('',#2625,#2121,#2122);
#2004=AXIS2_PLACEMENT_3D('',#2626,#2123,#2124);
#2005=AXIS2_PLACEMENT_3D('',#2627,#2125,#2126);
#2006=AXIS2_PLACEMENT_3D('',#2628,#2127,#2128);
#2007=AXIS2_PLACEMENT_3D('',#2629,#2129,#2130);
#2008=AXIS2_PLACEMENT_3D('',#2644,#2138,#2139);
#2009=AXIS2_PLACEMENT_3D('',#2650,#2143,#2144);
#2010=AXIS2_PLACEMENT_3D('',#2662,#2151,#2152);
#2011=AXIS2_PLACEMENT_3D('',#2686,#2165,#2166);
#2012=AXIS2_PLACEMENT_3D('',#2690,#2169,#2170);
#2013=AXIS2_PLACEMENT_3D('',#2716,#2184,#2185);
#2014=AXIS2_PLACEMENT_3D('',#2719,#2188,#2189);
#2015=AXIS2_PLACEMENT_3D('',#2720,#2190,#2191);
#2016=AXIS2_PLACEMENT_3D('',#2726,#2195,#2196);
#2017=AXIS2_PLACEMENT_3D('',#2732,#2200,#2201);
#2018=AXIS2_PLACEMENT_3D('',#2738,#2205,#2206);
#2019=AXIS2_PLACEMENT_3D('',#2743,#2210,#2211);
#2020=AXIS2_PLACEMENT_3D('',#2768,#2224,#2225);
#2021=AXIS2_PLACEMENT_3D('',#2770,#2226,#2227);
#2022=AXIS2_PLACEMENT_3D('',#2771,#2228,#2229);
#2023=AXIS2_PLACEMENT_3D('',#2774,#2232,#2233);
#2024=AXIS2_PLACEMENT_3D('',#2775,#2234,#2235);
#2025=AXIS2_PLACEMENT_3D('',#2784,#2240,#2241);
#2026=AXIS2_PLACEMENT_3D('',#2800,#2250,#2251);
#2027=AXIS2_PLACEMENT_3D('',#2816,#2260,#2261);
#2028=AXIS2_PLACEMENT_3D('',#2822,#2265,#2266);
#2029=AXIS2_PLACEMENT_3D('',#2828,#2270,#2271);
#2030=AXIS2_PLACEMENT_3D('',#2832,#2274,#2275);
#2031=AXIS2_PLACEMENT_3D('',#2841,#2280,#2281);
#2032=AXIS2_PLACEMENT_3D('',#2844,#2284,#2285);
#2033=AXIS2_PLACEMENT_3D('',#2846,#2287,#2288);
#2034=AXIS2_PLACEMENT_3D('',#2852,#2292,#2293);
#2035=AXIS2_PLACEMENT_3D('',#2858,#2297,#2298);
#2036=AXIS2_PLACEMENT_3D('',#2860,#2300,#2301);
#2037=AXIS2_PLACEMENT_3D('',#2866,#2305,#2306);
#2038=AXIS2_PLACEMENT_3D('',#2868,#2308,#2309);
#2039=AXIS2_PLACEMENT_3D('',#2872,#2312,#2313);
#2040=AXIS2_PLACEMENT_3D('',#2875,#2316,#2317);
#2041=AXIS2_PLACEMENT_3D('',#2877,#2319,#2320);
#2042=AXIS2_PLACEMENT_3D('',#2879,#2322,#2323);
#2043=AXIS2_PLACEMENT_3D('',#2881,#2325,#2326);
#2044=AXIS2_PLACEMENT_3D('',#2883,#2328,#2329);
#2045=AXIS2_PLACEMENT_3D('',#2893,#2335,#2336);
#2046=AXIS2_PLACEMENT_3D('',#2901,#2341,#2342);
#2047=AXIS2_PLACEMENT_3D('',#2907,#2346,#2347);
#2048=AXIS2_PLACEMENT_3D('',#2919,#2354,#2355);
#2049=AXIS2_PLACEMENT_3D('',#2933,#2363,#2364);
#2050=AXIS2_PLACEMENT_3D('',#2939,#2368,#2369);
#2051=AXIS2_PLACEMENT_3D('',#2945,#2373,#2374);
#2052=AXIS2_PLACEMENT_3D('',#2949,#2377,#2378);
#2053=AXIS2_PLACEMENT_3D('',#2955,#2382,#2383);
#2054=AXIS2_PLACEMENT_3D('',#2957,#2385,#2386);
#2055=AXIS2_PLACEMENT_3D('',#2959,#2388,#2389);
#2056=AXIS2_PLACEMENT_3D('',#2965,#2393,#2394);
#2057=AXIS2_PLACEMENT_3D('',#2971,#2398,#2399);
#2058=AXIS2_PLACEMENT_3D('',#2973,#2401,#2402);
#2059=AXIS2_PLACEMENT_3D('',#2979,#2406,#2407);
#2060=AXIS2_PLACEMENT_3D('',#2981,#2409,#2410);
#2061=AXIS2_PLACEMENT_3D('',#2985,#2413,#2414);
#2062=AXIS2_PLACEMENT_3D('',#2987,#2416,#2417);
#2063=AXIS2_PLACEMENT_3D('',#2990,#2420,#2421);
#2064=AXIS2_PLACEMENT_3D('',#2991,#2422,#2423);
#2065=AXIS2_PLACEMENT_3D('',#2993,#2425,#2426);
#2066=AXIS2_PLACEMENT_3D('',#2995,#2428,#2429);
#2067=AXIS2_PLACEMENT_3D('',#2997,#2431,#2432);
#2068=AXIS2_PLACEMENT_3D('',#2998,#2433,#2434);
#2069=AXIS2_PLACEMENT_3D('',#3000,#2436,#2437);
#2070=AXIS2_PLACEMENT_3D('',#3004,#2440,#2441);
#2071=AXIS2_PLACEMENT_3D('',#3006,#2442,#2443);
#2072=AXIS2_PLACEMENT_3D('',#3009,#2445,#2446);
#2073=AXIS2_PLACEMENT_3D('',#3010,#2447,#2448);
#2074=AXIS2_PLACEMENT_3D('',#3029,#2458,#2459);
#2075=AXIS2_PLACEMENT_3D('',#3030,#2460,#2461);
#2076=AXIS2_PLACEMENT_3D('',#3032,#2463,#2464);
#2077=AXIS2_PLACEMENT_3D('',#3034,#2465,#2466);
#2078=AXIS2_PLACEMENT_3D('',#3036,#2468,#2469);
#2079=AXIS2_PLACEMENT_3D('',#3038,#2471,#2472);
#2080=AXIS2_PLACEMENT_3D('',#3044,#2476,#2477);
#2081=AXIS2_PLACEMENT_3D('',#3048,#2480,#2481);
#2082=AXIS2_PLACEMENT_3D('',#3050,#2483,#2484);
#2083=AXIS2_PLACEMENT_3D('',#3056,#2488,#2489);
#2084=AXIS2_PLACEMENT_3D('',#3062,#2493,#2494);
#2085=AXIS2_PLACEMENT_3D('',#3066,#2497,#2498);
#2086=AXIS2_PLACEMENT_3D('',#3068,#2500,#2501);
#2087=AXIS2_PLACEMENT_3D('',#3072,#2504,#2505);
#2088=AXIS2_PLACEMENT_3D('',#3086,#2513,#2514);
#2089=AXIS2_PLACEMENT_3D('',#3090,#2517,#2518);
#2090=AXIS2_PLACEMENT_3D('',#3094,#2521,#2522);
#2091=AXIS2_PLACEMENT_3D('',#3106,#2529,#2530);
#2092=AXIS2_PLACEMENT_3D('',#3112,#2534,#2535);
#2093=AXIS2_PLACEMENT_3D('',#3117,#2539,#2540);
#2094=AXIS2_PLACEMENT_3D('',#3121,#2543,#2544);
#2095=AXIS2_PLACEMENT_3D('',#3124,#2547,#2548);
#2096=AXIS2_PLACEMENT_3D('',#3130,#2552,#2553);
#2097=AXIS2_PLACEMENT_3D('',#3134,#2556,#2557);
#2098=AXIS2_PLACEMENT_3D('',#3136,#2559,#2560);
#2099=AXIS2_PLACEMENT_3D('',#3138,#2562,#2563);
#2100=AXIS2_PLACEMENT_3D('',#3142,#2566,#2567);
#2101=AXIS2_PLACEMENT_3D('',#3145,#2570,#2571);
#2102=AXIS2_PLACEMENT_3D('',#3146,#2572,#2573);
#2103=AXIS2_PLACEMENT_3D('',#3148,#2575,#2576);
#2104=AXIS2_PLACEMENT_3D('',#3150,#2578,#2579);
#2105=AXIS2_PLACEMENT_3D('',#3154,#2582,#2583);
#2106=AXIS2_PLACEMENT_3D('',#3156,#2585,#2586);
#2107=AXIS2_PLACEMENT_3D('',#3158,#2588,#2589);
#2108=AXIS2_PLACEMENT_3D('',#3160,#2591,#2592);
#2109=AXIS2_PLACEMENT_3D('',#3162,#2594,#2595);
#2110=AXIS2_PLACEMENT_3D('',#3163,#2596,#2597);
#2111=AXIS2_PLACEMENT_3D('',#3165,#2599,#2600);
#2112=AXIS2_PLACEMENT_3D('',#3166,#2601,#2602);
#2113=AXIS2_PLACEMENT_3D('',#3170,#2605,#2606);
#2114=AXIS2_PLACEMENT_3D('',#3172,#2608,#2609);
#2115=AXIS2_PLACEMENT_3D('',#3174,#2611,#2612);
#2116=AXIS2_PLACEMENT_3D('',#3176,#2614,#2615);
#2117=AXIS2_PLACEMENT_3D('',#3178,#2617,#2618);
#2118=AXIS2_PLACEMENT_3D('',#3179,#2619,#2620);
#2119=AXIS2_PLACEMENT_3D('',#3180,#2621,#2622);
#2120=AXIS2_PLACEMENT_3D('',#3181,#2623,#2624);
#2121=DIRECTION('axis',(0.,0.,1.));
#2122=DIRECTION('refdir',(1.,0.,0.));
#2123=DIRECTION('axis',(0.,0.,1.));
#2124=DIRECTION('refdir',(1.,0.,0.));
#2125=DIRECTION('axis',(0.,0.,1.));
#2126=DIRECTION('refdir',(1.,0.,0.));
#2127=DIRECTION('axis',(0.,0.,1.));
#2128=DIRECTION('refdir',(1.,0.,0.));
#2129=DIRECTION('center_axis',(2.01499544150269E-8,0.707106781338465,-0.70710678103463));
#2130=DIRECTION('ref_axis',(-1.,0.,-2.8496338821053E-8));
#2131=DIRECTION('',(1.,-2.87118452051791E-8,-2.15506396463228E-10));
#2132=DIRECTION('',(2.07629103690702E-8,0.707106781034629,0.707106781338465));
#2133=DIRECTION('',(-0.577350252151629,0.577350285810768,0.57735026960648));
#2134=DIRECTION('',(-1.,2.93657757605756E-8,8.6943695214077E-10));
#2135=DIRECTION('',(-2.03023208549912E-8,-0.707106781034629,-0.707106781338465));
#2136=DIRECTION('',(-1.,2.87118452051791E-8,2.15506396463228E-10));
#2137=DIRECTION('',(-0.577350252571104,0.577350285601049,0.577350269396724));
#2138=DIRECTION('center_axis',(-0.707106781262711,2.04547039989036E-8,-0.707106781110384));
#2139=DIRECTION('ref_axis',(-0.707106781110384,0.,0.707106781262711));
#2140=DIRECTION('',(2.87118452052252E-8,1.,2.15474601282028E-10));
#2141=DIRECTION('',(-2.87118452052252E-8,-1.,-2.15474601282028E-10));
#2142=DIRECTION('',(-0.577350287445952,-0.577350254416632,0.577350265706293));
#2143=DIRECTION('center_axis',(-2.0454726384855E-8,-0.707106777872662,-0.707106784500432));
#2144=DIRECTION('ref_axis',(-1.,0.,2.89273513325235E-8));
#2145=DIRECTION('',(1.,-2.87118452051788E-8,-2.15506396463228E-10));
#2146=DIRECTION('',(-1.99976066343471E-8,-0.707106784500432,0.707106777872663));
#2147=DIRECTION('',(1.,-2.80579146433719E-8,-8.6943695214077E-10));
#2148=DIRECTION('',(0.577350283418668,0.577350256430273,-0.577350267719936));
#2149=DIRECTION('',(1.98417706335857E-8,0.707106784500432,-0.707106777872663));
#2150=DIRECTION('',(-1.,2.87118452051788E-8,2.15506396463228E-10));
#2151=DIRECTION('center_axis',(2.87118452052252E-8,1.,2.14075393039314E-10));
#2152=DIRECTION('ref_axis',(1.32952572387855E-16,2.14075393039314E-10,-1.));
#2153=DIRECTION('',(1.32952572387855E-16,2.14075393039314E-10,-1.));
#2154=DIRECTION('',(1.,-2.87118452051791E-8,-2.15514590377323E-10));
#2155=DIRECTION('',(1.07760921332595E-9,2.14075362098894E-10,-1.));
#2156=DIRECTION('',(1.,-2.87118452052252E-8,9.41257025162657E-17));
#2157=DIRECTION('',(-1.00272202063434E-16,-2.14075393039314E-10,1.));
#2158=DIRECTION('',(1.,-2.87118452052252E-8,9.41257025162657E-17));
#2159=DIRECTION('',(-1.00272202063434E-16,-2.14075393039314E-10,1.));
#2160=DIRECTION('',(1.,-2.87118452052252E-8,1.26806073271221E-16));
#2161=DIRECTION('',(1.32952572513573E-16,2.14075393039314E-10,-1.));
#2162=DIRECTION('',(-1.,2.87118452051791E-8,2.1551409381141E-10));
#2163=DIRECTION('',(2.15465583038111E-10,-2.14075399226042E-10,1.));
#2164=DIRECTION('',(6.51344219055197E-10,-2.14075411740608E-10,1.));
#2165=DIRECTION('center_axis',(-1.,2.87118452052252E-8,-1.26806072911551E-16));
#2166=DIRECTION('ref_axis',(1.26806073849806E-16,3.26819192368599E-17,-1.));
#2167=DIRECTION('',(-1.32992760224251E-16,-2.15475088387817E-10,1.));
#2168=DIRECTION('',(2.87118452052252E-8,1.,2.1547211730117E-10));
#2169=DIRECTION('center_axis',(-2.87118452052252E-8,-1.,-2.15475088387817E-10));
#2170=DIRECTION('ref_axis',(-1.32992760224251E-16,-2.15475088387817E-10,
1.));
#2171=DIRECTION('',(-6.51344219015009E-10,2.15475107089111E-10,-1.));
#2172=DIRECTION('',(-0.707106781493576,2.04547043499182E-8,-0.707106780879519));
#2173=DIRECTION('',(0.999999999999999,-2.87118452051784E-8,-2.1712557695274E-10));
#2174=DIRECTION('',(-2.15465417140849E-10,2.15475094574226E-10,-1.));
#2175=DIRECTION('',(1.,-2.87118452051788E-8,-2.1551409381141E-10));
#2176=DIRECTION('',(-1.32992760347977E-16,-2.15475088387817E-10,1.));
#2177=DIRECTION('',(-1.,2.87118452052252E-8,-1.26806073271221E-16));
#2178=DIRECTION('',(1.0031238989983E-16,2.15475088387817E-10,-1.));
#2179=DIRECTION('',(-1.,2.87118452052252E-8,-9.41257025162657E-17));
#2180=DIRECTION('',(1.0031238989983E-16,2.15475088387817E-10,-1.));
#2181=DIRECTION('',(-1.,2.87118452052252E-8,-9.41257025162657E-17));
#2182=DIRECTION('',(-1.07760921336614E-9,-2.15475057447397E-10,1.));
#2183=DIRECTION('',(1.,-2.87118452051788E-8,-2.15514590377323E-10));
#2184=DIRECTION('center_axis',(1.,-2.84963519447957E-8,-2.15465562058981E-10));
#2185=DIRECTION('ref_axis',(-2.15465562058981E-10,0.,-1.));
#2186=DIRECTION('',(2.84963519447957E-8,1.,-2.47757813820139E-17));
#2187=DIRECTION('',(2.84963519505532E-8,0.999999999999999,2.15474601330319E-10));
#2188=DIRECTION('center_axis',(-2.15506390276554E-10,2.15474607469614E-10,
-1.));
#2189=DIRECTION('ref_axis',(-2.87118452052252E-8,-1.,-2.15474601281192E-10));
#2190=DIRECTION('center_axis',(-0.707106781724247,2.03023404525969E-8,-0.707106780648848));
#2191=DIRECTION('ref_axis',(0.70710678009322,3.96631333643972E-5,-0.70710678116748));
#2192=DIRECTION('',(-2.8711845219103E-8,-1.,2.49637550214787E-17));
#2193=DIRECTION('',(0.678598352106056,0.28108461820314,-0.67859834506764));
#2194=DIRECTION('',(2.8711845219103E-8,1.,-2.49637550214787E-17));
#2195=DIRECTION('center_axis',(-0.707106781724247,2.03023404525969E-8,-0.707106780648848));
#2196=DIRECTION('ref_axis',(0.70710678009322,3.96631333643972E-5,-0.70710678116748));
#2197=DIRECTION('',(2.8711845219103E-8,1.,-2.49637550214787E-17));
#2198=DIRECTION('',(0.678598338153611,-0.281084646605549,-0.678598347255423));
#2199=DIRECTION('',(-2.8711845219103E-8,-1.,2.49637550214787E-17));
#2200=DIRECTION('center_axis',(-0.707106780879519,2.04547231122084E-8,0.707106781493576));
#2201=DIRECTION('ref_axis',(-0.707106780936805,3.96631333170787E-5,-0.707106780323895));
#2202=DIRECTION('',(-2.87118452189626E-8,-1.,2.15501633289076E-10));
#2203=DIRECTION('',(0.678598352950042,0.281084618186785,0.678598344230429));
#2204=DIRECTION('',(2.87118452189626E-8,1.,-2.15501633289076E-10));
#2205=DIRECTION('center_axis',(2.15514087624735E-10,-2.15474657607189E-10,
1.));
#2206=DIRECTION('ref_axis',(2.87118452052252E-8,1.,2.15474651417072E-10));
#2207=DIRECTION('',(-2.84963519505532E-8,-0.999999999999999,-2.15474651467894E-10));
#2208=DIRECTION('',(1.,-2.84963519447957E-8,-2.15465423281103E-10));
#2209=DIRECTION('',(-2.8711843782293E-8,-1.,-2.1547465142046E-10));
#2210=DIRECTION('center_axis',(2.17125583140189E-10,2.15501627054914E-10,
1.));
#2211=DIRECTION('ref_axis',(-1.,-1.21790388527927E-14,2.17125583140192E-10));
#2212=DIRECTION('',(-0.707106760884263,0.707106801488832,1.14830158050435E-12));
#2213=DIRECTION('',(-1.,2.87118080704242E-8,2.17125576952747E-10));
#2214=DIRECTION('',(2.87118026564909E-8,1.,-2.15501633289076E-10));
#2215=DIRECTION('',(-1.,2.87119214820057E-8,2.17125576952723E-10));
#2216=DIRECTION('',(-2.8711876413E-8,-1.,2.15501633289076E-10));
#2217=DIRECTION('',(1.,2.90000196206828E-8,-2.1712558938974E-10));
#2218=DIRECTION('',(-2.90000421579759E-8,1.,-2.15501620759765E-10));
#2219=DIRECTION('',(1.,2.90000177065168E-8,-2.1712558938974E-10));
#2220=DIRECTION('',(0.707106781084671,0.707106781288424,-3.05913634057926E-10));
#2221=DIRECTION('',(2.87118452189626E-8,1.,-2.15501633289076E-10));
#2222=DIRECTION('',(0.999999999999999,-2.84963519447953E-8,-2.17125576999179E-10));
#2223=DIRECTION('',(-2.84963519447493E-8,-1.,2.15501633242201E-10));
#2224=DIRECTION('center_axis',(-2.17125583140189E-10,-2.15501627054914E-10,
-1.));
#2225=DIRECTION('ref_axis',(-1.,-2.90000024980911E-8,2.17125589389737E-10));
#2226=DIRECTION('center_axis',(-2.17125583140189E-10,-2.15501627054914E-10,
-1.));
#2227=DIRECTION('ref_axis',(-2.90000024984533E-8,1.,-2.15501620758271E-10));
#2228=DIRECTION('center_axis',(2.84963519448418E-8,1.,2.14075393086059E-10));
#2229=DIRECTION('ref_axis',(2.15465583038111E-10,-2.14075399226042E-10,
1.));
#2230=DIRECTION('',(0.707106781493576,-2.03013378700959E-8,0.707106780879519));
#2231=DIRECTION('',(2.15465583038111E-10,-2.14075399226042E-10,1.));
#2232=DIRECTION('center_axis',(1.,-2.84963519447957E-8,-2.15465423281103E-10));
#2233=DIRECTION('ref_axis',(-2.15465423281103E-10,0.,-1.));
#2234=DIRECTION('center_axis',(1.,-2.87118443352445E-8,1.26806073271221E-16));
#2235=DIRECTION('ref_axis',(-2.87118443352445E-8,-1.,-3.26819192368599E-17));
#2236=DIRECTION('',(1.2680607420945E-16,3.26819192368599E-17,-1.));
#2237=DIRECTION('',(-2.87118454411476E-8,-1.,-3.26819192368599E-17));
#2238=DIRECTION('',(1.2680607420945E-16,3.26819192368599E-17,-1.));
#2239=DIRECTION('',(-2.87118443352445E-8,-1.,-3.26819192368599E-17));
#2240=DIRECTION('center_axis',(-2.87118434944552E-8,-1.,-3.26819192368599E-17));
#2241=DIRECTION('ref_axis',(-1.,2.87118434944552E-8,-1.26806072840869E-16));
#2242=DIRECTION('',(-1.,2.87118434944552E-8,-1.26806072840869E-16));
#2243=DIRECTION('',(-9.41257034546969E-17,-3.26819192368599E-17,1.));
#2244=DIRECTION('',(1.,-2.87118434944552E-8,1.26806073271221E-16));
#2245=DIRECTION('',(-1.2680607420945E-16,-3.26819192368599E-17,1.));
#2246=DIRECTION('',(1.,-2.87118434944552E-8,9.41257025164677E-17));
#2247=DIRECTION('',(1.,-2.87118434944552E-8,1.26806073271221E-16));
#2248=DIRECTION('',(1.2680607420945E-16,3.26819192368599E-17,-1.));
#2249=DIRECTION('',(-1.,2.87118432548623E-8,-1.26806073271019E-16));
#2250=DIRECTION('center_axis',(2.87118454411476E-8,1.,3.26819192368599E-17));
#2251=DIRECTION('ref_axis',(1.,-2.87118454411476E-8,1.26806072840869E-16));
#2252=DIRECTION('',(1.,-2.87118454411476E-8,1.26806073271221E-16));
#2253=DIRECTION('',(1.2680607420945E-16,3.26819192368599E-17,-1.));
#2254=DIRECTION('',(-1.,2.87118454411476E-8,-1.26806073271221E-16));
#2255=DIRECTION('',(-1.,2.87118454411476E-8,-9.41257025162657E-17));
#2256=DIRECTION('',(1.2680607420945E-16,3.26819192368599E-17,-1.));
#2257=DIRECTION('',(-1.,2.87118454411476E-8,-1.26806073271221E-16));
#2258=DIRECTION('',(9.41257034546969E-17,3.26819192368599E-17,-1.));
#2259=DIRECTION('',(1.,-2.87118454411476E-8,1.26806072840869E-16));
#2260=DIRECTION('center_axis',(-1.,2.87118454411476E-8,-1.26806073271221E-16));
#2261=DIRECTION('ref_axis',(2.87118454411476E-8,1.,3.26819192368599E-17));
#2262=DIRECTION('',(2.87118454411476E-8,1.,3.26819192368599E-17));
#2263=DIRECTION('',(-1.2680607420945E-16,-3.26819192368599E-17,1.));
#2264=DIRECTION('',(-2.87118454411476E-8,-1.,-3.26819192368599E-17));
#2265=DIRECTION('center_axis',(-1.,2.87118454411476E-8,-1.26806073271221E-16));
#2266=DIRECTION('ref_axis',(2.87118454411476E-8,1.,3.26819192368599E-17));
#2267=DIRECTION('',(2.87118454411476E-8,1.,3.26819192368599E-17));
#2268=DIRECTION('',(-2.87118454411476E-8,-1.,-3.26819192368599E-17));
#2269=DIRECTION('',(1.2680607420945E-16,3.26819192368599E-17,-1.));
#2270=DIRECTION('center_axis',(1.2680607420945E-16,3.26819192368599E-17,
-1.));
#2271=DIRECTION('ref_axis',(2.87118452052252E-8,1.,3.26819192368599E-17));
#2272=DIRECTION('',(-1.,2.87118345097209E-8,-1.26806072840869E-16));
#2273=DIRECTION('',(2.87118454411476E-8,1.,3.26819192368599E-17));
#2274=DIRECTION('center_axis',(2.87118452052252E-8,1.,1.59486139572618E-16));
#2275=DIRECTION('ref_axis',(-1.26806077419954E-16,-1.59486139572618E-16,
1.));
#2276=DIRECTION('',(1.26806077419954E-16,1.59486139572618E-16,-1.));
#2277=DIRECTION('',(1.,-2.87118452052252E-8,1.26806073271221E-16));
#2278=DIRECTION('',(-1.26806077419954E-16,-1.59486139572618E-16,1.));
#2279=DIRECTION('',(1.,-2.87118452052252E-8,1.26806073271221E-16));
#2280=DIRECTION('center_axis',(1.26806077850286E-16,1.59486139572618E-16,
-1.));
#2281=DIRECTION('ref_axis',(2.87118452052252E-8,1.,1.59486139572618E-16));
#2282=DIRECTION('',(-2.87118452052252E-8,-1.,-1.59486139572618E-16));
#2283=DIRECTION('',(2.87118452052252E-8,1.,1.59486139572618E-16));
#2284=DIRECTION('center_axis',(1.,-2.87118452052252E-8,1.26806073271221E-16));
#2285=DIRECTION('ref_axis',(-1.2680607420945E-16,-3.26819192368599E-17,
1.));
#2286=DIRECTION('',(-2.87118452052252E-8,-1.,-1.59486139572618E-16));
#2287=DIRECTION('center_axis',(1.26803527726156E-16,-8.86583558304399E-14,
-1.));
#2288=DIRECTION('ref_axis',(2.87118452052252E-8,1.,-8.86583558304399E-14));
#2289=DIRECTION('',(2.87118452052252E-8,1.,-8.86583558304399E-14));
#2290=DIRECTION('',(2.87118452052252E-8,1.,-8.86583558304399E-14));
#2291=DIRECTION('',(1.,-2.87118452052252E-8,1.26806073271221E-16));
#2292=DIRECTION('center_axis',(-2.87118452052252E-8,-1.,1.76040822544299E-14));
#2293=DIRECTION('ref_axis',(1.26805567395128E-16,-1.76040822544299E-14,
-1.));
#2294=DIRECTION('',(1.26805567395128E-16,-1.76040822544299E-14,-1.));
#2295=DIRECTION('',(1.26805567395128E-16,-1.76040822544299E-14,-1.));
#2296=DIRECTION('',(1.,-2.87118452052252E-8,1.26806073271221E-16));
#2297=DIRECTION('center_axis',(1.,-2.87118452052252E-8,1.26806073271221E-16));
#2298=DIRECTION('ref_axis',(-1.2680607420945E-16,-3.26819192368599E-17,
1.));
#2299=DIRECTION('',(-2.87118452052252E-8,-1.,8.86583558304399E-14));
#2300=DIRECTION('center_axis',(2.87118345097209E-8,1.,3.26819192368599E-17));
#2301=DIRECTION('ref_axis',(1.,-2.87118345097209E-8,1.26806072840869E-16));
#2302=DIRECTION('',(1.,-2.87118345097209E-8,1.26806072840869E-16));
#2303=DIRECTION('',(1.2680607420945E-16,3.26819192368599E-17,-1.));
#2304=DIRECTION('',(1.,-2.87118345097209E-8,1.26806072840869E-16));
#2305=DIRECTION('center_axis',(1.2680607420945E-16,3.26819192368599E-17,
-1.));
#2306=DIRECTION('ref_axis',(2.87118452052252E-8,1.,3.26819192368599E-17));
#2307=DIRECTION('',(2.87118454411476E-8,1.,3.26819192368599E-17));
#2308=DIRECTION('center_axis',(-2.87118345097209E-8,-1.,-3.26819192368599E-17));
#2309=DIRECTION('ref_axis',(-1.,2.87118345097209E-8,-1.26806072840869E-16));
#2310=DIRECTION('',(1.,-2.87118345097209E-8,1.26806072840869E-16));
#2311=DIRECTION('',(1.2680607420945E-16,3.26819192368599E-17,-1.));
#2312=DIRECTION('center_axis',(9.41257034546969E-17,3.26819192368599E-17,
-1.));
#2313=DIRECTION('ref_axis',(-1.,2.87118452052252E-8,-9.41257025162657E-17));
#2314=DIRECTION('',(2.87118452052252E-8,1.,1.59486139572618E-16));
#2315=DIRECTION('',(2.87118452052252E-8,1.,3.26819192368599E-17));
#2316=DIRECTION('center_axis',(1.,-2.87118452052252E-8,9.41257025162657E-17));
#2317=DIRECTION('ref_axis',(9.41257034546969E-17,3.26819192368599E-17,-1.));
#2318=DIRECTION('',(2.87118452052252E-8,1.,3.26819192368599E-17));
#2319=DIRECTION('center_axis',(1.,-2.87118452052252E-8,9.41257025162657E-17));
#2320=DIRECTION('ref_axis',(9.41257034546969E-17,3.26819192368599E-17,-1.));
#2321=DIRECTION('',(2.87118454411476E-8,1.,3.26819192368599E-17));
#2322=DIRECTION('center_axis',(-2.15514584190721E-10,2.15472123487898E-10,
-1.));
#2323=DIRECTION('ref_axis',(2.87118452052252E-8,1.,2.1547211730117E-10));
#2324=DIRECTION('',(2.87118452052252E-8,1.,3.26819192368599E-17));
#2325=DIRECTION('center_axis',(-1.,2.87118452052252E-8,-1.07760920717946E-9));
#2326=DIRECTION('ref_axis',(-1.07760920717946E-9,-1.74149973955484E-18,
1.));
#2327=DIRECTION('',(2.87118452052252E-8,1.,3.26819192368599E-17));
#2328=DIRECTION('center_axis',(1.2680607420945E-16,3.26819192368599E-17,
-1.));
#2329=DIRECTION('ref_axis',(2.87118452052252E-8,1.,3.26819192368599E-17));
#2330=DIRECTION('',(2.87118452052252E-8,1.,3.26819192368599E-17));
#2331=DIRECTION('',(-1.,2.87118454411476E-8,-1.26806072840869E-16));
#2332=DIRECTION('',(-2.87118443352445E-8,-1.,-3.26819192368599E-17));
#2333=DIRECTION('',(1.,-2.87118454411476E-8,1.26806072840869E-16));
#2334=DIRECTION('',(2.87118452052252E-8,1.,3.26819192368599E-17));
#2335=DIRECTION('center_axis',(1.,-2.87118452052252E-8,9.41257025162657E-17));
#2336=DIRECTION('ref_axis',(9.41257034546969E-17,3.26819192368599E-17,-1.));
#2337=DIRECTION('',(2.87118452052252E-8,1.,1.59486139572618E-16));
#2338=DIRECTION('',(1.26806077419954E-16,1.59486139572618E-16,-1.));
#2339=DIRECTION('',(-2.87118452052252E-8,-1.,4.4392972371049E-13));
#2340=DIRECTION('',(-9.41257034546969E-17,-3.26819192368599E-17,1.));
#2341=DIRECTION('center_axis',(1.,-2.87118443352445E-8,1.26806073271221E-16));
#2342=DIRECTION('ref_axis',(-2.87118443352445E-8,-1.,-3.26819192368599E-17));
#2343=DIRECTION('',(1.2680607420945E-16,3.26819192368599E-17,-1.));
#2344=DIRECTION('',(-2.8711843546367E-8,-1.,-3.26819192368599E-17));
#2345=DIRECTION('',(1.2680607420945E-16,3.26819192368599E-17,-1.));
#2346=DIRECTION('center_axis',(-2.87118454411476E-8,-1.,-3.26819192368599E-17));
#2347=DIRECTION('ref_axis',(-1.,2.87118454411476E-8,-1.26806072840869E-16));
#2348=DIRECTION('',(1.,-2.87118454411476E-8,1.26806073271221E-16));
#2349=DIRECTION('',(-1.2680607420945E-16,-3.26819192368599E-17,1.));
#2350=DIRECTION('',(1.,-2.87118454411476E-8,9.41257025162657E-17));
#2351=DIRECTION('',(1.,-2.87118454411476E-8,1.26806073271221E-16));
#2352=DIRECTION('',(1.2680607420945E-16,3.26819192368599E-17,-1.));
#2353=DIRECTION('',(-1.,2.87118454411476E-8,-1.26806073271221E-16));
#2354=DIRECTION('center_axis',(2.87118454411476E-8,1.,3.26819192368599E-17));
#2355=DIRECTION('ref_axis',(1.,-2.87118454411476E-8,1.26806072840869E-16));
#2356=DIRECTION('',(1.,-2.87118454411476E-8,1.26806073271221E-16));
#2357=DIRECTION('',(1.2680607420945E-16,3.26819192368599E-17,-1.));
#2358=DIRECTION('',(-1.,2.87118454411476E-8,-1.26806073271221E-16));
#2359=DIRECTION('',(-1.,2.87118454411476E-8,-9.41257025162657E-17));
#2360=DIRECTION('',(1.2680607420945E-16,3.26819192368599E-17,-1.));
#2361=DIRECTION('',(-1.,2.87118454411476E-8,-1.26806073271019E-16));
#2362=DIRECTION('',(9.41257034546969E-17,3.26819192368599E-17,-1.));
#2363=DIRECTION('center_axis',(-1.,2.87118454411476E-8,-1.26806073271221E-16));
#2364=DIRECTION('ref_axis',(2.87118454411476E-8,1.,3.26819192368599E-17));
#2365=DIRECTION('',(2.87118454411476E-8,1.,3.26819192368599E-17));
#2366=DIRECTION('',(-1.2680607420945E-16,-3.26819192368599E-17,1.));
#2367=DIRECTION('',(-2.87118454411476E-8,-1.,-3.26819192368599E-17));
#2368=DIRECTION('center_axis',(-1.,2.87118454411476E-8,-1.26806073271221E-16));
#2369=DIRECTION('ref_axis',(2.87118454411476E-8,1.,3.26819192368599E-17));
#2370=DIRECTION('',(2.87118454411476E-8,1.,3.26819192368599E-17));
#2371=DIRECTION('',(-2.87118454411476E-8,-1.,-3.26819192368599E-17));
#2372=DIRECTION('',(1.2680607420945E-16,3.26819192368599E-17,-1.));
#2373=DIRECTION('center_axis',(1.2680607420945E-16,3.26819192368599E-17,
-1.));
#2374=DIRECTION('ref_axis',(2.87118452052252E-8,1.,3.26819192368599E-17));
#2375=DIRECTION('',(-1.,2.87118454411476E-8,-1.26806072840869E-16));
#2376=DIRECTION('',(2.87118454411476E-8,1.,3.26819192368599E-17));
#2377=DIRECTION('center_axis',(2.87118452052252E-8,1.,1.59486139572618E-16));
#2378=DIRECTION('ref_axis',(-1.26806077419954E-16,-1.59486139572618E-16,
1.));
#2379=DIRECTION('',(1.,-2.87118452052252E-8,1.26806073271221E-16));
#2380=DIRECTION('',(-1.26806077419954E-16,-1.59486139572618E-16,1.));
#2381=DIRECTION('',(1.,-2.87118452052252E-8,1.26806073271221E-16));
#2382=DIRECTION('center_axis',(1.26793327229636E-16,-4.4392972371049E-13,
-1.));
#2383=DIRECTION('ref_axis',(2.87118452052252E-8,1.,-4.4392972371049E-13));
#2384=DIRECTION('',(2.87118452052252E-8,1.,-4.4392972371049E-13));
#2385=DIRECTION('center_axis',(1.,-2.87118452052252E-8,1.26806073271221E-16));
#2386=DIRECTION('ref_axis',(-1.2680607420945E-16,-3.26819192368599E-17,
1.));
#2387=DIRECTION('',(-2.87118452052252E-8,-1.,-1.59486139572618E-16));
#2388=DIRECTION('center_axis',(1.26816278346807E-16,3.55430854019623E-13,
-1.));
#2389=DIRECTION('ref_axis',(2.87118452052252E-8,1.,3.55430854019623E-13));
#2390=DIRECTION('',(2.87118452052252E-8,1.,3.55430854019623E-13));
#2391=DIRECTION('',(2.87118452052252E-8,1.,3.55430854019623E-13));
#2392=DIRECTION('',(1.,-2.87118452052252E-8,1.26806073271221E-16));
#2393=DIRECTION('center_axis',(-2.87118452052252E-8,-1.,-1.79230545335751E-14));
#2394=DIRECTION('ref_axis',(1.2680658744478E-16,1.79230545335751E-14,-1.));
#2395=DIRECTION('',(1.2680658744478E-16,1.79230545335751E-14,-1.));
#2396=DIRECTION('',(1.2680658744478E-16,1.79230545335751E-14,-1.));
#2397=DIRECTION('',(1.,-2.87118452052252E-8,1.26806073271221E-16));
#2398=DIRECTION('center_axis',(1.,-2.87118452052252E-8,1.26806073271221E-16));
#2399=DIRECTION('ref_axis',(-1.2680607420945E-16,-3.26819192368599E-17,
1.));
#2400=DIRECTION('',(-2.87118452052252E-8,-1.,-1.59486139572618E-16));
#2401=DIRECTION('center_axis',(2.87118563725743E-8,1.,3.26819192368599E-17));
#2402=DIRECTION('ref_axis',(1.,-2.87118563725743E-8,1.26806072840869E-16));
#2403=DIRECTION('',(1.,-2.87118563725743E-8,1.26806072840869E-16));
#2404=DIRECTION('',(1.2680607420945E-16,3.26819192368599E-17,-1.));
#2405=DIRECTION('',(1.,-2.87118563725743E-8,1.26806072840869E-16));
#2406=DIRECTION('center_axis',(1.2680607420945E-16,3.26819192368599E-17,
-1.));
#2407=DIRECTION('ref_axis',(2.87118452052252E-8,1.,3.26819192368599E-17));
#2408=DIRECTION('',(2.87118454411476E-8,1.,3.26819192368599E-17));
#2409=DIRECTION('center_axis',(-2.87118454411476E-8,-1.,-3.26819192368599E-17));
#2410=DIRECTION('ref_axis',(-1.,2.87118454411476E-8,-1.26806072840869E-16));
#2411=DIRECTION('',(1.,-2.87118454411476E-8,1.26806072840869E-16));
#2412=DIRECTION('',(1.2680607420945E-16,3.26819192368599E-17,-1.));
#2413=DIRECTION('center_axis',(9.41257034546969E-17,3.26819192368599E-17,
-1.));
#2414=DIRECTION('ref_axis',(-1.,2.87118452052252E-8,-9.41257025162657E-17));
#2415=DIRECTION('',(2.87118452052252E-8,1.,3.26819192368599E-17));
#2416=DIRECTION('center_axis',(9.41257034546969E-17,3.26819192368599E-17,
-1.));
#2417=DIRECTION('ref_axis',(-1.,2.87118452052252E-8,-9.41257025162657E-17));
#2418=DIRECTION('',(2.87118452052252E-8,1.,3.26819192368599E-17));
#2419=DIRECTION('',(2.87118452052252E-8,1.,3.26819192368599E-17));
#2420=DIRECTION('center_axis',(1.,-2.87118452052252E-8,9.41257025162657E-17));
#2421=DIRECTION('ref_axis',(9.41257034546969E-17,3.26819192368599E-17,-1.));
#2422=DIRECTION('center_axis',(1.,-2.87118452052252E-8,9.41257025162657E-17));
#2423=DIRECTION('ref_axis',(9.41257034546969E-17,3.26819192368599E-17,-1.));
#2424=DIRECTION('',(-2.87118454411476E-8,-1.,-3.26819192368599E-17));
#2425=DIRECTION('center_axis',(1.,-2.87118452052252E-8,9.41257025162657E-17));
#2426=DIRECTION('ref_axis',(9.41257034546969E-17,3.26819192368599E-17,-1.));
#2427=DIRECTION('',(-2.87118454411476E-8,-1.,-3.26819192368599E-17));
#2428=DIRECTION('center_axis',(-1.2680607420945E-16,-3.26819192368599E-17,
1.));
#2429=DIRECTION('ref_axis',(-2.87118452052252E-8,-1.,-3.26819192368599E-17));
#2430=DIRECTION('',(2.8711843782293E-8,1.,3.26819192368599E-17));
#2431=DIRECTION('center_axis',(1.,-2.8711843782293E-8,1.26806073271019E-16));
#2432=DIRECTION('ref_axis',(2.8711843782293E-8,1.,3.26819192368599E-17));
#2433=DIRECTION('center_axis',(-1.,2.8711845219103E-8,6.51344225201697E-10));
#2434=DIRECTION('ref_axis',(-6.49733715305379E-10,5.60921410434138E-5,-0.999999998426836));
#2435=DIRECTION('',(-6.51353705996285E-10,-5.06709542488944E-14,-1.));
#2436=DIRECTION('center_axis',(-1.,2.8711845219103E-8,6.51344225201697E-10));
#2437=DIRECTION('ref_axis',(-6.49733715305379E-10,5.60921410434138E-5,-0.999999998426836));
#2438=DIRECTION('',(-2.87118452189626E-8,-1.,2.15501633289076E-10));
#2439=DIRECTION('',(6.51357746084286E-10,3.53865564238151E-14,1.));
#2440=DIRECTION('center_axis',(-8.69437855044421E-10,-2.18623879308204E-14,
-1.));
#2441=DIRECTION('ref_axis',(-1.,-2.90000024980911E-8,8.69437855045054E-10));
#2442=DIRECTION('center_axis',(8.6943695214077E-10,0.,1.));
#2443=DIRECTION('ref_axis',(-1.,-2.90000024980911E-8,8.69436952140769E-10));
#2444=DIRECTION('',(0.707106780572103,2.05060828751986E-8,-0.707106781800992));
#2445=DIRECTION('center_axis',(-8.6943695214077E-10,0.,-1.));
#2446=DIRECTION('ref_axis',(-1.,-2.90000024980911E-8,8.6943695214077E-10));
#2447=DIRECTION('center_axis',(-8.6943695214077E-10,0.,-1.));
#2448=DIRECTION('ref_axis',(1.,4.87685802245568E-14,-8.6943695214077E-10));
#2449=DIRECTION('',(-0.707106781084671,-0.707106781288424,6.14784764586883E-10));
#2450=DIRECTION('',(-1.,-2.90000177065168E-8,8.6943695214077E-10));
#2451=DIRECTION('',(2.90000421577887E-8,-1.,-2.5214476773866E-17));
#2452=DIRECTION('',(-1.,-2.90000196206828E-8,8.6943695214077E-10));
#2453=DIRECTION('',(-2.90000118104417E-8,1.,1.03066969021903E-17));
#2454=DIRECTION('',(1.,-2.87119214820057E-8,-8.6943695214077E-10));
#2455=DIRECTION('',(-2.87118026566781E-8,-1.,2.49637550214787E-17));
#2456=DIRECTION('',(1.,-2.87118080704242E-8,-8.6943695214077E-10));
#2457=DIRECTION('',(0.707106760884263,-0.707106801488832,-6.14784747016031E-10));
#2458=DIRECTION('center_axis',(-8.6943695214077E-10,0.,-1.));
#2459=DIRECTION('ref_axis',(-1.,-2.90000024983126E-8,8.6943695214077E-10));
#2460=DIRECTION('center_axis',(-6.52944332696496E-10,-2.15631345786872E-14,
-1.));
#2461=DIRECTION('ref_axis',(-1.,-2.90000024980911E-8,6.52944332697121E-10));
#2462=DIRECTION('',(-6.52944332696496E-10,-2.15631345786872E-14,-1.));
#2463=DIRECTION('center_axis',(-8.69437855044441E-10,3.40832505447974E-16,
-1.));
#2464=DIRECTION('ref_axis',(-1.,-2.90000024983126E-8,8.69437855044431E-10));
#2465=DIRECTION('center_axis',(8.6943695214077E-10,0.,1.));
#2466=DIRECTION('ref_axis',(-1.,-2.90000024983126E-8,8.6943695214077E-10));
#2467=DIRECTION('',(0.707106780571813,2.05060985753945E-8,-0.707106781801282));
#2468=DIRECTION('center_axis',(-6.52948371684817E-10,-3.50192964904128E-14,
-1.));
#2469=DIRECTION('ref_axis',(-1.,-2.90000024983126E-8,6.52948371685832E-10));
#2470=DIRECTION('',(-6.52948371684817E-10,-3.50192964904128E-14,-1.));
#2471=DIRECTION('center_axis',(-0.707106781800915,2.0302310358614E-8,-0.707106780572179));
#2472=DIRECTION('ref_axis',(0.707106780016551,3.96631333686977E-5,-0.707106781244149));
#2473=DIRECTION('',(-0.57735028526464,-0.577350252613104,0.577350269691133));
#2474=DIRECTION('',(2.87118026566781E-8,1.,-2.49637550214787E-17));
#2475=DIRECTION('',(0.577350285264863,0.577350252612677,-0.577350269691336));
#2476=DIRECTION('center_axis',(-2.09170989513835E-8,-0.707106781186082,
-0.707106781187013));
#2477=DIRECTION('ref_axis',(1.,1.65936844818276E-12,-2.95829043909753E-8));
#2478=DIRECTION('',(-1.,2.87118080704242E-8,8.6943695214077E-10));
#2479=DIRECTION('',(0.281084656746141,0.678598336446833,-0.67859834476183));
#2480=DIRECTION('center_axis',(-0.500000014932034,-0.499999985605483,-0.707106780806466));
#2481=DIRECTION('ref_axis',(0.816485776859494,3.23856697598546E-5,-0.577365547237898));
#2482=DIRECTION('',(-0.707106760884263,0.707106801488832,6.14784747022807E-10));
#2483=DIRECTION('center_axis',(-0.707106781800995,-2.05061264644524E-8,
-0.7071067805721));
#2484=DIRECTION('ref_axis',(0.707106780015327,3.96631333687664E-5,-0.707106781245373));
#2485=DIRECTION('',(0.577350285431213,-0.577350252446244,-0.577350269691419));
#2486=DIRECTION('',(0.577350285431188,-0.577350252446295,-0.577350269691394));
#2487=DIRECTION('',(-2.90000421577887E-8,1.,2.5214476773866E-17));
#2488=DIRECTION('center_axis',(-1.,-2.90000421577887E-8,8.68444093627041E-10));
#2489=DIRECTION('ref_axis',(-8.70070766715816E-10,5.60921410434138E-5,-0.999999998426836));
#2490=DIRECTION('',(-8.68623675756143E-10,-4.6804641867966E-14,-1.));
#2491=DIRECTION('',(2.90000421579759E-8,-1.,2.15501620759765E-10));
#2492=DIRECTION('',(-8.68397596847362E-10,-6.57151877402409E-15,-1.));
#2493=DIRECTION('center_axis',(-0.500000000648271,0.499999999889411,-0.70710678080635));
#2494=DIRECTION('ref_axis',(0.816507374509839,3.23839564995987E-5,-0.577335003548484));
#2495=DIRECTION('',(0.707106781084671,0.707106781288424,-6.14784764586883E-10));
#2496=DIRECTION('',(0.281084646375978,-0.678598338554163,-0.678598346949962));
#2497=DIRECTION('center_axis',(-2.11208939394802E-8,0.707106781186524,-0.707106781186571));
#2498=DIRECTION('ref_axis',(1.,1.67534769241477E-12,-2.98677793109632E-8));
#2499=DIRECTION('',(1.,2.90000177065168E-8,-8.6943695214077E-10));
#2500=DIRECTION('center_axis',(-2.09171791454816E-8,-0.707106781186072,
-0.707106781187023));
#2501=DIRECTION('ref_axis',(1.,1.65937481004539E-12,-2.95830178089179E-8));
#2502=DIRECTION('',(-0.281084618342962,-0.678598344400914,0.678598352714866));
#2503=DIRECTION('',(-1.,2.87119214820057E-8,8.6943695214077E-10));
#2504=DIRECTION('center_axis',(-2.87119214820057E-8,-1.,2.44617829681451E-14));
#2505=DIRECTION('ref_axis',(0.,-2.44617829681451E-14,-1.));
#2506=DIRECTION('',(-0.707106786043511,2.03023772231848E-8,-0.707106776329584));
#2507=DIRECTION('',(-1.28687402125768E-8,-2.40922936440256E-14,-1.));
#2508=DIRECTION('',(0.70710678128162,-2.03024116806409E-8,-0.707106781091475));
#2509=DIRECTION('',(1.,-2.87119214820057E-8,-6.53038877408665E-10));
#2510=DIRECTION('',(0.351123441791693,-1.00814057869456E-8,0.936329177492807));
#2511=DIRECTION('',(1.,-2.87119214820057E-8,-2.17125576952723E-10));
#2512=DIRECTION('',(-8.6840162965411E-10,4.72543824816402E-14,-1.));
#2513=DIRECTION('center_axis',(0.499999986465729,-0.707106781113985,-0.50000001363689));
#2514=DIRECTION('ref_axis',(0.707078752105545,-3.96647054519972E-5,0.707134808044107));
#2515=DIRECTION('',(0.707106786043511,-2.0302377223178E-8,0.707106776329584));
#2516=DIRECTION('',(0.678598339738585,0.678598343551564,-0.281084651720987));
#2517=DIRECTION('center_axis',(-2.11208952930012E-8,0.707106781186569,-0.707106781186526));
#2518=DIRECTION('ref_axis',(1.,1.67534779974641E-12,-2.98677812250255E-8));
#2519=DIRECTION('',(1.,2.90000196206828E-8,-8.6943695214077E-10));
#2520=DIRECTION('',(-0.577350257566738,-0.577350283623621,-0.577350266378518));
#2521=DIRECTION('center_axis',(-2.90000196206828E-8,1.,-5.12197435072886E-15));
#2522=DIRECTION('ref_axis',(0.,5.12197435072886E-15,1.));
#2523=DIRECTION('',(-1.,-2.90000196206828E-8,2.1712558938974E-10));
#2524=DIRECTION('',(-0.351123441791693,-1.01825914970927E-8,-0.936329177492806));
#2525=DIRECTION('',(-1.,-2.90000196206828E-8,6.53038877410342E-10));
#2526=DIRECTION('',(-0.707106781281619,-2.05061069093009E-8,0.707106781091476));
#2527=DIRECTION('',(1.28687402125774E-8,5.49517029102553E-15,1.));
#2528=DIRECTION('',(0.707106786043816,2.05060979625052E-8,0.707106776329279));
#2529=DIRECTION('center_axis',(0.499999989832514,-0.707106781114499,0.500000010269378));
#2530=DIRECTION('ref_axis',(-0.707134839482304,-3.96615593903637E-5,0.707078720665031));
#2531=DIRECTION('',(-0.707106781281619,2.03024116806477E-8,0.707106781091475));
#2532=DIRECTION('',(-0.281084621286262,-0.678598344006056,-0.678598351890569));
#2533=DIRECTION('',(0.678598345531562,0.678598342110876,0.281084641213634));
#2534=DIRECTION('center_axis',(-0.707106780802742,2.04546930138074E-8,0.707106781570353));
#2535=DIRECTION('ref_axis',(-0.707106781013582,3.96631333127721E-5,-0.707106780247118));
#2536=DIRECTION('',(-0.577350286184213,-0.577350252528637,-0.577350268856026));
#2537=DIRECTION('',(-2.87118026564909E-8,-1.,2.15501633289076E-10));
#2538=DIRECTION('',(0.577350286183991,0.577350252528774,0.577350268856112));
#2539=DIRECTION('center_axis',(-2.01487832166872E-8,-0.70710678111036,0.707106781262735));
#2540=DIRECTION('ref_axis',(-1.,1.59823810300281E-12,-2.84930842491816E-8));
#2541=DIRECTION('',(-0.281084657645432,-0.678598336485882,-0.678598344350283));
#2542=DIRECTION('',(1.,-2.87118080704242E-8,-2.17125576952747E-10));
#2543=DIRECTION('center_axis',(-2.03525795539273E-8,0.707106781262742,0.707106781110353));
#2544=DIRECTION('ref_axis',(-1.,1.61458472001219E-12,-2.87845086222632E-8));
#2545=DIRECTION('',(0.44003360089553,0.634968678752503,-0.634968666223944));
#2546=DIRECTION('',(0.577350286267289,-0.577350252279687,0.577350269021901));
#2547=DIRECTION('center_axis',(0.499999979426572,0.707106795686689,0.500000000067131));
#2548=DIRECTION('ref_axis',(-0.70707874748619,-3.96647057112065E-5,0.707134812663096));
#2549=DIRECTION('',(0.707106781281619,2.05061069093009E-8,-0.707106781091476));
#2550=DIRECTION('',(-0.678598366856406,0.67859832388047,-0.281084633742997));
#2551=DIRECTION('',(0.28108465754681,-0.67859833645363,0.678598344423385));
#2552=DIRECTION('center_axis',(-2.00443423097325E-8,0.707106781186551,0.707106781186544));
#2553=DIRECTION('ref_axis',(-1.,1.59013203841141E-12,-2.83485708753111E-8));
#2554=DIRECTION('',(1.,2.90000196206828E-8,-6.53038877410342E-10));
#2555=DIRECTION('',(-0.440033600864248,-0.634968678735848,0.634968666262277));
#2556=DIRECTION('center_axis',(-0.662084713420281,0.707106781118043,0.248281760006782));
#2557=DIRECTION('ref_axis',(-0.351074253648384,5.25217428548886E-5,-0.936347620099873));
#2558=DIRECTION('',(0.351123441791693,1.01825914970995E-8,0.936329177492806));
#2559=DIRECTION('center_axis',(-0.707106780802742,-2.0353743795991E-8,0.707106781570353));
#2560=DIRECTION('ref_axis',(-0.707106781014726,3.9663133312708E-5,-0.707106780245974));
#2561=DIRECTION('',(0.577350286266667,-0.577350252279982,0.577350269022228));
#2562=DIRECTION('center_axis',(-2.0352578200408E-8,0.707106781262757,0.707106781110338));
#2563=DIRECTION('ref_axis',(-1.,1.6145846126425E-12,-2.87845067079911E-8));
#2564=DIRECTION('',(-1.,-2.90000177065168E-8,2.1712558938974E-10));
#2565=DIRECTION('',(0.28108464722151,-0.678598338458593,0.678598346695301));
#2566=DIRECTION('center_axis',(-0.499999999803637,0.499999999965475,0.70710678134981));
#2567=DIRECTION('ref_axis',(-0.816485785303516,3.23856690903623E-5,-0.577365535296721));
#2568=DIRECTION('',(-0.707106781084671,-0.707106781288424,3.05913634064702E-10));
#2569=DIRECTION('',(0.678598338941928,-0.281084646567021,0.678598346483064));
#2570=DIRECTION('center_axis',(-0.707106780879519,2.04547231122084E-8,0.707106781493576));
#2571=DIRECTION('ref_axis',(-0.707106780936805,3.96631333170787E-5,-0.707106780323895));
#2572=DIRECTION('center_axis',(-0.500000014163704,-0.499999985453086,0.707106781457518));
#2573=DIRECTION('ref_axis',(-0.816507367403564,3.23839570631201E-5,-0.577335013598673));
#2574=DIRECTION('',(0.707106760884263,-0.707106801488832,-1.14830158050435E-12));
#2575=DIRECTION('center_axis',(-2.01488634107856E-8,-0.707106781110359,
0.707106781262736));
#2576=DIRECTION('ref_axis',(-1.,1.59824446413421E-12,-2.8493197654402E-8));
#2577=DIRECTION('',(-0.440033571604975,0.634968688975169,0.634968676299646));
#2578=DIRECTION('center_axis',(-0.662084731155861,-0.707106762149603,0.248281766734039));
#2579=DIRECTION('ref_axis',(-0.351172607084399,5.25196740346346E-5,-0.936310737562712));
#2580=DIRECTION('',(-0.351123441791693,1.00814057869388E-8,-0.936329177492807));
#2581=DIRECTION('',(-0.440033571413598,0.63496868887747,0.63496867652997));
#2582=DIRECTION('center_axis',(-1.98406261622061E-8,-0.707106781185806,
0.707106781187288));
#2583=DIRECTION('ref_axis',(-1.,1.57379452561158E-12,-2.80573088100113E-8));
#2584=DIRECTION('',(-1.,2.87119214820057E-8,6.53038877408665E-10));
#2585=DIRECTION('center_axis',(0.707106781288929,-0.707106781084166,-9.09955643513027E-9));
#2586=DIRECTION('ref_axis',(-5.60792722228892E-5,-5.60921409552121E-5,0.999999996854393));
#2587=DIRECTION('',(1.28687402125768E-8,2.40922936440256E-14,1.));
#2588=DIRECTION('center_axis',(-1.,2.87118026566781E-8,8.68432093735795E-10));
#2589=DIRECTION('ref_axis',(-8.6682158588538E-10,5.60921410434138E-5,-0.999999998426836));
#2590=DIRECTION('',(-8.68397592593417E-10,4.31325439774477E-14,-1.));
#2591=DIRECTION('center_axis',(-2.87118080704242E-8,-1.,-2.19849095525748E-16));
#2592=DIRECTION('ref_axis',(0.,2.19849095525748E-16,-1.));
#2593=DIRECTION('',(6.51583821751155E-10,2.1199357644764E-14,1.));
#2594=DIRECTION('center_axis',(-0.707106801488832,-0.707106760884263,4.60556036992361E-10));
#2595=DIRECTION('ref_axis',(-5.60927890587338E-5,5.60921409551696E-5,-0.999999996853635));
#2596=DIRECTION('center_axis',(-0.707106781288424,0.707106781084671,4.60647749362753E-10));
#2597=DIRECTION('ref_axis',(5.60914894847183E-5,5.60921409551738E-5,-0.999999996853708));
#2598=DIRECTION('',(-6.51353708769651E-10,-4.22289766631619E-14,-1.));
#2599=DIRECTION('center_axis',(-2.90000177065168E-8,1.,-4.20510048765484E-14));
#2600=DIRECTION('ref_axis',(0.,4.20510048765484E-14,1.));
#2601=DIRECTION('center_axis',(0.707106760680437,0.707106801692657,-9.09957709141105E-9));
#2602=DIRECTION('ref_axis',(5.61050129541447E-5,-5.60921409551311E-5,0.99999999685295));
#2603=DIRECTION('',(-1.28687402125774E-8,-5.49516351476195E-15,-1.));
#2604=DIRECTION('',(-0.57735029105318,0.577350250137069,-0.577350266378628));
#2605=DIRECTION('center_axis',(0.707106776329585,2.05061066765836E-8,-0.70710678604351));
#2606=DIRECTION('ref_axis',(0.707106785487888,-3.96631330617987E-5,0.707106775772812));
#2607=DIRECTION('',(2.90000119689334E-8,-1.,1.10046520507279E-17));
#2608=DIRECTION('center_axis',(1.,2.9000011774611E-8,-1.28687402125775E-8));
#2609=DIRECTION('ref_axis',(1.28703668650836E-8,-5.60921410434138E-5,0.999999998426836));
#2610=DIRECTION('',(-2.90000119689335E-8,1.,-7.59267459017957E-15));
#2611=DIRECTION('center_axis',(0.707106781091476,2.05061119010829E-8,0.707106781281619));
#2612=DIRECTION('ref_axis',(-0.707106780724846,-3.96631333289679E-5,0.707106780535854));
#2613=DIRECTION('',(-2.90000119854183E-8,1.,-7.56079227004491E-15));
#2614=DIRECTION('center_axis',(6.530388774095E-10,2.90527015422634E-14,
1.));
#2615=DIRECTION('ref_axis',(-1.,-3.66303488761118E-14,6.530388774095E-10));
#2616=DIRECTION('',(-2.87926730287227E-8,-1.,2.90434722712701E-14));
#2617=DIRECTION('center_axis',(-0.936329177492806,2.69594353012492E-8,0.351123441791693));
#2618=DIRECTION('ref_axis',(-0.351123441306094,5.25207082972045E-5,-0.936329176201907));
#2619=DIRECTION('',(8.55284707229503E-50,-5.60921410434138E-5,-0.999999998426836));
#2620=DIRECTION('',(1.,6.3107342435033E-30,-3.53982595830961E-34));
#2621=DIRECTION('',(2.75581403212578E-18,6.75686757915851E-17,1.));
#2622=DIRECTION('',(3.05311331771918E-16,-1.,6.75686757915851E-17));
#2623=DIRECTION('',(6.33555391263024E-27,3.71147636879703E-26,1.));
#2624=DIRECTION('',(-1.,4.65183447317941E-14,6.33555391262851E-27));
#2625=CARTESIAN_POINT('',(0.,0.,0.));
#2626=CARTESIAN_POINT('',(0.,0.,0.));
#2627=CARTESIAN_POINT('',(0.,0.,0.));
#2628=CARTESIAN_POINT('',(0.,0.,0.));
#2629=CARTESIAN_POINT('Origin',(107.554427082266,94.7710122994085,0.249895447263966));
#2630=CARTESIAN_POINT('',(77.5493356039196,95.0210131608565,0.49989545378415));
#2631=CARTESIAN_POINT('',(100.549335694706,95.0210125004841,0.499895448827503));
#2632=CARTESIAN_POINT('',(107.554427089498,95.021012299355,0.499895447317861));
#2633=CARTESIAN_POINT('',(100.549335691773,94.9211170579697,0.400000006270208));
#2634=CARTESIAN_POINT('',(100.549335884888,101.497898262062,6.97678121318829));
#2635=CARTESIAN_POINT('',(100.949335680027,94.5211170463963,5.9234178673151E-9));
#2636=CARTESIAN_POINT('',(105.78893347418,89.681518970098,-4.83959793454359));
#2637=CARTESIAN_POINT('',(101.54933568101,94.5211170287768,5.4017555155275E-9));
#2638=CARTESIAN_POINT('',(107.558349677759,94.5211168523175,1.7729595569449E-10));
#2639=CARTESIAN_POINT('',(101.549335681007,94.5210124718793,-0.000104555966830983));
#2640=CARTESIAN_POINT('',(101.549335957477,104.150150307202,9.62903328796455));
#2641=CARTESIAN_POINT('',(78.0493355895637,94.5210131466077,-0.00010454643139355));
#2642=CARTESIAN_POINT('',(107.554427075034,94.5210122994621,-0.000104552789929532));
#2643=CARTESIAN_POINT('',(78.0493355895637,94.5210131466077,-0.00010454643139355));
#2644=CARTESIAN_POINT('Origin',(77.7993356210228,95.6166990080502,0.249895453858572));
#2645=CARTESIAN_POINT('',(77.5493343549542,51.5210131608602,0.499895444410944));
#2646=CARTESIAN_POINT('',(77.5493356210228,95.6166990151743,0.499895453912444));
#2647=CARTESIAN_POINT('',(78.0493343693103,52.0210131466119,-0.000104555589064114));
#2648=CARTESIAN_POINT('',(78.0493356210228,95.6166990009261,-0.000104546195301078));
#2649=CARTESIAN_POINT('',(78.0493343693103,52.0210131466119,-0.000104555589064114));
#2650=CARTESIAN_POINT('Origin',(107.554425848195,51.7710122994125,0.249895435762988));
#2651=CARTESIAN_POINT('',(101.549334469912,52.0210124718836,-0.000104565124501539));
#2652=CARTESIAN_POINT('',(107.554425855319,52.0210122994663,-0.000104561947600057));
#2653=CARTESIAN_POINT('',(101.549334469909,52.0209079058274,5.40175656850339E-9));
#2654=CARTESIAN_POINT('',(101.549334976255,69.9250845461638,-17.9041764671173));
#2655=CARTESIAN_POINT('',(100.949334459767,52.0209079226621,5.92341842242661E-9));
#2656=CARTESIAN_POINT('',(107.558348424666,52.020907737227,1.77297065917514E-10));
#2657=CARTESIAN_POINT('',(100.549334448544,51.620907930137,0.400000006270227));
#2658=CARTESIAN_POINT('',(105.094871668861,56.1664449379718,-4.14553709044917));
#2659=CARTESIAN_POINT('',(100.549334445741,51.5210125004877,0.499895434983218));
#2660=CARTESIAN_POINT('',(100.549334915805,68.2728324839459,-16.2519243914588));
#2661=CARTESIAN_POINT('',(107.554425841071,51.5210122993586,0.499895433473576));
#2662=CARTESIAN_POINT('Origin',(100.54933560392,95.0210124995207,5.00015920513356));
#2663=CARTESIAN_POINT('',(77.5493356039195,95.0210131604283,2.50015930723972));
#2664=CARTESIAN_POINT('',(77.5493356039196,95.0210131609636,-0.000104551125872376));
#2665=CARTESIAN_POINT('',(79.5493356033808,95.0210131030046,2.50015930723976));
#2666=CARTESIAN_POINT('',(106.273635701766,95.0210123357007,2.50015930552024));
#2667=CARTESIAN_POINT('',(79.5493356039196,95.0210131031116,2.00015930723975));
#2668=CARTESIAN_POINT('',(79.5493356023032,95.0210131027906,3.50015925174894));
#2669=CARTESIAN_POINT('',(81.5493356039196,95.021013045688,2.00015930723975));
#2670=CARTESIAN_POINT('',(91.0493356039196,95.0210127729255,2.00015930723975));
#2671=CARTESIAN_POINT('',(81.5493356039196,95.0210130449922,5.25015930723978));
#2672=CARTESIAN_POINT('',(81.5493356039196,95.021013045019,5.12515926306385));
#2673=CARTESIAN_POINT('',(94.5493356039196,95.0210126717383,5.25015930723974));
#2674=CARTESIAN_POINT('',(97.5493356039196,95.0210125856028,5.25015930723974));
#2675=CARTESIAN_POINT('',(94.5493356039196,95.0210126711175,8.15015930723973));
#2676=CARTESIAN_POINT('',(94.5493356039196,95.0210126714546,6.57515926306385));
#2677=CARTESIAN_POINT('',(99.5493355973067,95.0210125282325,8.15015930723973));
#2678=CARTESIAN_POINT('',(94.5493356022664,95.0210126711175,8.15015930723973));
#2679=CARTESIAN_POINT('',(99.5493355973067,95.0210125282325,5.00015930723972));
#2680=CARTESIAN_POINT('',(99.5493355973067,95.0210125282326,5.00015926306382));
#2681=CARTESIAN_POINT('',(100.54933560392,95.0210124995207,5.00015920513356));
#2682=CARTESIAN_POINT('',(106.273635702305,95.0210123351656,5.00015920393778));
#2683=CARTESIAN_POINT('',(100.549335691775,95.0210124996064,4.60005461354737));
#2684=CARTESIAN_POINT('',(100.549335691591,95.0210124997884,3.75009325537764));
#2685=CARTESIAN_POINT('',(100.549335696726,95.0210124998205,3.60009325994961));
#2686=CARTESIAN_POINT('Origin',(77.5493346815516,62.8960131604266,2.50002732014554));
#2687=CARTESIAN_POINT('',(77.5493343549542,51.5210132074578,2.50015930723979));
#2688=CARTESIAN_POINT('',(77.5493343549542,51.5210131609679,-0.000104564880274438));
#2689=CARTESIAN_POINT('',(77.5493356210239,95.616735807599,2.50015931183917));
#2690=CARTESIAN_POINT('Origin',(100.549334354954,51.5210125005955,-0.000104564880309965));
#2691=CARTESIAN_POINT('',(100.549334456655,51.5210124996042,4.600054636767));
#2692=CARTESIAN_POINT('',(100.549334446132,51.5210125003584,1.0999613702388));
#2693=CARTESIAN_POINT('',(100.949334448671,51.5210124881195,5.00005462843651));
#2694=CARTESIAN_POINT('',(99.4992946191718,51.5210125299791,3.55001480019602));
#2695=CARTESIAN_POINT('',(101.549334456741,51.5210124710217,5.00005462830624));
#2696=CARTESIAN_POINT('',(103.352734417189,51.5210124190273,5.00005462791467));
#2697=CARTESIAN_POINT('',(101.549334354954,51.5210124710217,5.00015919111193));
#2698=CARTESIAN_POINT('',(101.549334451645,51.5210124714311,2.09996137464293));
#2699=CARTESIAN_POINT('',(99.5493343483413,51.5210125282298,5.00015930723976));
#2700=CARTESIAN_POINT('',(106.273634453879,51.5210123351628,5.00015919009353));
#2701=CARTESIAN_POINT('',(99.5493343483413,51.5210125282298,8.15015930723973));
#2702=CARTESIAN_POINT('',(99.5493343483414,51.5210125287686,2.5000273711797));
#2703=CARTESIAN_POINT('',(94.5493343549543,51.5210127193564,8.15015930723977));
#2704=CARTESIAN_POINT('',(94.549334353301,51.5210126711104,8.15015930723973));
#2705=CARTESIAN_POINT('',(94.5493343549543,51.5210127193564,5.25015930723978));
#2706=CARTESIAN_POINT('',(94.5493343549543,51.5210126719884,4.07502737117973));
#2707=CARTESIAN_POINT('',(81.5493343549543,51.5210130926104,5.25015930723981));
#2708=CARTESIAN_POINT('',(97.5493343549542,51.5210125855997,5.25015930723978));
#2709=CARTESIAN_POINT('',(81.5493343549543,51.5210130926104,2.00015930723982));
#2710=CARTESIAN_POINT('',(81.5493343549543,51.5210130455549,2.62502737117973));
#2711=CARTESIAN_POINT('',(79.5493343549543,51.5210131500341,2.00015930723978));
#2712=CARTESIAN_POINT('',(91.0493343549543,51.521012772927,2.00015930723978));
#2713=CARTESIAN_POINT('',(79.5493343544155,51.5210131500341,2.50015930723979));
#2714=CARTESIAN_POINT('',(79.549334356032,51.5210131033287,1.00002735986486));
#2715=CARTESIAN_POINT('',(106.27363445334,51.5210123357015,2.50015929700922));
#2716=CARTESIAN_POINT('Origin',(101.549336645556,128.337431946673,4.20002733093366));
#2717=CARTESIAN_POINT('',(101.549335138787,75.49333406022,5.40175598695569E-9));
#2718=CARTESIAN_POINT('',(101.54933723595,149.087408062645,-0.000104544209158647));
#2719=CARTESIAN_POINT('Origin',(114.559519532512,128.337383806968,-0.000104547013002332));
#2720=CARTESIAN_POINT('Origin',(100.749335010244,71.1888299376571,0.200000006097304));
#2721=CARTESIAN_POINT('',(100.949333741064,26.9892867305521,5.92341897753812E-9));
#2722=CARTESIAN_POINT('',(100.949335010114,71.1888299319147,5.92341731220358E-9));
#2723=CARTESIAN_POINT('',(100.549333736568,26.8236013170869,0.400000006271191));
#2724=CARTESIAN_POINT('',(105.341462762131,28.8085659922158,-4.392128969589));
#2725=CARTESIAN_POINT('',(100.549335010375,71.1888299433995,0.400000006271191));
#2726=CARTESIAN_POINT('Origin',(100.749335010244,71.1888299376571,0.200000006097304));
#2727=CARTESIAN_POINT('',(100.549336403749,119.718423683024,0.400000006271191));
#2728=CARTESIAN_POINT('',(100.549335010375,71.1888299433995,0.400000006271191));
#2729=CARTESIAN_POINT('',(100.949336398731,119.552738253352,5.92341620198056E-9));
#2730=CARTESIAN_POINT('',(100.549336403749,119.718423683024,0.400000006271189));
#2731=CARTESIAN_POINT('',(100.949335010114,71.1888299319147,5.92341731220358E-9));
#2732=CARTESIAN_POINT('Origin',(100.749336470927,121.958343385066,4.80005461330058));
#2733=CARTESIAN_POINT('',(100.549333739303,26.8236013170871,4.6000546338457));
#2734=CARTESIAN_POINT('',(100.549336470797,121.958343390765,4.60005461334401));
#2735=CARTESIAN_POINT('',(100.949333744321,26.9892867305518,5.00005463372314));
#2736=CARTESIAN_POINT('',(100.549333739303,26.8236013170871,4.6000546338457));
#2737=CARTESIAN_POINT('',(100.949336471057,121.958343379366,5.00005461325715));
#2738=CARTESIAN_POINT('Origin',(111.997936757267,128.33745746515,5.00015920988293));
#2739=CARTESIAN_POINT('',(101.54933560392,95.0210124710244,5.00015920491809));
#2740=CARTESIAN_POINT('',(101.549337237028,149.087444854699,5.00015921213479));
#2741=CARTESIAN_POINT('',(100.54933560392,95.0210124995207,5.00015920513356));
#2742=CARTESIAN_POINT('',(99.549335153227,79.5542351754006,5.00015920205421));
#2743=CARTESIAN_POINT('Origin',(106.156136564748,124.188262937093,5.00005461164607));
#2744=CARTESIAN_POINT('',(103.37901909951,24.5596012358413,5.0000546337192));
#2745=CARTESIAN_POINT('',(77.8891144487888,50.0495073502827,5.00005463376059));
#2746=CARTESIAN_POINT('',(111.349540935273,24.5596010069933,5.00005463198859));
#2747=CARTESIAN_POINT('',(104.679733688785,24.5596011984955,5.00005463343678));
#2748=CARTESIAN_POINT('',(111.349540892195,23.059235893681,5.00005463231192));
#2749=CARTESIAN_POINT('',(111.349542338106,73.418718490369,5.00005462145937));
#2750=CARTESIAN_POINT('',(111.987933696448,23.0592358753515,5.00005463217331));
#2751=CARTESIAN_POINT('',(108.547837274583,23.0592359741233,5.00005463292024));
#2752=CARTESIAN_POINT('',(111.98793658828,123.778262782507,5.0000546104682));
#2753=CARTESIAN_POINT('',(111.987936600052,124.188262812504,5.00005461037984));
#2754=CARTESIAN_POINT('',(111.3495379671,123.778262763993,5.00005461060681));
#2755=CARTESIAN_POINT('',(108.547837269785,123.778262682744,5.00005461121513));
#2756=CARTESIAN_POINT('',(111.349538011175,122.25842399623,5.00005461093434));
#2757=CARTESIAN_POINT('',(111.349537955209,124.188293776909,5.00005461051845));
#2758=CARTESIAN_POINT('',(103.655021920946,122.258423773089,5.00005461260501));
#2759=CARTESIAN_POINT('',(104.817736561126,122.258423806808,5.00005461235256));
#2760=CARTESIAN_POINT('',(100.949336401988,119.552738253351,5.00005461377557));
#2761=CARTESIAN_POINT('',(104.824936245318,123.428338097798,5.00005461209888));
#2762=CARTESIAN_POINT('',(100.949335697637,95.0210124881222,5.00005461906219));
#2763=CARTESIAN_POINT('',(100.949336471057,121.958343379366,5.00005461325715));
#2764=CARTESIAN_POINT('',(101.549335691861,95.0210124710244,5.00005461893192));
#2765=CARTESIAN_POINT('',(103.352735712725,95.0210124196341,5.00005461854035));
#2766=CARTESIAN_POINT('',(101.549336582139,126.262847507608,5.00005461219925));
#2767=CARTESIAN_POINT('',(109.667345931135,44.12355455617,5.00005462813778));
#2768=CARTESIAN_POINT('Origin',(107.967345931135,44.12355450687,5.00005462850689));
#2769=CARTESIAN_POINT('',(109.667345922736,102.418470544679,5.00005461576692));
#2770=CARTESIAN_POINT('Origin',(107.967345922736,102.418470495379,5.00005461594424));
#2771=CARTESIAN_POINT('Origin',(100.549335691775,95.0210124996064,4.60005461354737));
#2772=CARTESIAN_POINT('',(100.649335693199,95.0210124967354,4.70005461488479));
#2773=CARTESIAN_POINT('',(101.549335691591,95.021012471292,3.75009325516218));
#2774=CARTESIAN_POINT('Origin',(101.549336641085,128.337431946673,4.20002733093366));
#2775=CARTESIAN_POINT('Origin',(97.7993349507251,72.2710125784792,5.00015930723976));
#2776=CARTESIAN_POINT('',(97.7993338201647,53.5210125784755,8.15015930723977));
#2777=CARTESIAN_POINT('',(97.7993344123779,53.5210125784756,2.00015930723978));
#2778=CARTESIAN_POINT('',(97.799334412378,53.5210125784756,5.00015930723976));
#2779=CARTESIAN_POINT('',(97.7993345368893,72.2710125784791,8.15015930723977));
#2780=CARTESIAN_POINT('',(97.7993349507251,72.2710125784791,8.15015930723973));
#2781=CARTESIAN_POINT('',(97.7993349507251,72.2710125784791,2.00015930723975));
#2782=CARTESIAN_POINT('',(97.7993349507251,72.2710125784792,5.00015930723976));
#2783=CARTESIAN_POINT('',(97.7993361996903,115.771012578479,2.00015930723971));
#2784=CARTESIAN_POINT('Origin',(97.7993344123779,53.5210125784756,5.00015930723976));
#2785=CARTESIAN_POINT('',(81.5493344123779,53.5210130450431,2.00015930723978));
#2786=CARTESIAN_POINT('',(97.7993344123779,53.5210125784756,2.00015930723978));
#2787=CARTESIAN_POINT('',(81.5493344123779,53.521013045043,3.25015930723985));
#2788=CARTESIAN_POINT('',(81.5493344123779,53.5210130450431,5.12515930723975));
#2789=CARTESIAN_POINT('',(93.7993344123779,53.5210126933229,3.25015930723985));
#2790=CARTESIAN_POINT('',(89.6743344123779,53.5210128117593,3.25015930723985));
#2791=CARTESIAN_POINT('',(93.7993344123779,53.5210126933229,5.25015930723981));
#2792=CARTESIAN_POINT('',(93.7993344123779,53.521012693323,4.62515930723978));
#2793=CARTESIAN_POINT('',(94.549334412378,53.5210126717891,5.25015930723978));
#2794=CARTESIAN_POINT('',(96.174334412378,53.5210126251323,5.25015930723978));
#2795=CARTESIAN_POINT('',(96.5493344168869,53.5210126143653,5.25015930723974));
#2796=CARTESIAN_POINT('',(96.9868344123779,53.521012601804,5.25015930723978));
#2797=CARTESIAN_POINT('',(96.5493344168869,53.5210126143653,8.15015930723977));
#2798=CARTESIAN_POINT('',(96.5493344168869,53.5210126143653,8.15015930723977));
#2799=CARTESIAN_POINT('',(93.1743341146182,53.5210127112678,8.15015930723973));
#2800=CARTESIAN_POINT('Origin',(79.5493349507251,72.2710131024703,5.00015930723972));
#2801=CARTESIAN_POINT('',(96.5493349552341,72.2710126143689,8.15015930723977));
#2802=CARTESIAN_POINT('',(92.5493349513264,72.2710127292163,8.15015930723973));
#2803=CARTESIAN_POINT('',(96.5493349552341,72.2710126143689,5.25015930723974));
#2804=CARTESIAN_POINT('',(96.5493349552341,72.2710126143689,8.15015930723977));
#2805=CARTESIAN_POINT('',(94.5493349507251,72.2710126717926,5.25015930723978));
#2806=CARTESIAN_POINT('',(87.8618349507251,72.2710128638031,5.25015930723974));
#2807=CARTESIAN_POINT('',(93.799334950725,72.2710126933264,5.25015930723963));
#2808=CARTESIAN_POINT('',(87.0493349507251,72.2710128871315,5.25015930723971));
#2809=CARTESIAN_POINT('',(93.799334950725,72.2710126933265,3.25015930723964));
#2810=CARTESIAN_POINT('',(93.799334950725,72.2710126933265,4.62515930723974));
#2811=CARTESIAN_POINT('',(81.549334950725,72.2710130450466,3.25015930723964));
#2812=CARTESIAN_POINT('',(80.5493349507251,72.2710130737585,3.25015930723968));
#2813=CARTESIAN_POINT('',(81.5493349507251,72.2710130450466,2.00015930723978));
#2814=CARTESIAN_POINT('',(81.5493349507251,72.2710130450466,5.12515930723975));
#2815=CARTESIAN_POINT('',(97.7993349507251,72.2710125784791,2.00015930723975));
#2816=CARTESIAN_POINT('Origin',(96.5493349437493,71.8710126143691,8.15015930723977));
#2817=CARTESIAN_POINT('',(96.5493349437493,71.8710126143691,8.15015930723977));
#2818=CARTESIAN_POINT('',(96.5493351127903,77.758512614368,8.15015930723973));
#2819=CARTESIAN_POINT('',(96.5493349437493,71.8710126143691,5.25015930723974));
#2820=CARTESIAN_POINT('',(96.5493349437493,71.8710126143691,8.15015930723977));
#2821=CARTESIAN_POINT('',(96.5493349466205,71.9710126143691,5.25015930723974));
#2822=CARTESIAN_POINT('Origin',(96.5493344168869,53.5210126143653,8.15015930723977));
#2823=CARTESIAN_POINT('',(96.5493344283716,53.9210126143653,8.15015930723977));
#2824=CARTESIAN_POINT('',(96.5493348493591,68.5835126143662,8.15015930723973));
#2825=CARTESIAN_POINT('',(96.5493344283716,53.9210126143652,5.25015930723974));
#2826=CARTESIAN_POINT('',(96.5493344197581,53.6210126143653,5.25015930723974));
#2827=CARTESIAN_POINT('',(96.5493344283716,53.9210126143653,8.15015930723977));
#2828=CARTESIAN_POINT('Origin',(96.1743349449826,72.0710126251361,5.25015930723974));
#2829=CARTESIAN_POINT('',(94.5493349392403,71.8710126717928,5.25015930723974));
#2830=CARTESIAN_POINT('',(94.5493349392403,71.8710126717928,5.25015930723974));
#2831=CARTESIAN_POINT('',(94.5493349507251,72.2710126717928,5.25015930723974));
#2832=CARTESIAN_POINT('Origin',(81.5493344238626,53.921013045043,3.25015930723985));
#2833=CARTESIAN_POINT('',(81.5493344238626,53.921013045043,5.25015930723981));
#2834=CARTESIAN_POINT('',(81.5493344238626,53.921013045043,3.25015930723985));
#2835=CARTESIAN_POINT('',(81.5493344238626,53.921013045043,5.25015930723981));
#2836=CARTESIAN_POINT('',(93.7993344238626,53.9210126933229,5.25015930723981));
#2837=CARTESIAN_POINT('',(81.5493344238626,53.921013045043,5.25015930723981));
#2838=CARTESIAN_POINT('',(93.7993344238626,53.9210126933229,3.25015930723982));
#2839=CARTESIAN_POINT('',(93.7993344238626,53.9210126933229,5.25015930723981));
#2840=CARTESIAN_POINT('',(81.5493344238626,53.921013045043,3.25015930723985));
#2841=CARTESIAN_POINT('Origin',(81.5493344123779,53.521013045043,3.25015930723985));
#2842=CARTESIAN_POINT('',(81.5493344238626,53.921013045043,3.25015930723985));
#2843=CARTESIAN_POINT('',(93.7993344238626,53.9210126933229,3.25015930723982));
#2844=CARTESIAN_POINT('Origin',(93.7993344181203,53.7210126933229,4.2501593072398));
#2845=CARTESIAN_POINT('',(93.7993344123779,53.5210126933229,5.25015930723981));
#2846=CARTESIAN_POINT('Origin',(81.5493349392403,71.8710130450466,3.25015930723971));
#2847=CARTESIAN_POINT('',(81.5493349392403,71.8710130450466,3.25015930723971));
#2848=CARTESIAN_POINT('',(81.5493349392403,71.8710130450466,3.25015930723971));
#2849=CARTESIAN_POINT('',(93.7993349392403,71.8710126933264,3.25015930723968));
#2850=CARTESIAN_POINT('',(93.7993349392403,71.8710126933264,3.25015930723968));
#2851=CARTESIAN_POINT('',(81.5493349392403,71.8710130450466,3.25015930723971));
#2852=CARTESIAN_POINT('Origin',(81.5493349392403,71.8710130450466,5.25015930723967));
#2853=CARTESIAN_POINT('',(81.5493349392403,71.8710130450466,5.25015930723967));
#2854=CARTESIAN_POINT('',(81.5493349392403,71.8710130450466,5.25015930723967));
#2855=CARTESIAN_POINT('',(93.7993349392403,71.8710126933265,5.25015930723967));
#2856=CARTESIAN_POINT('',(93.7993349392403,71.8710126933265,5.25015930723967));
#2857=CARTESIAN_POINT('',(81.5493349392403,71.8710130450466,5.25015930723967));
#2858=CARTESIAN_POINT('Origin',(93.7993349449826,72.0710126933265,4.25015930723966));
#2859=CARTESIAN_POINT('',(93.799334950725,72.2710126933264,5.25015930723963));
#2860=CARTESIAN_POINT('Origin',(94.5493344238626,53.921012671789,8.15015930723977));
#2861=CARTESIAN_POINT('',(94.5493344238626,53.9210126717889,5.25015930723974));
#2862=CARTESIAN_POINT('',(94.5493344238626,53.9210126717889,5.25015930723974));
#2863=CARTESIAN_POINT('',(94.5493344238626,53.921012671789,8.15015930723977));
#2864=CARTESIAN_POINT('',(94.5493344238626,53.921012671789,8.15015930723977));
#2865=CARTESIAN_POINT('',(94.5493344238626,53.921012671789,8.15015930723977));
#2866=CARTESIAN_POINT('Origin',(96.1743344181203,53.7210126251322,5.25015930723974));
#2867=CARTESIAN_POINT('',(94.5493344123779,53.521012671789,5.25015930723974));
#2868=CARTESIAN_POINT('Origin',(97.7993349392403,71.8710125784794,8.15015930723973));
#2869=CARTESIAN_POINT('',(94.5493349392403,71.8710126717928,8.15015930723973));
#2870=CARTESIAN_POINT('',(94.5493349392403,71.8710126717928,8.15015930723973));
#2871=CARTESIAN_POINT('',(94.5493349392403,71.8710126717928,8.15015930723973));
#2872=CARTESIAN_POINT('Origin',(94.5493343549543,51.5210127193564,5.25015930723978));
#2873=CARTESIAN_POINT('',(81.5493344123779,53.521013045043,5.25015930723981));
#2874=CARTESIAN_POINT('',(94.5493343549543,51.5210127193564,5.25015930723978));
#2875=CARTESIAN_POINT('Origin',(81.5493343549543,51.5210130926104,5.25015930723981));
#2876=CARTESIAN_POINT('',(81.5493343549543,51.5210130926104,2.00015930723982));
#2877=CARTESIAN_POINT('Origin',(94.5493343549543,51.5210127193564,8.15015930723977));
#2878=CARTESIAN_POINT('',(94.5493344123779,53.521012671789,8.15015930723977));
#2879=CARTESIAN_POINT('Origin',(111.997936756728,128.337457465688,2.50015931146535));
#2880=CARTESIAN_POINT('',(79.5493337586447,30.7710131500333,2.50015930723983));
#2881=CARTESIAN_POINT('Origin',(79.5493337591836,30.7710131500333,2.00015930723978));
#2882=CARTESIAN_POINT('',(79.5493337591836,30.7710131500333,2.00015930723978));
#2883=CARTESIAN_POINT('Origin',(88.6743352773224,83.6460128404738,2.00015930723971));
#2884=CARTESIAN_POINT('',(81.5493350081488,74.2710130450458,2.00015930723971));
#2885=CARTESIAN_POINT('',(81.5493337591835,30.7710130926096,2.00015930723975));
#2886=CARTESIAN_POINT('',(97.7993350081488,74.2710125784783,2.00015930723975));
#2887=CARTESIAN_POINT('',(97.7993350081488,74.2710125784783,2.00015930723975));
#2888=CARTESIAN_POINT('',(97.7993355464959,93.0210125784783,2.00015930723975));
#2889=CARTESIAN_POINT('',(97.7993356039196,95.0210125784783,2.00015930723975));
#2890=CARTESIAN_POINT('',(81.5493355464959,93.0210130450457,2.00015930723975));
#2891=CARTESIAN_POINT('',(97.7993355464959,93.0210125784783,2.00015930723975));
#2892=CARTESIAN_POINT('',(81.5493337591835,30.7710130926096,2.00015930723975));
#2893=CARTESIAN_POINT('Origin',(81.5493337591835,30.7710130926096,5.25015930723978));
#2894=CARTESIAN_POINT('',(81.5493350196336,74.6710130450457,5.25015930723953));
#2895=CARTESIAN_POINT('',(81.5493350081488,74.2710130450457,5.25015930723956));
#2896=CARTESIAN_POINT('',(81.5493350196336,74.6710130450457,3.25015930723957));
#2897=CARTESIAN_POINT('',(81.5493350196336,74.6710130450457,5.25015930723953));
#2898=CARTESIAN_POINT('',(81.5493350081488,74.2710130450457,3.25015930723975));
#2899=CARTESIAN_POINT('',(81.5493350196336,74.6710130450457,3.25015930723957));
#2900=CARTESIAN_POINT('',(81.5493350081488,74.2710130450458,5.12515930723971));
#2901=CARTESIAN_POINT('Origin',(97.7993355464959,93.0210125784783,5.00015930723972));
#2902=CARTESIAN_POINT('',(97.7993348107444,74.2710125784783,8.15015930723973));
#2903=CARTESIAN_POINT('',(97.7993350081488,74.2710125784783,5.00015930723972));
#2904=CARTESIAN_POINT('',(97.7993355274689,93.0210125784782,8.15015930723973));
#2905=CARTESIAN_POINT('',(97.7993355464959,93.0210125784782,8.15015930723973));
#2906=CARTESIAN_POINT('',(97.7993355464959,93.0210125784783,5.00015930723972));
#2907=CARTESIAN_POINT('Origin',(97.7993350081488,74.2710125784783,5.00015930723972));
#2908=CARTESIAN_POINT('',(93.7993350081488,74.2710126933256,3.25015930723975));
#2909=CARTESIAN_POINT('',(89.6743350081488,74.2710128117621,3.25015930723975));
#2910=CARTESIAN_POINT('',(93.7993350081488,74.2710126933256,5.25015930723953));
#2911=CARTESIAN_POINT('',(93.7993350081488,74.2710126933257,4.31265930723967));
#2912=CARTESIAN_POINT('',(94.5493350081489,74.2710126717918,5.25015930723971));
#2913=CARTESIAN_POINT('',(96.1743350081489,74.2710126251351,5.25015930723974));
#2914=CARTESIAN_POINT('',(96.5493350126578,74.2710126143681,5.25015930723974));
#2915=CARTESIAN_POINT('',(96.9868350081488,74.2710126018067,5.25015930723974));
#2916=CARTESIAN_POINT('',(96.5493350126578,74.2710126143681,8.1501593072397));
#2917=CARTESIAN_POINT('',(96.5493350126578,74.2710126143681,8.1501593072397));
#2918=CARTESIAN_POINT('',(93.1743349077934,74.2710127112706,8.1501593072397));
#2919=CARTESIAN_POINT('Origin',(79.5493355464959,93.0210131024694,5.00015930723972));
#2920=CARTESIAN_POINT('',(96.5493355510049,93.021012614368,8.15015930723973));
#2921=CARTESIAN_POINT('',(92.5493355470972,93.0210127292154,8.15015930723973));
#2922=CARTESIAN_POINT('',(96.5493355510049,93.021012614368,5.25015930723974));
#2923=CARTESIAN_POINT('',(96.5493355510049,93.021012614368,8.15015930723973));
#2924=CARTESIAN_POINT('',(94.5493355464959,93.0210126717918,5.25015930723974));
#2925=CARTESIAN_POINT('',(87.8618355464959,93.0210128638022,5.25015930723974));
#2926=CARTESIAN_POINT('',(93.7993355464959,93.0210126933255,5.25015930723956));
#2927=CARTESIAN_POINT('',(87.0493355464959,93.0210128871306,5.25015930723978));
#2928=CARTESIAN_POINT('',(93.7993355464959,93.0210126933256,3.25015930723975));
#2929=CARTESIAN_POINT('',(93.7993355464959,93.0210126933256,4.31265930723971));
#2930=CARTESIAN_POINT('',(81.5493355464959,93.0210130450457,3.25015930723975));
#2931=CARTESIAN_POINT('',(80.5493355464959,93.0210130737576,3.25015930723978));
#2932=CARTESIAN_POINT('',(81.5493355464959,93.0210130450457,5.12515930723975));
#2933=CARTESIAN_POINT('Origin',(96.5493355395202,92.621012614368,8.15015930723973));
#2934=CARTESIAN_POINT('',(96.5493355395202,92.6210126143679,8.15015930723973));
#2935=CARTESIAN_POINT('',(96.5493351127904,77.7585126143671,8.15015930723973));
#2936=CARTESIAN_POINT('',(96.5493355395202,92.6210126143679,5.25015930723974));
#2937=CARTESIAN_POINT('',(96.5493355395202,92.621012614368,8.15015930723973));
#2938=CARTESIAN_POINT('',(96.5493355423914,92.721012614368,5.25015930723974));
#2939=CARTESIAN_POINT('Origin',(96.5493350126578,74.2710126143681,8.1501593072397));
#2940=CARTESIAN_POINT('',(96.5493350241426,74.6710126143679,8.1501593072397));
#2941=CARTESIAN_POINT('',(96.5493348493592,68.5835126143672,8.15015930723973));
#2942=CARTESIAN_POINT('',(96.5493350241426,74.6710126143679,5.25015930723971));
#2943=CARTESIAN_POINT('',(96.549335015529,74.371012614368,5.25015930723971));
#2944=CARTESIAN_POINT('',(96.5493350241425,74.671012614368,8.1501593072397));
#2945=CARTESIAN_POINT('Origin',(96.1743355407535,92.821012625135,5.25015930723974));
#2946=CARTESIAN_POINT('',(94.5493355350112,92.6210126717917,5.25015930723974));
#2947=CARTESIAN_POINT('',(94.5493355350112,92.6210126717917,5.25015930723974));
#2948=CARTESIAN_POINT('',(94.5493355464959,93.0210126717917,5.25015930723974));
#2949=CARTESIAN_POINT('Origin',(81.5493350196336,74.6710130450457,3.25015930723957));
#2950=CARTESIAN_POINT('',(93.7993350196335,74.6710126933256,5.25015930723956));
#2951=CARTESIAN_POINT('',(81.5493350196336,74.6710130450457,5.25015930723953));
#2952=CARTESIAN_POINT('',(93.7993350196335,74.6710126933256,3.25015930723961));
#2953=CARTESIAN_POINT('',(93.7993350196335,74.6710126933256,5.25015930723956));
#2954=CARTESIAN_POINT('',(81.5493350196336,74.6710130450457,3.25015930723957));
#2955=CARTESIAN_POINT('Origin',(81.5493350081488,74.2710130450457,3.25015930723975));
#2956=CARTESIAN_POINT('',(93.7993350196335,74.6710126933256,3.25015930723961));
#2957=CARTESIAN_POINT('Origin',(93.7993346815516,62.8960127174286,3.62515930723969));
#2958=CARTESIAN_POINT('',(93.7993350081488,74.2710126933256,5.25015930723953));
#2959=CARTESIAN_POINT('Origin',(81.5493355350112,92.6210130450458,3.25015930723964));
#2960=CARTESIAN_POINT('',(81.5493355350112,92.6210130450458,3.25015930723964));
#2961=CARTESIAN_POINT('',(81.5493355350112,92.6210130450458,3.25015930723964));
#2962=CARTESIAN_POINT('',(93.7993355350112,92.6210126933256,3.25015930723961));
#2963=CARTESIAN_POINT('',(93.7993355350112,92.6210126933256,3.25015930723961));
#2964=CARTESIAN_POINT('',(81.5493355350112,92.6210130450458,3.25015930723964));
#2965=CARTESIAN_POINT('Origin',(81.5493355350112,92.6210130450457,5.25015930723956));
#2966=CARTESIAN_POINT('',(81.5493355350112,92.6210130450457,5.25015930723956));
#2967=CARTESIAN_POINT('',(81.5493355350112,92.6210130450457,5.25015930723956));
#2968=CARTESIAN_POINT('',(93.7993355350112,92.6210126933255,5.25015930723956));
#2969=CARTESIAN_POINT('',(93.7993355350112,92.6210126933255,5.25015930723956));
#2970=CARTESIAN_POINT('',(81.5493355350112,92.6210130450457,5.25015930723956));
#2971=CARTESIAN_POINT('Origin',(93.7993346815516,62.8960127174286,3.62515930723969));
#2972=CARTESIAN_POINT('',(93.7993355464959,93.0210126933255,5.25015930723956));
#2973=CARTESIAN_POINT('Origin',(94.5493350196336,74.6710126717917,8.15015930723973));
#2974=CARTESIAN_POINT('',(94.5493350196336,74.6710126717917,5.25015930723974));
#2975=CARTESIAN_POINT('',(94.5493350196336,74.6710126717917,5.25015930723974));
#2976=CARTESIAN_POINT('',(94.5493350196336,74.6710126717917,8.15015930723973));
#2977=CARTESIAN_POINT('',(94.5493350196336,74.6710126717917,8.15015930723973));
#2978=CARTESIAN_POINT('',(94.5493350196336,74.6710126717917,8.15015930723973));
#2979=CARTESIAN_POINT('Origin',(96.1743350138912,74.4710126251349,5.25015930723974));
#2980=CARTESIAN_POINT('',(94.5493350081489,74.2710126717917,5.25015930723971));
#2981=CARTESIAN_POINT('Origin',(97.7993355350112,92.6210125784782,8.15015930723973));
#2982=CARTESIAN_POINT('',(94.5493355350112,92.6210126717917,8.15015930723973));
#2983=CARTESIAN_POINT('',(94.5493355350112,92.6210126717917,8.15015930723973));
#2984=CARTESIAN_POINT('',(94.5493355350112,92.6210126717917,8.15015930723973));
#2985=CARTESIAN_POINT('Origin',(94.5493337591836,30.7710127193556,5.25015930723978));
#2986=CARTESIAN_POINT('',(94.5493337591836,30.7710127193556,5.25015930723978));
#2987=CARTESIAN_POINT('Origin',(94.5493337591836,30.7710127193556,5.25015930723978));
#2988=CARTESIAN_POINT('',(81.5493337591835,30.7710130926096,5.25015930723978));
#2989=CARTESIAN_POINT('',(94.5493337591836,30.7710127193556,5.25015930723978));
#2990=CARTESIAN_POINT('Origin',(81.5493337591835,30.7710130926096,5.25015930723978));
#2991=CARTESIAN_POINT('Origin',(94.5493337591836,30.7710127193556,8.15015930723977));
#2992=CARTESIAN_POINT('',(94.5493349507252,72.2710126717917,8.1501593072397));
#2993=CARTESIAN_POINT('Origin',(94.5493337591836,30.7710127193556,8.15015930723977));
#2994=CARTESIAN_POINT('',(94.5493355464959,93.0210126717917,8.1501593072397));
#2995=CARTESIAN_POINT('Origin',(88.5493346782452,62.8960128440611,8.1501593072397));
#2996=CARTESIAN_POINT('',(99.5493355973067,95.0210125282325,8.15015930723973));
#2997=CARTESIAN_POINT('Origin',(99.5493337525707,30.7710125282291,5.00015930723972));
#2998=CARTESIAN_POINT('Origin',(100.549336405209,119.728423683024,2.20002732005491));
#2999=CARTESIAN_POINT('',(100.549333739173,26.8236013170871,4.40005463384569));
#3000=CARTESIAN_POINT('Origin',(100.549336405209,119.728423683024,2.20002732005491));
#3001=CARTESIAN_POINT('',(100.549336406484,119.718423683024,4.60005461382671));
#3002=CARTESIAN_POINT('',(100.549336470797,121.958343390765,4.60005461334401));
#3003=CARTESIAN_POINT('',(100.549336403488,119.718423683024,6.27118745821775E-9));
#3004=CARTESIAN_POINT('Origin',(107.967345927958,44.1235545068699,0.199999999821706));
#3005=CARTESIAN_POINT('',(109.667345928132,44.1235545561699,0.399999998343671));
#3006=CARTESIAN_POINT('Origin',(107.967345928132,44.1235545068699,0.399999999821714));
#3007=CARTESIAN_POINT('',(110.067345927784,44.1235545677699,-2.00411853779059E-9));
#3008=CARTESIAN_POINT('',(109.867345927958,44.1235545619699,0.199999998169774));
#3009=CARTESIAN_POINT('Origin',(107.967345927784,44.1235545068699,-1.78300707531776E-10));
#3010=CARTESIAN_POINT('Origin',(107.562270170234,22.6492360024202,1.73887571008891E-10));
#3011=CARTESIAN_POINT('',(103.655021917689,122.258423773089,3.57099350090095E-9));
#3012=CARTESIAN_POINT('',(79.7917129105102,98.3951147590343,2.43186359938363E-8));
#3013=CARTESIAN_POINT('',(111.349538006833,122.25842399623,-3.11890346882393E-9));
#3014=CARTESIAN_POINT('',(105.520801890292,122.258423827197,1.94881499826494E-9));
#3015=CARTESIAN_POINT('',(111.349537962758,123.778262763993,-3.11890402393544E-9));
#3016=CARTESIAN_POINT('',(111.349539423185,73.4187802888818,-3.11890513415847E-9));
#3017=CARTESIAN_POINT('',(114.575203791851,123.778262857537,-5.92341564686905E-9));
#3018=CARTESIAN_POINT('',(109.250902598298,123.778262703133,-1.29427302208995E-9));
#3019=CARTESIAN_POINT('',(114.575206712704,23.0592358010663,-5.92341564686905E-9));
#3020=CARTESIAN_POINT('',(114.575206724304,22.6592358010664,-5.92341620198056E-9));
#3021=CARTESIAN_POINT('',(111.349540887853,23.0592358936814,-3.11890624438149E-9));
#3022=CARTESIAN_POINT('',(109.250905533103,23.0592359539373,-1.29427468742449E-9));
#3023=CARTESIAN_POINT('',(111.349540930931,24.5596010069938,-3.11890624438149E-9));
#3024=CARTESIAN_POINT('',(111.34954087608,22.6492050429175,-3.11890568926998E-9));
#3025=CARTESIAN_POINT('',(103.379019096253,24.5596012358419,3.810959881001E-9));
#3026=CARTESIAN_POINT('',(105.382801947952,24.5596011783097,2.06879735564769E-9));
#3027=CARTESIAN_POINT('',(103.625404561534,24.313215756412,3.5967434586226E-9));
#3028=CARTESIAN_POINT('',(110.067345919384,102.418470556279,-2.00411798267908E-9));
#3029=CARTESIAN_POINT('Origin',(107.967345919384,102.418470495379,-1.78300152420263E-10));
#3030=CARTESIAN_POINT('Origin',(107.967345929307,44.1235545068699,2.20002731444691));
#3031=CARTESIAN_POINT('',(109.667345929307,44.1235545561699,2.2000273133369));
#3032=CARTESIAN_POINT('Origin',(107.967345919558,102.418470495379,0.199999999821703));
#3033=CARTESIAN_POINT('',(109.667345919732,102.418470544679,0.399999998343662));
#3034=CARTESIAN_POINT('Origin',(107.967345919732,102.418470495379,0.399999999821705));
#3035=CARTESIAN_POINT('',(109.867345919558,102.418470550479,0.199999998169771));
#3036=CARTESIAN_POINT('Origin',(107.967345920907,102.418470495379,2.20002730816558));
#3037=CARTESIAN_POINT('',(109.667345920907,102.418470544679,2.20002730705557));
#3038=CARTESIAN_POINT('Origin',(111.149540876254,22.6492050486598,0.199999997054981));
#3039=CARTESIAN_POINT('',(110.949540876715,22.6592359051661,0.399999997228873));
#3040=CARTESIAN_POINT('',(110.798096504913,22.5077915419284,0.551444364945787));
#3041=CARTESIAN_POINT('',(110.949540919793,24.1596010184785,0.399999997228867));
#3042=CARTESIAN_POINT('',(110.949540876427,22.6492050544022,0.399999997228868));
#3043=CARTESIAN_POINT('',(110.949540919793,24.1596010184785,0.399999997228867));
#3044=CARTESIAN_POINT('Origin',(105.382801942384,24.3596011783094,0.200000002068797));
#3045=CARTESIAN_POINT('',(103.213333660079,24.1596012405991,0.400000003955015));
#3046=CARTESIAN_POINT('',(105.382801936815,24.1596011783091,0.400000002068796));
#3047=CARTESIAN_POINT('',(103.213333660079,24.1596012405991,0.400000003955012));
#3048=CARTESIAN_POINT('Origin',(103.483983201389,24.1717944042133,0.200000003719701));
#3049=CARTESIAN_POINT('',(103.342561841243,24.0303730520146,0.400000003842659));
#3050=CARTESIAN_POINT('Origin',(111.149539423359,73.4187802830818,0.199999997054983));
#3051=CARTESIAN_POINT('',(110.949537951505,124.178262752393,0.399999997228869));
#3052=CARTESIAN_POINT('',(119.259679370385,115.868121808285,-7.91014119509934));
#3053=CARTESIAN_POINT('',(110.94953799558,122.65842398463,0.399999997228862));
#3054=CARTESIAN_POINT('',(118.384689469872,115.22327293512,-7.03515127436486));
#3055=CARTESIAN_POINT('',(110.949539423532,73.4187802772818,0.39999999722887));
#3056=CARTESIAN_POINT('Origin',(110.949537952776,124.188324453912,2.20000570897432));
#3057=CARTESIAN_POINT('',(110.949537999229,122.65842398463,4.60005461093499));
#3058=CARTESIAN_POINT('',(110.949537999055,122.65842398463,4.40005461093499));
#3059=CARTESIAN_POINT('',(110.949537955153,124.178262752393,4.60005461060746));
#3060=CARTESIAN_POINT('',(110.949537954862,124.188293765222,4.6000546106053));
#3061=CARTESIAN_POINT('',(110.949537954979,124.178262752393,4.40005461060747));
#3062=CARTESIAN_POINT('Origin',(79.6502915544046,98.536536115273,0.200000024441593));
#3063=CARTESIAN_POINT('',(103.489336488162,122.658423768284,0.400000003715037));
#3064=CARTESIAN_POINT('',(79.508870198299,98.6779574715118,0.400000024564549));
#3065=CARTESIAN_POINT('',(103.489336488162,122.658423768284,0.400000003715037));
#3066=CARTESIAN_POINT('Origin',(105.520801884666,122.458423827197,0.200000001948811));
#3067=CARTESIAN_POINT('',(105.52080187904,122.658423827197,0.400000001948806));
#3068=CARTESIAN_POINT('Origin',(109.250905527535,22.859235953937,0.199999998705727));
#3069=CARTESIAN_POINT('',(114.409521301109,22.659235805823,0.399999994220638));
#3070=CARTESIAN_POINT('',(114.266687658407,22.3144048647578,0.744830939510506));
#3071=CARTESIAN_POINT('',(109.250905521967,22.6592359539367,0.39999999870573));
#3072=CARTESIAN_POINT('Origin',(110.939540876368,22.6592359054529,4.20002734372914));
#3073=CARTESIAN_POINT('',(115.175206739305,22.6592357838387,1.16568542189814));
#3074=CARTESIAN_POINT('',(114.684165226225,22.6592357979374,0.674643915563951));
#3075=CARTESIAN_POINT('',(115.175206817402,22.6592357838388,7.23444542421045));
#3076=CARTESIAN_POINT('',(115.175206778353,22.6592357838388,4.20004635725104));
#3077=CARTESIAN_POINT('',(114.409597624372,22.659235805821,8.0000546170346));
#3078=CARTESIAN_POINT('',(114.683492554437,22.6592357979569,7.72615968704312));
#3079=CARTESIAN_POINT('',(113.54013386751,22.6592358307849,8.00005461760239));
#3080=CARTESIAN_POINT('',(112.429324621734,22.6592358626784,8.00005461832779));
#3081=CARTESIAN_POINT('',(112.265133872142,22.6592358673925,4.60005463219933));
#3082=CARTESIAN_POINT('',(112.428827069076,22.6592358626926,5.0365698237352));
#3083=CARTESIAN_POINT('',(110.949540880363,22.6592359051659,4.60005463248497));
#3084=CARTESIAN_POINT('',(108.547837263011,22.6592359741233,4.60005463300645));
#3085=CARTESIAN_POINT('',(110.949540880189,22.659235905166,4.40005463248497));
#3086=CARTESIAN_POINT('Origin',(114.825586581462,22.8592357938772,0.533222564126487));
#3087=CARTESIAN_POINT('',(115.575206725573,23.0592357723545,0.999999993207147));
#3088=CARTESIAN_POINT('',(114.967007936699,23.0592357898169,0.391801212689022));
#3089=CARTESIAN_POINT('',(115.175206739305,22.6592357838387,1.16568542189814));
#3090=CARTESIAN_POINT('Origin',(109.250902592672,123.978262703132,0.199999998705727));
#3091=CARTESIAN_POINT('',(114.975203785399,124.178262869137,0.399999993728807));
#3092=CARTESIAN_POINT('',(109.250902587046,124.178262703132,0.399999998705726));
#3093=CARTESIAN_POINT('',(113.989966469272,123.193025508546,-0.585237337434504));
#3094=CARTESIAN_POINT('Origin',(110.939537951158,124.178262752103,4.20002733279038));
#3095=CARTESIAN_POINT('',(112.265136786944,124.178262790545,4.60005461032181));
#3096=CARTESIAN_POINT('',(108.547837258098,124.178262682744,4.60005461112893));
#3097=CARTESIAN_POINT('',(113.540136790515,124.17826282752,8.00005461759944));
#3098=CARTESIAN_POINT('',(112.428829629307,124.178262795292,5.03656885633542));
#3099=CARTESIAN_POINT('',(114.409594680321,124.178262852735,8.00005461703165));
#3100=CARTESIAN_POINT('',(112.429324616821,124.178262795307,8.00005461832484));
#3101=CARTESIAN_POINT('',(115.175203873349,124.178262874937,7.23444542420964));
#3102=CARTESIAN_POINT('',(114.683489617685,124.178262860678,7.72615967974161));
#3103=CARTESIAN_POINT('',(115.175203787972,124.178262874937,0.599999993554716));
#3104=CARTESIAN_POINT('',(115.1752038343,124.178262874937,4.2000463517814));
#3105=CARTESIAN_POINT('',(114.575203780251,124.178262857537,-5.92341509175753E-9));
#3106=CARTESIAN_POINT('Origin',(114.824913910627,22.8592357938965,7.86758103752835));
#3107=CARTESIAN_POINT('',(115.575206807934,23.0592357723543,7.40013084705956));
#3108=CARTESIAN_POINT('',(114.575283037799,23.0592358010646,8.40005461692531));
#3109=CARTESIAN_POINT('',(114.966335266816,23.0592357898362,8.00900238801357));
#3110=CARTESIAN_POINT('',(114.575283037799,23.0592358010641,8.40005461692531));
#3111=CARTESIAN_POINT('',(115.175206817402,22.6592357838388,7.23444542421045));
#3112=CARTESIAN_POINT('Origin',(111.149542337933,73.4187184960683,4.8000546215028));
#3113=CARTESIAN_POINT('',(110.949540923441,24.1596010184783,4.60005463216164));
#3114=CARTESIAN_POINT('',(111.349540935273,24.5596010069933,5.00005463198859));
#3115=CARTESIAN_POINT('',(110.949542337759,73.4187185017675,4.60005462154622));
#3116=CARTESIAN_POINT('',(110.949540880363,22.6592359051659,4.60005463248497));
#3117=CARTESIAN_POINT('Origin',(104.679733682999,24.3596011984955,4.80005463347988));
#3118=CARTESIAN_POINT('',(103.213333662815,24.1596012405992,4.60005463384137));
#3119=CARTESIAN_POINT('',(103.37901909951,24.5596012358414,5.0000546337192));
#3120=CARTESIAN_POINT('',(104.679733677213,24.1596011984955,4.60005463352298));
#3121=CARTESIAN_POINT('Origin',(108.547837263942,123.978262682744,4.80005461117203));
#3122=CARTESIAN_POINT('',(111.98793658828,123.778262782507,5.0000546104682));
#3123=CARTESIAN_POINT('',(110.949537955153,124.178262752393,4.60005461060746));
#3124=CARTESIAN_POINT('Origin',(114.824910979703,123.978262864779,7.86758103599799));
#3125=CARTESIAN_POINT('',(114.575280116946,123.77826285754,8.40005461692454));
#3126=CARTESIAN_POINT('',(115.575203887081,123.778262886537,7.4001308470588));
#3127=CARTESIAN_POINT('',(114.966332341722,123.77826286888,8.00900239225437));
#3128=CARTESIAN_POINT('',(115.003685603832,124.349781133593,7.16340023412039));
#3129=CARTESIAN_POINT('',(114.409594680321,124.178262852735,8.00005461703165));
#3130=CARTESIAN_POINT('Origin',(112.429324622752,123.978262795307,8.20005461832485));
#3131=CARTESIAN_POINT('',(113.262936591864,123.778262819482,8.40005461778047));
#3132=CARTESIAN_POINT('',(112.429324628682,123.778262795307,8.40005461832485));
#3133=CARTESIAN_POINT('',(113.540136790515,124.17826282752,8.00005461759944));
#3134=CARTESIAN_POINT('Origin',(112.241563789475,123.978262789862,5.10679354849384));
#3135=CARTESIAN_POINT('',(112.054297949643,123.778262784431,5.17701824065227));
#3136=CARTESIAN_POINT('Origin',(111.149537955035,124.188293771066,4.80005461056187));
#3137=CARTESIAN_POINT('',(110.949537999229,122.65842398463,4.60005461093499));
#3138=CARTESIAN_POINT('Origin',(104.817736555283,122.458423806808,4.80005461230946));
#3139=CARTESIAN_POINT('',(103.489336490897,122.658423768284,4.60005461255479));
#3140=CARTESIAN_POINT('',(104.817736549439,122.658423806808,4.60005461226636));
#3141=CARTESIAN_POINT('',(103.489336490897,122.658423768284,4.60005461255479));
#3142=CARTESIAN_POINT('Origin',(104.683514888952,123.569759454037,4.80005461209911));
#3143=CARTESIAN_POINT('',(104.542093532586,123.711180810276,4.60005461209934));
#3144=CARTESIAN_POINT('',(100.549336406484,119.718423683024,4.60005461382671));
#3145=CARTESIAN_POINT('Origin',(100.749336470927,121.958343385066,4.80005461330058));
#3146=CARTESIAN_POINT('Origin',(77.7476930884258,49.9080859980409,4.80005463382177));
#3147=CARTESIAN_POINT('',(77.6062717280627,49.7666646457991,4.60005463388296));
#3148=CARTESIAN_POINT('Origin',(108.547837268797,22.8592359741233,4.80005463296335));
#3149=CARTESIAN_POINT('',(112.265133872142,22.6592358673925,4.60005463219933));
#3150=CARTESIAN_POINT('Origin',(112.241561239334,22.8592358680696,5.1067945120882));
#3151=CARTESIAN_POINT('',(113.262933691894,23.0592358387442,8.40005461778339));
#3152=CARTESIAN_POINT('',(112.054295409592,23.0592358734465,5.1770192004412));
#3153=CARTESIAN_POINT('',(113.54013386751,22.6592358307849,8.00005461760239));
#3154=CARTESIAN_POINT('Origin',(112.429324627607,22.8592358626788,8.20005461832779));
#3155=CARTESIAN_POINT('',(112.42932463348,23.0592358626792,8.40005461832778));
#3156=CARTESIAN_POINT('Origin',(115.375206772553,22.8592357780966,4.20004635467729));
#3157=CARTESIAN_POINT('',(115.575206766753,23.0592357723546,4.20004635210353));
#3158=CARTESIAN_POINT('Origin',(110.94954087799,22.6491742036387,2.20000599299284));
#3159=CARTESIAN_POINT('',(110.949540923267,24.1596010184783,4.40005463216164));
#3160=CARTESIAN_POINT('Origin',(103.203333661248,24.1596012408856,2.20002731975381));
#3161=CARTESIAN_POINT('',(103.213333659818,24.1596012405991,3.95501409400367E-9));
#3162=CARTESIAN_POINT('Origin',(100.5421392743,26.8307957809397,2.20017755749404));
#3163=CARTESIAN_POINT('Origin',(103.496530952114,122.665618231066,2.20019302581428));
#3164=CARTESIAN_POINT('',(103.489336490767,122.658423768284,4.40005461255479));
#3165=CARTESIAN_POINT('Origin',(103.479336489331,122.658423767994,2.20002730896024));
#3166=CARTESIAN_POINT('Origin',(115.3752038401,123.978262880737,4.20004634920765));
#3167=CARTESIAN_POINT('',(115.57520380472,123.778262886537,0.999999993207146));
#3168=CARTESIAN_POINT('',(115.5752038459,123.778262886537,4.20004634663391));
#3169=CARTESIAN_POINT('',(115.807348419883,123.546118287826,1.23214459844938));
#3170=CARTESIAN_POINT('Origin',(115.076628408698,124.188290852706,0.501424615925543));
#3171=CARTESIAN_POINT('',(115.57520379312,124.178262886537,0.999999993207146));
#3172=CARTESIAN_POINT('Origin',(115.575206778643,22.6492357723543,4.20006542013313));
#3173=CARTESIAN_POINT('',(115.575206819534,22.6592357723548,7.40013084705956));
#3174=CARTESIAN_POINT('Origin',(115.075244934757,22.6492357578555,7.90009273199278));
#3175=CARTESIAN_POINT('',(114.575283049399,22.6592358010647,8.40005461692531));
#3176=CARTESIAN_POINT('Origin',(113.919111279973,124.188262876379,8.40005461735195));
#3177=CARTESIAN_POINT('',(113.262936603381,124.178262819482,8.40005461778046));
#3178=CARTESIAN_POINT('Origin',(112.512936611869,124.188262840585,6.40005464096536));
#3179=CARTESIAN_POINT('',(-3.5527136788005E-14,146.837498543103,2.54351144670213));
#3180=CARTESIAN_POINT('',(52.9523942329765,109.790133495208,-218.130869360546));
#3181=CARTESIAN_POINT('',(253.032847096293,307.696346494156,6.98130619980475E-8));
#3182=UNCERTAINTY_MEASURE_WITH_UNIT(LENGTH_MEASURE(0.01),#3192,
'DISTANCE_ACCURACY_VALUE',
'Maximum model space distance between geometric entities at asserted c
onnectivities');
#3183=UNCERTAINTY_MEASURE_WITH_UNIT(LENGTH_MEASURE(0.01),#3192,
'DISTANCE_ACCURACY_VALUE',
'Maximum model space distance between geometric entities at asserted c
onnectivities');
#3184=UNCERTAINTY_MEASURE_WITH_UNIT(LENGTH_MEASURE(0.01),#3192,
'DISTANCE_ACCURACY_VALUE',
'Maximum model space distance between geometric entities at asserted c
onnectivities');
#3185=UNCERTAINTY_MEASURE_WITH_UNIT(LENGTH_MEASURE(0.01),#3192,
'DISTANCE_ACCURACY_VALUE',
'Maximum model space distance between geometric entities at asserted c
onnectivities');
#3186=UNCERTAINTY_MEASURE_WITH_UNIT(LENGTH_MEASURE(0.01),#3192,
'DISTANCE_ACCURACY_VALUE',
'Maximum model space distance between geometric entities at asserted c
onnectivities');
#3187=(
GEOMETRIC_REPRESENTATION_CONTEXT(3)
GLOBAL_UNCERTAINTY_ASSIGNED_CONTEXT((#3182))
GLOBAL_UNIT_ASSIGNED_CONTEXT((#3192,#3194,#3195))
REPRESENTATION_CONTEXT('','3D')
);
#3188=(
GEOMETRIC_REPRESENTATION_CONTEXT(3)
GLOBAL_UNCERTAINTY_ASSIGNED_CONTEXT((#3183))
GLOBAL_UNIT_ASSIGNED_CONTEXT((#3192,#3194,#3195))
REPRESENTATION_CONTEXT('','3D')
);
#3189=(
GEOMETRIC_REPRESENTATION_CONTEXT(3)
GLOBAL_UNCERTAINTY_ASSIGNED_CONTEXT((#3184))
GLOBAL_UNIT_ASSIGNED_CONTEXT((#3192,#3194,#3195))
REPRESENTATION_CONTEXT('','3D')
);
#3190=(
GEOMETRIC_REPRESENTATION_CONTEXT(3)
GLOBAL_UNCERTAINTY_ASSIGNED_CONTEXT((#3185))
GLOBAL_UNIT_ASSIGNED_CONTEXT((#3192,#3194,#3195))
REPRESENTATION_CONTEXT('','3D')
);
#3191=(
GEOMETRIC_REPRESENTATION_CONTEXT(3)
GLOBAL_UNCERTAINTY_ASSIGNED_CONTEXT((#3186))
GLOBAL_UNIT_ASSIGNED_CONTEXT((#3192,#3194,#3195))
REPRESENTATION_CONTEXT('','3D')
);
#3192=(
LENGTH_UNIT()
NAMED_UNIT(*)
SI_UNIT(.MILLI.,.METRE.)
);
#3193=(
LENGTH_UNIT()
NAMED_UNIT(*)
SI_UNIT($,.METRE.)
);
#3194=(
NAMED_UNIT(*)
PLANE_ANGLE_UNIT()
SI_UNIT($,.RADIAN.)
);
#3195=(
NAMED_UNIT(*)
SI_UNIT($,.STERADIAN.)
SOLID_ANGLE_UNIT()
);
#3196=SHAPE_DEFINITION_REPRESENTATION(#3200,#3207);
#3197=SHAPE_DEFINITION_REPRESENTATION(#3201,#3208);
#3198=SHAPE_DEFINITION_REPRESENTATION(#3202,#3209);
#3199=SHAPE_DEFINITION_REPRESENTATION(#3203,#3210);
#3200=PRODUCT_DEFINITION_SHAPE('',$,#3212);
#3201=PRODUCT_DEFINITION_SHAPE('',$,#3213);
#3202=PRODUCT_DEFINITION_SHAPE('',$,#3214);
#3203=PRODUCT_DEFINITION_SHAPE('',$,#3215);
#3204=PRODUCT_DEFINITION_SHAPE($,$,#20);
#3205=PRODUCT_DEFINITION_SHAPE($,$,#21);
#3206=PRODUCT_DEFINITION_SHAPE($,$,#22);
#3207=SHAPE_REPRESENTATION('',(#2003,#2120),#3187);
#3208=SHAPE_REPRESENTATION('',(#2004,#2119),#3188);
#3209=SHAPE_REPRESENTATION('',(#2005,#2118),#3189);
#3210=SHAPE_REPRESENTATION('',(#2006),#3190);
#3211=PRODUCT_DEFINITION_CONTEXT('part definition',#3225,'design');
#3212=PRODUCT_DEFINITION('Skirts','StealthFork_Mods v1',#3216,#3211);
#3213=PRODUCT_DEFINITION('Centre_Fan_Skirt_Assembly_1',
'Centre_Fan_Skirt_Assembly v2 (1)',#3217,#3211);
#3214=PRODUCT_DEFINITION('Center_Skirt_Accent_1',
'Center_Skirt_Accent v2 (1)',#3218,#3211);
#3215=PRODUCT_DEFINITION('[a]_Centre_Skirt_Accent_x2',
'[a]_Centre_Skirt_Accent_x2',#3219,#3211);
#3216=PRODUCT_DEFINITION_FORMATION('',$,#3227);
#3217=PRODUCT_DEFINITION_FORMATION('',$,#3228);
#3218=PRODUCT_DEFINITION_FORMATION('',$,#3229);
#3219=PRODUCT_DEFINITION_FORMATION('',$,#3230);
#3220=PRODUCT_RELATED_PRODUCT_CATEGORY('StealthFork_Mods v1',
'StealthFork_Mods v1',(#3227));
#3221=PRODUCT_RELATED_PRODUCT_CATEGORY(
'Centre_Fan_Skirt_Assembly v2 (1)','Centre_Fan_Skirt_Assembly v2 (1)',(#3228));
#3222=PRODUCT_RELATED_PRODUCT_CATEGORY('Center_Skirt_Accent v2 (1)',
'Center_Skirt_Accent v2 (1)',(#3229));
#3223=PRODUCT_RELATED_PRODUCT_CATEGORY('[a]_Centre_Skirt_Accent_x2',
'[a]_Centre_Skirt_Accent_x2',(#3230));
#3224=APPLICATION_PROTOCOL_DEFINITION('international standard',
'automotive_design',2009,#3225);
#3225=APPLICATION_CONTEXT(
'Core Data for Automotive Mechanical Design Process');
#3226=PRODUCT_CONTEXT('part definition',#3225,'mechanical');
#3227=PRODUCT('Skirts','StealthFork_Mods v1',$,(#3226));
#3228=PRODUCT('Centre_Fan_Skirt_Assembly_1',
'Centre_Fan_Skirt_Assembly v2 (1)',$,(#3226));
#3229=PRODUCT('Center_Skirt_Accent_1','Center_Skirt_Accent v2 (1)',$,(#3226));
#3230=PRODUCT('[a]_Centre_Skirt_Accent_x2','[a]_Centre_Skirt_Accent_x2',
$,(#3226));
#3231=PRESENTATION_STYLE_ASSIGNMENT((#3233));
#3232=PRESENTATION_STYLE_ASSIGNMENT((#3234));
#3233=SURFACE_STYLE_USAGE(.BOTH.,#3235);
#3234=SURFACE_STYLE_USAGE(.BOTH.,#3236);
#3235=SURFACE_SIDE_STYLE('',(#3237));
#3236=SURFACE_SIDE_STYLE('',(#3238));
#3237=SURFACE_STYLE_FILL_AREA(#3239);
#3238=SURFACE_STYLE_FILL_AREA(#3240);
#3239=FILL_AREA_STYLE('Steel - Satin',(#3241));
#3240=FILL_AREA_STYLE('Opaque(255,255,0)',(#3242));
#3241=FILL_AREA_STYLE_COLOUR('Steel - Satin',#3243);
#3242=FILL_AREA_STYLE_COLOUR('Opaque(255,255,0)',#3244);
#3243=COLOUR_RGB('Steel - Satin',0.627450980392157,0.627450980392157,0.627450980392157);
#3244=COLOUR_RGB('Opaque(255,255,0)',1.,1.,0.);
ENDSEC;
END-ISO-10303-21;
