ISO-10303-21;
HEADER;
/* Generated by software containing ST-Developer
 * from STEP Tools, Inc. (www.steptools.com) 
 */

FILE_DESCRIPTION(
/* description */ (''),
/* implementation_level */ '2;1');

FILE_NAME(
/* name */ 'Rear_Accent_3x_221-415.step',
/* time_stamp */ '2026-02-21T12:55:51-06:00',
/* author */ (''),
/* organization */ (''),
/* preprocessor_version */ 'ST-DEVELOPER v20.1',
/* originating_system */ 'Autodesk Translation Framework v14.24.0.0',
/* authorisation */ '');

FILE_SCHEMA (('AUTOMOTIVE_DESIGN { 1 0 10303 214 3 1 1 }'));
ENDSEC;

DATA;
#10=MECHANICAL_DESIGN_GEOMETRIC_PRESENTATION_REPRESENTATION('',(#25),#2991);
#11=ITEM_DEFINED_TRANSFORMATION($,$,#1873,#1982);
#12=ITEM_DEFINED_TRANSFORMATION($,$,#1872,#1983);
#13=ITEM_DEFINED_TRANSFORMATION($,$,#1871,#1984);
#14=(
REPRESENTATION_RELATIONSHIP($,$,#3010,#3009)
REPRESENTATION_RELATIONSHIP_WITH_TRANSFORMATION(#11)
SHAPE_REPRESENTATION_RELATIONSHIP()
);
#15=(
REPRESENTATION_RELATIONSHIP($,$,#3009,#3008)
REPRESENTATION_RELATIONSHIP_WITH_TRANSFORMATION(#12)
SHAPE_REPRESENTATION_RELATIONSHIP()
);
#16=(
REPRESENTATION_RELATIONSHIP($,$,#3008,#3007)
REPRESENTATION_RELATIONSHIP_WITH_TRANSFORMATION(#13)
SHAPE_REPRESENTATION_RELATIONSHIP()
);
#17=CONTEXT_DEPENDENT_SHAPE_REPRESENTATION(#14,#3004);
#18=CONTEXT_DEPENDENT_SHAPE_REPRESENTATION(#15,#3005);
#19=CONTEXT_DEPENDENT_SHAPE_REPRESENTATION(#16,#3006);
#20=NEXT_ASSEMBLY_USAGE_OCCURRENCE('[a]_Rear_Skirt_Accent_x1:1',
'[a]_Rear_Skirt_Accent_x1:1','[a]_Rear_Skirt_Accent_x1:1',#3014,#3015,
'[a]_Rear_Skirt_Accent_x1:1');
#21=NEXT_ASSEMBLY_USAGE_OCCURRENCE('Rear_Skirt_Accent v2:1',
'Rear_Skirt_Accent v2:1','Rear_Skirt_Accent v2:1',#3013,#3014,
'Rear_Skirt_Accent v2:1');
#22=NEXT_ASSEMBLY_USAGE_OCCURRENCE('Rear_Skirt_Assembly v2:1',
'Rear_Skirt_Assembly v2:1','Rear_Skirt_Assembly v2:1',#3012,#3013,
'Rear_Skirt_Assembly v2:1');
#23=SHAPE_REPRESENTATION_RELATIONSHIP('SRR','None',#3010,#24);
#24=ADVANCED_BREP_SHAPE_REPRESENTATION('',(#26),#2990);
#25=STYLED_ITEM('',(#3032),#26);
#26=MANIFOLD_SOLID_BREP('Body2',#1857);
#27=FACE_BOUND('',#187,.T.);
#28=FACE_BOUND('',#188,.T.);
#29=FACE_BOUND('',#189,.T.);
#30=FACE_BOUND('',#190,.T.);
#31=FACE_BOUND('',#191,.T.);
#32=FACE_BOUND('',#252,.T.);
#33=FACE_BOUND('',#253,.T.);
#34=FACE_BOUND('',#254,.T.);
#35=FACE_BOUND('',#255,.T.);
#36=FACE_BOUND('',#256,.T.);
#37=CONICAL_SURFACE('',#1897,1.89999999999875,0.785398163959012);
#38=CONICAL_SURFACE('',#1902,1.89999999999875,0.785398163065209);
#39=CONICAL_SURFACE('',#1907,1.89999999991383,0.785398163397424);
#40=CONICAL_SURFACE('',#1912,1.89999999999874,0.785398162252042);
#41=CIRCLE('',#1876,1.7);
#42=CIRCLE('',#1877,1.7);
#43=CIRCLE('',#1878,1.7);
#44=CIRCLE('',#1893,1.7);
#45=CIRCLE('',#1895,1.70000000000012);
#46=CIRCLE('',#1896,1.70000000000012);
#47=CIRCLE('',#1898,2.09999999999738);
#48=CIRCLE('',#1900,1.70000000000012);
#49=CIRCLE('',#1901,1.70000000000012);
#50=CIRCLE('',#1903,2.09999999999738);
#51=CIRCLE('',#1905,1.7);
#52=CIRCLE('',#1906,1.70000000000002);
#53=CIRCLE('',#1908,2.09999999982765);
#54=CIRCLE('',#1910,1.70000000000012);
#55=CIRCLE('',#1911,1.70000000000012);
#56=CIRCLE('',#1913,2.09999999999735);
#57=CYLINDRICAL_SURFACE('',#1875,1.7);
#58=CYLINDRICAL_SURFACE('',#1892,1.7);
#59=CYLINDRICAL_SURFACE('',#1894,1.70000000000012);
#60=CYLINDRICAL_SURFACE('',#1899,1.70000000000012);
#61=CYLINDRICAL_SURFACE('',#1904,1.70000000000002);
#62=CYLINDRICAL_SURFACE('',#1909,1.70000000000012);
#63=FACE_OUTER_BOUND('',#155,.T.);
#64=FACE_OUTER_BOUND('',#156,.T.);
#65=FACE_OUTER_BOUND('',#157,.T.);
#66=FACE_OUTER_BOUND('',#158,.T.);
#67=FACE_OUTER_BOUND('',#159,.T.);
#68=FACE_OUTER_BOUND('',#160,.T.);
#69=FACE_OUTER_BOUND('',#161,.T.);
#70=FACE_OUTER_BOUND('',#162,.T.);
#71=FACE_OUTER_BOUND('',#163,.T.);
#72=FACE_OUTER_BOUND('',#164,.T.);
#73=FACE_OUTER_BOUND('',#165,.T.);
#74=FACE_OUTER_BOUND('',#166,.T.);
#75=FACE_OUTER_BOUND('',#167,.T.);
#76=FACE_OUTER_BOUND('',#168,.T.);
#77=FACE_OUTER_BOUND('',#169,.T.);
#78=FACE_OUTER_BOUND('',#170,.T.);
#79=FACE_OUTER_BOUND('',#171,.T.);
#80=FACE_OUTER_BOUND('',#172,.T.);
#81=FACE_OUTER_BOUND('',#173,.T.);
#82=FACE_OUTER_BOUND('',#174,.T.);
#83=FACE_OUTER_BOUND('',#175,.T.);
#84=FACE_OUTER_BOUND('',#176,.T.);
#85=FACE_OUTER_BOUND('',#177,.T.);
#86=FACE_OUTER_BOUND('',#178,.T.);
#87=FACE_OUTER_BOUND('',#179,.T.);
#88=FACE_OUTER_BOUND('',#180,.T.);
#89=FACE_OUTER_BOUND('',#181,.T.);
#90=FACE_OUTER_BOUND('',#182,.T.);
#91=FACE_OUTER_BOUND('',#183,.T.);
#92=FACE_OUTER_BOUND('',#184,.T.);
#93=FACE_OUTER_BOUND('',#185,.T.);
#94=FACE_OUTER_BOUND('',#186,.T.);
#95=FACE_OUTER_BOUND('',#192,.T.);
#96=FACE_OUTER_BOUND('',#193,.T.);
#97=FACE_OUTER_BOUND('',#194,.T.);
#98=FACE_OUTER_BOUND('',#195,.T.);
#99=FACE_OUTER_BOUND('',#196,.T.);
#100=FACE_OUTER_BOUND('',#197,.T.);
#101=FACE_OUTER_BOUND('',#198,.T.);
#102=FACE_OUTER_BOUND('',#199,.T.);
#103=FACE_OUTER_BOUND('',#200,.T.);
#104=FACE_OUTER_BOUND('',#201,.T.);
#105=FACE_OUTER_BOUND('',#202,.T.);
#106=FACE_OUTER_BOUND('',#203,.T.);
#107=FACE_OUTER_BOUND('',#204,.T.);
#108=FACE_OUTER_BOUND('',#205,.T.);
#109=FACE_OUTER_BOUND('',#206,.T.);
#110=FACE_OUTER_BOUND('',#207,.T.);
#111=FACE_OUTER_BOUND('',#208,.T.);
#112=FACE_OUTER_BOUND('',#209,.T.);
#113=FACE_OUTER_BOUND('',#210,.T.);
#114=FACE_OUTER_BOUND('',#211,.T.);
#115=FACE_OUTER_BOUND('',#212,.T.);
#116=FACE_OUTER_BOUND('',#213,.T.);
#117=FACE_OUTER_BOUND('',#214,.T.);
#118=FACE_OUTER_BOUND('',#215,.T.);
#119=FACE_OUTER_BOUND('',#216,.T.);
#120=FACE_OUTER_BOUND('',#217,.T.);
#121=FACE_OUTER_BOUND('',#218,.T.);
#122=FACE_OUTER_BOUND('',#219,.T.);
#123=FACE_OUTER_BOUND('',#220,.T.);
#124=FACE_OUTER_BOUND('',#221,.T.);
#125=FACE_OUTER_BOUND('',#222,.T.);
#126=FACE_OUTER_BOUND('',#223,.T.);
#127=FACE_OUTER_BOUND('',#224,.T.);
#128=FACE_OUTER_BOUND('',#225,.T.);
#129=FACE_OUTER_BOUND('',#226,.T.);
#130=FACE_OUTER_BOUND('',#227,.T.);
#131=FACE_OUTER_BOUND('',#228,.T.);
#132=FACE_OUTER_BOUND('',#229,.T.);
#133=FACE_OUTER_BOUND('',#230,.T.);
#134=FACE_OUTER_BOUND('',#231,.T.);
#135=FACE_OUTER_BOUND('',#232,.T.);
#136=FACE_OUTER_BOUND('',#233,.T.);
#137=FACE_OUTER_BOUND('',#234,.T.);
#138=FACE_OUTER_BOUND('',#235,.T.);
#139=FACE_OUTER_BOUND('',#236,.T.);
#140=FACE_OUTER_BOUND('',#237,.T.);
#141=FACE_OUTER_BOUND('',#238,.T.);
#142=FACE_OUTER_BOUND('',#239,.T.);
#143=FACE_OUTER_BOUND('',#240,.T.);
#144=FACE_OUTER_BOUND('',#241,.T.);
#145=FACE_OUTER_BOUND('',#242,.T.);
#146=FACE_OUTER_BOUND('',#243,.T.);
#147=FACE_OUTER_BOUND('',#244,.T.);
#148=FACE_OUTER_BOUND('',#245,.T.);
#149=FACE_OUTER_BOUND('',#246,.T.);
#150=FACE_OUTER_BOUND('',#247,.T.);
#151=FACE_OUTER_BOUND('',#248,.T.);
#152=FACE_OUTER_BOUND('',#249,.T.);
#153=FACE_OUTER_BOUND('',#250,.T.);
#154=FACE_OUTER_BOUND('',#251,.T.);
#155=EDGE_LOOP('',(#1167,#1168,#1169,#1170,#1171));
#156=EDGE_LOOP('',(#1172,#1173,#1174,#1175,#1176));
#157=EDGE_LOOP('',(#1177,#1178,#1179,#1180,#1181));
#158=EDGE_LOOP('',(#1182,#1183,#1184,#1185));
#159=EDGE_LOOP('',(#1186,#1187,#1188,#1189));
#160=EDGE_LOOP('',(#1190,#1191,#1192,#1193,#1194));
#161=EDGE_LOOP('',(#1195,#1196,#1197,#1198,#1199,#1200));
#162=EDGE_LOOP('',(#1201,#1202,#1203,#1204,#1205,#1206,#1207));
#163=EDGE_LOOP('',(#1208,#1209,#1210,#1211,#1212));
#164=EDGE_LOOP('',(#1213,#1214,#1215,#1216));
#165=EDGE_LOOP('',(#1217,#1218,#1219,#1220,#1221,#1222));
#166=EDGE_LOOP('',(#1223,#1224,#1225,#1226,#1227,#1228,#1229));
#167=EDGE_LOOP('',(#1230,#1231,#1232,#1233,#1234));
#168=EDGE_LOOP('',(#1235,#1236,#1237,#1238));
#169=EDGE_LOOP('',(#1239,#1240,#1241,#1242,#1243,#1244));
#170=EDGE_LOOP('',(#1245,#1246,#1247,#1248,#1249));
#171=EDGE_LOOP('',(#1250,#1251,#1252,#1253));
#172=EDGE_LOOP('',(#1254,#1255,#1256,#1257));
#173=EDGE_LOOP('',(#1258,#1259,#1260,#1261));
#174=EDGE_LOOP('',(#1262,#1263,#1264,#1265));
#175=EDGE_LOOP('',(#1266,#1267,#1268,#1269));
#176=EDGE_LOOP('',(#1270,#1271,#1272,#1273));
#177=EDGE_LOOP('',(#1274,#1275,#1276,#1277));
#178=EDGE_LOOP('',(#1278,#1279,#1280,#1281));
#179=EDGE_LOOP('',(#1282,#1283,#1284,#1285,#1286));
#180=EDGE_LOOP('',(#1287,#1288,#1289,#1290));
#181=EDGE_LOOP('',(#1291,#1292,#1293,#1294));
#182=EDGE_LOOP('',(#1295,#1296,#1297,#1298));
#183=EDGE_LOOP('',(#1299,#1300,#1301,#1302,#1303,#1304,#1305,#1306,#1307,
#1308,#1309,#1310));
#184=EDGE_LOOP('',(#1311,#1312,#1313,#1314));
#185=EDGE_LOOP('',(#1315,#1316,#1317,#1318,#1319,#1320,#1321,#1322,#1323,
#1324,#1325,#1326));
#186=EDGE_LOOP('',(#1327,#1328,#1329,#1330,#1331,#1332,#1333,#1334,#1335,
#1336));
#187=EDGE_LOOP('',(#1337));
#188=EDGE_LOOP('',(#1338));
#189=EDGE_LOOP('',(#1339));
#190=EDGE_LOOP('',(#1340));
#191=EDGE_LOOP('',(#1341));
#192=EDGE_LOOP('',(#1342,#1343,#1344,#1345));
#193=EDGE_LOOP('',(#1346,#1347,#1348,#1349,#1350,#1351,#1352,#1353,#1354));
#194=EDGE_LOOP('',(#1355,#1356,#1357,#1358,#1359,#1360,#1361,#1362,#1363));
#195=EDGE_LOOP('',(#1364,#1365,#1366,#1367));
#196=EDGE_LOOP('',(#1368,#1369,#1370,#1371,#1372,#1373,#1374,#1375,#1376));
#197=EDGE_LOOP('',(#1377,#1378,#1379,#1380,#1381,#1382,#1383,#1384,#1385));
#198=EDGE_LOOP('',(#1386,#1387,#1388,#1389));
#199=EDGE_LOOP('',(#1390,#1391,#1392,#1393,#1394,#1395,#1396,#1397,#1398));
#200=EDGE_LOOP('',(#1399,#1400,#1401,#1402,#1403,#1404,#1405));
#201=EDGE_LOOP('',(#1406,#1407,#1408,#1409));
#202=EDGE_LOOP('',(#1410,#1411,#1412,#1413));
#203=EDGE_LOOP('',(#1414,#1415,#1416,#1417));
#204=EDGE_LOOP('',(#1418,#1419,#1420,#1421));
#205=EDGE_LOOP('',(#1422,#1423,#1424,#1425));
#206=EDGE_LOOP('',(#1426,#1427,#1428,#1429));
#207=EDGE_LOOP('',(#1430,#1431,#1432,#1433));
#208=EDGE_LOOP('',(#1434,#1435,#1436,#1437));
#209=EDGE_LOOP('',(#1438,#1439,#1440,#1441));
#210=EDGE_LOOP('',(#1442,#1443,#1444,#1445));
#211=EDGE_LOOP('',(#1446,#1447,#1448,#1449));
#212=EDGE_LOOP('',(#1450,#1451,#1452,#1453));
#213=EDGE_LOOP('',(#1454,#1455,#1456,#1457));
#214=EDGE_LOOP('',(#1458,#1459,#1460,#1461));
#215=EDGE_LOOP('',(#1462,#1463,#1464,#1465));
#216=EDGE_LOOP('',(#1466,#1467,#1468,#1469));
#217=EDGE_LOOP('',(#1470,#1471,#1472,#1473));
#218=EDGE_LOOP('',(#1474,#1475,#1476,#1477));
#219=EDGE_LOOP('',(#1478,#1479,#1480,#1481));
#220=EDGE_LOOP('',(#1482,#1483,#1484,#1485));
#221=EDGE_LOOP('',(#1486,#1487,#1488,#1489));
#222=EDGE_LOOP('',(#1490,#1491,#1492,#1493));
#223=EDGE_LOOP('',(#1494,#1495,#1496,#1497));
#224=EDGE_LOOP('',(#1498,#1499,#1500,#1501));
#225=EDGE_LOOP('',(#1502,#1503,#1504,#1505));
#226=EDGE_LOOP('',(#1506,#1507,#1508,#1509));
#227=EDGE_LOOP('',(#1510,#1511,#1512,#1513));
#228=EDGE_LOOP('',(#1514,#1515,#1516,#1517));
#229=EDGE_LOOP('',(#1518,#1519,#1520,#1521));
#230=EDGE_LOOP('',(#1522,#1523,#1524,#1525));
#231=EDGE_LOOP('',(#1526,#1527,#1528,#1529));
#232=EDGE_LOOP('',(#1530,#1531,#1532,#1533));
#233=EDGE_LOOP('',(#1534,#1535,#1536,#1537));
#234=EDGE_LOOP('',(#1538,#1539,#1540,#1541));
#235=EDGE_LOOP('',(#1542,#1543,#1544,#1545,#1546,#1547,#1548,#1549));
#236=EDGE_LOOP('',(#1550,#1551,#1552,#1553,#1554,#1555));
#237=EDGE_LOOP('',(#1556,#1557,#1558,#1559,#1560,#1561,#1562,#1563));
#238=EDGE_LOOP('',(#1564,#1565,#1566,#1567,#1568,#1569));
#239=EDGE_LOOP('',(#1570,#1571,#1572,#1573,#1574,#1575,#1576,#1577));
#240=EDGE_LOOP('',(#1578,#1579,#1580,#1581,#1582,#1583,#1584,#1585));
#241=EDGE_LOOP('',(#1586,#1587,#1588,#1589));
#242=EDGE_LOOP('',(#1590,#1591,#1592,#1593,#1594,#1595));
#243=EDGE_LOOP('',(#1596,#1597,#1598,#1599,#1600));
#244=EDGE_LOOP('',(#1601,#1602,#1603,#1604,#1605,#1606));
#245=EDGE_LOOP('',(#1607,#1608,#1609,#1610));
#246=EDGE_LOOP('',(#1611,#1612,#1613,#1614,#1615));
#247=EDGE_LOOP('',(#1616,#1617,#1618,#1619,#1620,#1621,#1622,#1623,#1624,
#1625,#1626,#1627,#1628,#1629,#1630,#1631));
#248=EDGE_LOOP('',(#1632,#1633,#1634,#1635,#1636,#1637,#1638,#1639,#1640,
#1641,#1642,#1643,#1644,#1645,#1646,#1647,#1648,#1649,#1650,#1651,#1652,
#1653,#1654,#1655,#1656,#1657,#1658,#1659));
#249=EDGE_LOOP('',(#1660,#1661,#1662,#1663));
#250=EDGE_LOOP('',(#1664,#1665,#1666,#1667));
#251=EDGE_LOOP('',(#1668,#1669,#1670,#1671,#1672,#1673,#1674,#1675,#1676,
#1677));
#252=EDGE_LOOP('',(#1678));
#253=EDGE_LOOP('',(#1679));
#254=EDGE_LOOP('',(#1680));
#255=EDGE_LOOP('',(#1681));
#256=EDGE_LOOP('',(#1682));
#257=LINE('',#2464,#499);
#258=LINE('',#2466,#500);
#259=LINE('',#2468,#501);
#260=LINE('',#2470,#502);
#261=LINE('',#2471,#503);
#262=LINE('',#2476,#504);
#263=LINE('',#2483,#505);
#264=LINE('',#2485,#506);
#265=LINE('',#2487,#507);
#266=LINE('',#2489,#508);
#267=LINE('',#2490,#509);
#268=LINE('',#2493,#510);
#269=LINE('',#2495,#511);
#270=LINE('',#2496,#512);
#271=LINE('',#2500,#513);
#272=LINE('',#2502,#514);
#273=LINE('',#2504,#515);
#274=LINE('',#2505,#516);
#275=LINE('',#2509,#517);
#276=LINE('',#2511,#518);
#277=LINE('',#2513,#519);
#278=LINE('',#2515,#520);
#279=LINE('',#2516,#521);
#280=LINE('',#2519,#522);
#281=LINE('',#2520,#523);
#282=LINE('',#2522,#524);
#283=LINE('',#2523,#525);
#284=LINE('',#2526,#526);
#285=LINE('',#2528,#527);
#286=LINE('',#2530,#528);
#287=LINE('',#2531,#529);
#288=LINE('',#2532,#530);
#289=LINE('',#2535,#531);
#290=LINE('',#2536,#532);
#291=LINE('',#2538,#533);
#292=LINE('',#2541,#534);
#293=LINE('',#2542,#535);
#294=LINE('',#2546,#536);
#295=LINE('',#2547,#537);
#296=LINE('',#2548,#538);
#297=LINE('',#2549,#539);
#298=LINE('',#2552,#540);
#299=LINE('',#2553,#541);
#300=LINE('',#2555,#542);
#301=LINE('',#2557,#543);
#302=LINE('',#2560,#544);
#303=LINE('',#2566,#545);
#304=LINE('',#2570,#546);
#305=LINE('',#2576,#547);
#306=LINE('',#2580,#548);
#307=LINE('',#2586,#549);
#308=LINE('',#2590,#550);
#309=LINE('',#2596,#551);
#310=LINE('',#2600,#552);
#311=LINE('',#2605,#553);
#312=LINE('',#2606,#554);
#313=LINE('',#2608,#555);
#314=LINE('',#2609,#556);
#315=LINE('',#2612,#557);
#316=LINE('',#2614,#558);
#317=LINE('',#2615,#559);
#318=LINE('',#2618,#560);
#319=LINE('',#2620,#561);
#320=LINE('',#2621,#562);
#321=LINE('',#2623,#563);
#322=LINE('',#2624,#564);
#323=LINE('',#2627,#565);
#324=LINE('',#2629,#566);
#325=LINE('',#2631,#567);
#326=LINE('',#2633,#568);
#327=LINE('',#2635,#569);
#328=LINE('',#2637,#570);
#329=LINE('',#2639,#571);
#330=LINE('',#2641,#572);
#331=LINE('',#2643,#573);
#332=LINE('',#2644,#574);
#333=LINE('',#2647,#575);
#334=LINE('',#2648,#576);
#335=LINE('',#2651,#577);
#336=LINE('',#2653,#578);
#337=LINE('',#2655,#579);
#338=LINE('',#2657,#580);
#339=LINE('',#2659,#581);
#340=LINE('',#2661,#582);
#341=LINE('',#2663,#583);
#342=LINE('',#2665,#584);
#343=LINE('',#2666,#585);
#344=LINE('',#2671,#586);
#345=LINE('',#2673,#587);
#346=LINE('',#2675,#588);
#347=LINE('',#2676,#589);
#348=LINE('',#2679,#590);
#349=LINE('',#2681,#591);
#350=LINE('',#2683,#592);
#351=LINE('',#2685,#593);
#352=LINE('',#2687,#594);
#353=LINE('',#2689,#595);
#354=LINE('',#2691,#596);
#355=LINE('',#2692,#597);
#356=LINE('',#2695,#598);
#357=LINE('',#2697,#599);
#358=LINE('',#2699,#600);
#359=LINE('',#2701,#601);
#360=LINE('',#2703,#602);
#361=LINE('',#2705,#603);
#362=LINE('',#2707,#604);
#363=LINE('',#2708,#605);
#364=LINE('',#2712,#606);
#365=LINE('',#2714,#607);
#366=LINE('',#2716,#608);
#367=LINE('',#2717,#609);
#368=LINE('',#2720,#610);
#369=LINE('',#2722,#611);
#370=LINE('',#2724,#612);
#371=LINE('',#2726,#613);
#372=LINE('',#2728,#614);
#373=LINE('',#2730,#615);
#374=LINE('',#2732,#616);
#375=LINE('',#2733,#617);
#376=LINE('',#2736,#618);
#377=LINE('',#2738,#619);
#378=LINE('',#2740,#620);
#379=LINE('',#2742,#621);
#380=LINE('',#2744,#622);
#381=LINE('',#2746,#623);
#382=LINE('',#2748,#624);
#383=LINE('',#2749,#625);
#384=LINE('',#2753,#626);
#385=LINE('',#2755,#627);
#386=LINE('',#2757,#628);
#387=LINE('',#2758,#629);
#388=LINE('',#2761,#630);
#389=LINE('',#2763,#631);
#390=LINE('',#2765,#632);
#391=LINE('',#2767,#633);
#392=LINE('',#2769,#634);
#393=LINE('',#2771,#635);
#394=LINE('',#2773,#636);
#395=LINE('',#2774,#637);
#396=LINE('',#2777,#638);
#397=LINE('',#2779,#639);
#398=LINE('',#2781,#640);
#399=LINE('',#2783,#641);
#400=LINE('',#2785,#642);
#401=LINE('',#2786,#643);
#402=LINE('',#2789,#644);
#403=LINE('',#2791,#645);
#404=LINE('',#2792,#646);
#405=LINE('',#2795,#647);
#406=LINE('',#2797,#648);
#407=LINE('',#2798,#649);
#408=LINE('',#2801,#650);
#409=LINE('',#2803,#651);
#410=LINE('',#2804,#652);
#411=LINE('',#2807,#653);
#412=LINE('',#2809,#654);
#413=LINE('',#2810,#655);
#414=LINE('',#2813,#656);
#415=LINE('',#2815,#657);
#416=LINE('',#2816,#658);
#417=LINE('',#2819,#659);
#418=LINE('',#2821,#660);
#419=LINE('',#2822,#661);
#420=LINE('',#2825,#662);
#421=LINE('',#2826,#663);
#422=LINE('',#2829,#664);
#423=LINE('',#2830,#665);
#424=LINE('',#2833,#666);
#425=LINE('',#2834,#667);
#426=LINE('',#2838,#668);
#427=LINE('',#2840,#669);
#428=LINE('',#2842,#670);
#429=LINE('',#2843,#671);
#430=LINE('',#2845,#672);
#431=LINE('',#2846,#673);
#432=LINE('',#2848,#674);
#433=LINE('',#2852,#675);
#434=LINE('',#2854,#676);
#435=LINE('',#2856,#677);
#436=LINE('',#2857,#678);
#437=LINE('',#2859,#679);
#438=LINE('',#2860,#680);
#439=LINE('',#2862,#681);
#440=LINE('',#2865,#682);
#441=LINE('',#2867,#683);
#442=LINE('',#2868,#684);
#443=LINE('',#2871,#685);
#444=LINE('',#2873,#686);
#445=LINE('',#2874,#687);
#446=LINE('',#2876,#688);
#447=LINE('',#2879,#689);
#448=LINE('',#2881,#690);
#449=LINE('',#2882,#691);
#450=LINE('',#2885,#692);
#451=LINE('',#2887,#693);
#452=LINE('',#2888,#694);
#453=LINE('',#2890,#695);
#454=LINE('',#2894,#696);
#455=LINE('',#2896,#697);
#456=LINE('',#2898,#698);
#457=LINE('',#2899,#699);
#458=LINE('',#2901,#700);
#459=LINE('',#2902,#701);
#460=LINE('',#2904,#702);
#461=LINE('',#2907,#703);
#462=LINE('',#2909,#704);
#463=LINE('',#2910,#705);
#464=LINE('',#2912,#706);
#465=LINE('',#2915,#707);
#466=LINE('',#2917,#708);
#467=LINE('',#2918,#709);
#468=LINE('',#2920,#710);
#469=LINE('',#2923,#711);
#470=LINE('',#2924,#712);
#471=LINE('',#2927,#713);
#472=LINE('',#2928,#714);
#473=LINE('',#2931,#715);
#474=LINE('',#2932,#716);
#475=LINE('',#2935,#717);
#476=LINE('',#2937,#718);
#477=LINE('',#2938,#719);
#478=LINE('',#2940,#720);
#479=LINE('',#2942,#721);
#480=LINE('',#2943,#722);
#481=LINE('',#2945,#723);
#482=LINE('',#2946,#724);
#483=LINE('',#2948,#725);
#484=LINE('',#2949,#726);
#485=LINE('',#2951,#727);
#486=LINE('',#2952,#728);
#487=LINE('',#2954,#729);
#488=LINE('',#2956,#730);
#489=LINE('',#2958,#731);
#490=LINE('',#2960,#732);
#491=LINE('',#2961,#733);
#492=LINE('',#2963,#734);
#493=LINE('',#2965,#735);
#494=LINE('',#2967,#736);
#495=LINE('',#2969,#737);
#496=LINE('',#2971,#738);
#497=LINE('',#2974,#739);
#498=LINE('',#2976,#740);
#499=VECTOR('',#1995,10.);
#500=VECTOR('',#1996,10.);
#501=VECTOR('',#1997,10.);
#502=VECTOR('',#1998,10.);
#503=VECTOR('',#1999,10.);
#504=VECTOR('',#2004,1.7);
#505=VECTOR('',#2011,10.);
#506=VECTOR('',#2012,10.);
#507=VECTOR('',#2013,9.99999999999999);
#508=VECTOR('',#2014,10.);
#509=VECTOR('',#2015,10.);
#510=VECTOR('',#2018,10.);
#511=VECTOR('',#2019,10.);
#512=VECTOR('',#2020,10.);
#513=VECTOR('',#2023,10.);
#514=VECTOR('',#2024,10.);
#515=VECTOR('',#2025,10.);
#516=VECTOR('',#2026,10.);
#517=VECTOR('',#2029,10.);
#518=VECTOR('',#2030,10.);
#519=VECTOR('',#2031,10.);
#520=VECTOR('',#2032,10.);
#521=VECTOR('',#2033,10.);
#522=VECTOR('',#2036,10.);
#523=VECTOR('',#2037,10.);
#524=VECTOR('',#2038,10.);
#525=VECTOR('',#2039,10.);
#526=VECTOR('',#2042,10.);
#527=VECTOR('',#2043,10.);
#528=VECTOR('',#2044,10.);
#529=VECTOR('',#2045,10.);
#530=VECTOR('',#2046,10.);
#531=VECTOR('',#2049,10.);
#532=VECTOR('',#2050,10.);
#533=VECTOR('',#2053,10.);
#534=VECTOR('',#2056,10.);
#535=VECTOR('',#2057,10.);
#536=VECTOR('',#2060,10.);
#537=VECTOR('',#2061,9.99999999999999);
#538=VECTOR('',#2062,10.);
#539=VECTOR('',#2063,10.);
#540=VECTOR('',#2066,9.99999999999999);
#541=VECTOR('',#2067,10.);
#542=VECTOR('',#2070,10.);
#543=VECTOR('',#2073,10.);
#544=VECTOR('',#2076,1.7);
#545=VECTOR('',#2083,1.70000000000012);
#546=VECTOR('',#2088,1.89999999999875);
#547=VECTOR('',#2095,1.70000000000012);
#548=VECTOR('',#2100,1.89999999999875);
#549=VECTOR('',#2107,1.70000000000002);
#550=VECTOR('',#2112,1.89999999991383);
#551=VECTOR('',#2119,1.70000000000012);
#552=VECTOR('',#2124,1.89999999999874);
#553=VECTOR('',#2129,10.);
#554=VECTOR('',#2130,10.);
#555=VECTOR('',#2131,10.);
#556=VECTOR('',#2132,10.);
#557=VECTOR('',#2135,10.);
#558=VECTOR('',#2136,10.);
#559=VECTOR('',#2137,10.);
#560=VECTOR('',#2140,10.);
#561=VECTOR('',#2141,10.);
#562=VECTOR('',#2142,10.);
#563=VECTOR('',#2145,10.);
#564=VECTOR('',#2146,10.);
#565=VECTOR('',#2149,10.);
#566=VECTOR('',#2150,10.);
#567=VECTOR('',#2151,10.);
#568=VECTOR('',#2152,10.);
#569=VECTOR('',#2153,10.);
#570=VECTOR('',#2154,10.);
#571=VECTOR('',#2155,10.);
#572=VECTOR('',#2156,10.);
#573=VECTOR('',#2157,10.);
#574=VECTOR('',#2158,10.);
#575=VECTOR('',#2161,10.);
#576=VECTOR('',#2162,10.);
#577=VECTOR('',#2165,10.);
#578=VECTOR('',#2166,10.);
#579=VECTOR('',#2167,10.);
#580=VECTOR('',#2168,10.);
#581=VECTOR('',#2169,10.);
#582=VECTOR('',#2170,10.);
#583=VECTOR('',#2171,10.);
#584=VECTOR('',#2172,10.);
#585=VECTOR('',#2173,10.);
#586=VECTOR('',#2178,10.);
#587=VECTOR('',#2179,10.);
#588=VECTOR('',#2180,10.);
#589=VECTOR('',#2181,10.);
#590=VECTOR('',#2184,10.);
#591=VECTOR('',#2185,10.);
#592=VECTOR('',#2186,10.);
#593=VECTOR('',#2187,10.);
#594=VECTOR('',#2188,10.);
#595=VECTOR('',#2189,10.);
#596=VECTOR('',#2190,10.);
#597=VECTOR('',#2191,10.);
#598=VECTOR('',#2194,10.);
#599=VECTOR('',#2195,10.);
#600=VECTOR('',#2196,10.);
#601=VECTOR('',#2197,10.);
#602=VECTOR('',#2198,10.);
#603=VECTOR('',#2199,10.);
#604=VECTOR('',#2200,10.);
#605=VECTOR('',#2201,10.);
#606=VECTOR('',#2204,10.);
#607=VECTOR('',#2205,10.);
#608=VECTOR('',#2206,10.);
#609=VECTOR('',#2207,10.);
#610=VECTOR('',#2210,10.);
#611=VECTOR('',#2211,10.);
#612=VECTOR('',#2212,10.);
#613=VECTOR('',#2213,10.);
#614=VECTOR('',#2214,10.);
#615=VECTOR('',#2215,10.);
#616=VECTOR('',#2216,10.);
#617=VECTOR('',#2217,10.);
#618=VECTOR('',#2220,10.);
#619=VECTOR('',#2221,10.);
#620=VECTOR('',#2222,10.);
#621=VECTOR('',#2223,10.);
#622=VECTOR('',#2224,10.);
#623=VECTOR('',#2225,10.);
#624=VECTOR('',#2226,10.);
#625=VECTOR('',#2227,10.);
#626=VECTOR('',#2230,10.);
#627=VECTOR('',#2231,10.);
#628=VECTOR('',#2232,10.);
#629=VECTOR('',#2233,10.);
#630=VECTOR('',#2236,10.);
#631=VECTOR('',#2237,10.);
#632=VECTOR('',#2238,10.);
#633=VECTOR('',#2239,10.);
#634=VECTOR('',#2240,10.);
#635=VECTOR('',#2241,10.);
#636=VECTOR('',#2242,10.);
#637=VECTOR('',#2243,10.);
#638=VECTOR('',#2246,10.);
#639=VECTOR('',#2247,10.);
#640=VECTOR('',#2248,10.);
#641=VECTOR('',#2249,10.);
#642=VECTOR('',#2250,10.);
#643=VECTOR('',#2251,10.);
#644=VECTOR('',#2254,10.);
#645=VECTOR('',#2255,10.);
#646=VECTOR('',#2256,10.);
#647=VECTOR('',#2259,10.);
#648=VECTOR('',#2260,10.);
#649=VECTOR('',#2261,10.);
#650=VECTOR('',#2264,10.);
#651=VECTOR('',#2265,10.);
#652=VECTOR('',#2266,10.);
#653=VECTOR('',#2269,10.);
#654=VECTOR('',#2270,10.);
#655=VECTOR('',#2271,10.);
#656=VECTOR('',#2274,10.);
#657=VECTOR('',#2275,10.);
#658=VECTOR('',#2276,10.);
#659=VECTOR('',#2279,10.);
#660=VECTOR('',#2280,10.);
#661=VECTOR('',#2281,10.);
#662=VECTOR('',#2284,10.);
#663=VECTOR('',#2285,10.);
#664=VECTOR('',#2288,10.);
#665=VECTOR('',#2289,10.);
#666=VECTOR('',#2292,10.);
#667=VECTOR('',#2293,10.);
#668=VECTOR('',#2296,10.);
#669=VECTOR('',#2297,10.);
#670=VECTOR('',#2298,10.);
#671=VECTOR('',#2299,10.);
#672=VECTOR('',#2302,10.);
#673=VECTOR('',#2303,10.);
#674=VECTOR('',#2306,10.);
#675=VECTOR('',#2309,10.);
#676=VECTOR('',#2310,10.);
#677=VECTOR('',#2311,10.);
#678=VECTOR('',#2312,10.);
#679=VECTOR('',#2315,10.);
#680=VECTOR('',#2316,10.);
#681=VECTOR('',#2319,10.);
#682=VECTOR('',#2322,10.);
#683=VECTOR('',#2323,10.);
#684=VECTOR('',#2324,10.);
#685=VECTOR('',#2327,10.);
#686=VECTOR('',#2328,10.);
#687=VECTOR('',#2329,10.);
#688=VECTOR('',#2332,10.);
#689=VECTOR('',#2335,10.);
#690=VECTOR('',#2336,10.);
#691=VECTOR('',#2337,10.);
#692=VECTOR('',#2340,10.);
#693=VECTOR('',#2341,10.);
#694=VECTOR('',#2342,10.);
#695=VECTOR('',#2345,10.);
#696=VECTOR('',#2348,10.);
#697=VECTOR('',#2349,10.);
#698=VECTOR('',#2350,10.);
#699=VECTOR('',#2351,10.);
#700=VECTOR('',#2354,10.);
#701=VECTOR('',#2355,10.);
#702=VECTOR('',#2358,10.);
#703=VECTOR('',#2361,10.);
#704=VECTOR('',#2362,10.);
#705=VECTOR('',#2363,10.);
#706=VECTOR('',#2366,10.);
#707=VECTOR('',#2369,10.);
#708=VECTOR('',#2370,10.);
#709=VECTOR('',#2371,10.);
#710=VECTOR('',#2374,10.);
#711=VECTOR('',#2377,10.);
#712=VECTOR('',#2378,10.);
#713=VECTOR('',#2381,10.);
#714=VECTOR('',#2382,10.);
#715=VECTOR('',#2385,10.);
#716=VECTOR('',#2386,10.);
#717=VECTOR('',#2389,10.);
#718=VECTOR('',#2390,10.);
#719=VECTOR('',#2391,10.);
#720=VECTOR('',#2394,10.);
#721=VECTOR('',#2397,10.);
#722=VECTOR('',#2398,10.);
#723=VECTOR('',#2401,10.);
#724=VECTOR('',#2402,10.);
#725=VECTOR('',#2405,10.);
#726=VECTOR('',#2406,10.);
#727=VECTOR('',#2409,10.);
#728=VECTOR('',#2410,10.);
#729=VECTOR('',#2413,10.);
#730=VECTOR('',#2416,10.);
#731=VECTOR('',#2419,10.);
#732=VECTOR('',#2422,10.);
#733=VECTOR('',#2423,10.);
#734=VECTOR('',#2426,10.);
#735=VECTOR('',#2429,10.);
#736=VECTOR('',#2432,10.);
#737=VECTOR('',#2435,10.);
#738=VECTOR('',#2438,10.);
#739=VECTOR('',#2443,10.);
#740=VECTOR('',#2446,10.);
#741=VERTEX_POINT('',#2462);
#742=VERTEX_POINT('',#2463);
#743=VERTEX_POINT('',#2465);
#744=VERTEX_POINT('',#2467);
#745=VERTEX_POINT('',#2469);
#746=VERTEX_POINT('',#2473);
#747=VERTEX_POINT('',#2475);
#748=VERTEX_POINT('',#2477);
#749=VERTEX_POINT('',#2481);
#750=VERTEX_POINT('',#2482);
#751=VERTEX_POINT('',#2484);
#752=VERTEX_POINT('',#2486);
#753=VERTEX_POINT('',#2488);
#754=VERTEX_POINT('',#2492);
#755=VERTEX_POINT('',#2494);
#756=VERTEX_POINT('',#2498);
#757=VERTEX_POINT('',#2499);
#758=VERTEX_POINT('',#2501);
#759=VERTEX_POINT('',#2503);
#760=VERTEX_POINT('',#2507);
#761=VERTEX_POINT('',#2508);
#762=VERTEX_POINT('',#2510);
#763=VERTEX_POINT('',#2512);
#764=VERTEX_POINT('',#2514);
#765=VERTEX_POINT('',#2518);
#766=VERTEX_POINT('',#2521);
#767=VERTEX_POINT('',#2525);
#768=VERTEX_POINT('',#2527);
#769=VERTEX_POINT('',#2529);
#770=VERTEX_POINT('',#2534);
#771=VERTEX_POINT('',#2540);
#772=VERTEX_POINT('',#2544);
#773=VERTEX_POINT('',#2545);
#774=VERTEX_POINT('',#2551);
#775=VERTEX_POINT('',#2559);
#776=VERTEX_POINT('',#2563);
#777=VERTEX_POINT('',#2565);
#778=VERTEX_POINT('',#2569);
#779=VERTEX_POINT('',#2573);
#780=VERTEX_POINT('',#2575);
#781=VERTEX_POINT('',#2579);
#782=VERTEX_POINT('',#2583);
#783=VERTEX_POINT('',#2585);
#784=VERTEX_POINT('',#2589);
#785=VERTEX_POINT('',#2593);
#786=VERTEX_POINT('',#2595);
#787=VERTEX_POINT('',#2599);
#788=VERTEX_POINT('',#2603);
#789=VERTEX_POINT('',#2604);
#790=VERTEX_POINT('',#2607);
#791=VERTEX_POINT('',#2611);
#792=VERTEX_POINT('',#2613);
#793=VERTEX_POINT('',#2617);
#794=VERTEX_POINT('',#2619);
#795=VERTEX_POINT('',#2626);
#796=VERTEX_POINT('',#2628);
#797=VERTEX_POINT('',#2630);
#798=VERTEX_POINT('',#2632);
#799=VERTEX_POINT('',#2634);
#800=VERTEX_POINT('',#2636);
#801=VERTEX_POINT('',#2638);
#802=VERTEX_POINT('',#2640);
#803=VERTEX_POINT('',#2642);
#804=VERTEX_POINT('',#2646);
#805=VERTEX_POINT('',#2650);
#806=VERTEX_POINT('',#2652);
#807=VERTEX_POINT('',#2654);
#808=VERTEX_POINT('',#2656);
#809=VERTEX_POINT('',#2658);
#810=VERTEX_POINT('',#2660);
#811=VERTEX_POINT('',#2662);
#812=VERTEX_POINT('',#2664);
#813=VERTEX_POINT('',#2669);
#814=VERTEX_POINT('',#2670);
#815=VERTEX_POINT('',#2672);
#816=VERTEX_POINT('',#2674);
#817=VERTEX_POINT('',#2678);
#818=VERTEX_POINT('',#2680);
#819=VERTEX_POINT('',#2682);
#820=VERTEX_POINT('',#2684);
#821=VERTEX_POINT('',#2686);
#822=VERTEX_POINT('',#2688);
#823=VERTEX_POINT('',#2690);
#824=VERTEX_POINT('',#2694);
#825=VERTEX_POINT('',#2696);
#826=VERTEX_POINT('',#2698);
#827=VERTEX_POINT('',#2700);
#828=VERTEX_POINT('',#2702);
#829=VERTEX_POINT('',#2704);
#830=VERTEX_POINT('',#2706);
#831=VERTEX_POINT('',#2710);
#832=VERTEX_POINT('',#2711);
#833=VERTEX_POINT('',#2713);
#834=VERTEX_POINT('',#2715);
#835=VERTEX_POINT('',#2719);
#836=VERTEX_POINT('',#2721);
#837=VERTEX_POINT('',#2723);
#838=VERTEX_POINT('',#2725);
#839=VERTEX_POINT('',#2727);
#840=VERTEX_POINT('',#2729);
#841=VERTEX_POINT('',#2731);
#842=VERTEX_POINT('',#2735);
#843=VERTEX_POINT('',#2737);
#844=VERTEX_POINT('',#2739);
#845=VERTEX_POINT('',#2741);
#846=VERTEX_POINT('',#2743);
#847=VERTEX_POINT('',#2745);
#848=VERTEX_POINT('',#2747);
#849=VERTEX_POINT('',#2751);
#850=VERTEX_POINT('',#2752);
#851=VERTEX_POINT('',#2754);
#852=VERTEX_POINT('',#2756);
#853=VERTEX_POINT('',#2760);
#854=VERTEX_POINT('',#2762);
#855=VERTEX_POINT('',#2764);
#856=VERTEX_POINT('',#2766);
#857=VERTEX_POINT('',#2768);
#858=VERTEX_POINT('',#2770);
#859=VERTEX_POINT('',#2772);
#860=VERTEX_POINT('',#2776);
#861=VERTEX_POINT('',#2778);
#862=VERTEX_POINT('',#2780);
#863=VERTEX_POINT('',#2782);
#864=VERTEX_POINT('',#2784);
#865=VERTEX_POINT('',#2788);
#866=VERTEX_POINT('',#2790);
#867=VERTEX_POINT('',#2794);
#868=VERTEX_POINT('',#2796);
#869=VERTEX_POINT('',#2800);
#870=VERTEX_POINT('',#2802);
#871=VERTEX_POINT('',#2806);
#872=VERTEX_POINT('',#2808);
#873=VERTEX_POINT('',#2812);
#874=VERTEX_POINT('',#2814);
#875=VERTEX_POINT('',#2818);
#876=VERTEX_POINT('',#2820);
#877=VERTEX_POINT('',#2824);
#878=VERTEX_POINT('',#2828);
#879=VERTEX_POINT('',#2832);
#880=VERTEX_POINT('',#2836);
#881=VERTEX_POINT('',#2837);
#882=VERTEX_POINT('',#2839);
#883=VERTEX_POINT('',#2841);
#884=VERTEX_POINT('',#2850);
#885=VERTEX_POINT('',#2851);
#886=VERTEX_POINT('',#2853);
#887=VERTEX_POINT('',#2855);
#888=VERTEX_POINT('',#2864);
#889=VERTEX_POINT('',#2866);
#890=VERTEX_POINT('',#2870);
#891=VERTEX_POINT('',#2872);
#892=VERTEX_POINT('',#2878);
#893=VERTEX_POINT('',#2880);
#894=VERTEX_POINT('',#2884);
#895=VERTEX_POINT('',#2886);
#896=VERTEX_POINT('',#2892);
#897=VERTEX_POINT('',#2893);
#898=VERTEX_POINT('',#2895);
#899=VERTEX_POINT('',#2897);
#900=VERTEX_POINT('',#2906);
#901=VERTEX_POINT('',#2908);
#902=VERTEX_POINT('',#2914);
#903=VERTEX_POINT('',#2916);
#904=VERTEX_POINT('',#2922);
#905=VERTEX_POINT('',#2926);
#906=VERTEX_POINT('',#2930);
#907=VERTEX_POINT('',#2934);
#908=VERTEX_POINT('',#2936);
#909=EDGE_CURVE('',#741,#742,#257,.T.);
#910=EDGE_CURVE('',#743,#742,#258,.T.);
#911=EDGE_CURVE('',#743,#744,#259,.T.);
#912=EDGE_CURVE('',#744,#745,#260,.T.);
#913=EDGE_CURVE('',#741,#745,#261,.T.);
#914=EDGE_CURVE('',#746,#746,#41,.T.);
#915=EDGE_CURVE('',#746,#747,#262,.T.);
#916=EDGE_CURVE('',#747,#748,#42,.T.);
#917=EDGE_CURVE('',#748,#747,#43,.T.);
#918=EDGE_CURVE('',#749,#750,#263,.T.);
#919=EDGE_CURVE('',#749,#751,#264,.T.);
#920=EDGE_CURVE('',#751,#752,#265,.T.);
#921=EDGE_CURVE('',#752,#753,#266,.T.);
#922=EDGE_CURVE('',#753,#750,#267,.T.);
#923=EDGE_CURVE('',#745,#754,#268,.T.);
#924=EDGE_CURVE('',#755,#744,#269,.T.);
#925=EDGE_CURVE('',#755,#754,#270,.T.);
#926=EDGE_CURVE('',#756,#757,#271,.T.);
#927=EDGE_CURVE('',#756,#758,#272,.T.);
#928=EDGE_CURVE('',#758,#759,#273,.T.);
#929=EDGE_CURVE('',#757,#759,#274,.T.);
#930=EDGE_CURVE('',#760,#761,#275,.T.);
#931=EDGE_CURVE('',#760,#762,#276,.T.);
#932=EDGE_CURVE('',#763,#762,#277,.T.);
#933=EDGE_CURVE('',#764,#763,#278,.T.);
#934=EDGE_CURVE('',#764,#761,#279,.T.);
#935=EDGE_CURVE('',#751,#765,#280,.T.);
#936=EDGE_CURVE('',#765,#763,#281,.T.);
#937=EDGE_CURVE('',#762,#766,#282,.T.);
#938=EDGE_CURVE('',#766,#752,#283,.T.);
#939=EDGE_CURVE('',#750,#767,#284,.T.);
#940=EDGE_CURVE('',#768,#753,#285,.T.);
#941=EDGE_CURVE('',#769,#768,#286,.T.);
#942=EDGE_CURVE('',#754,#769,#287,.T.);
#943=EDGE_CURVE('',#767,#755,#288,.T.);
#944=EDGE_CURVE('',#768,#770,#289,.T.);
#945=EDGE_CURVE('',#766,#770,#290,.T.);
#946=EDGE_CURVE('',#770,#760,#291,.T.);
#947=EDGE_CURVE('',#761,#771,#292,.T.);
#948=EDGE_CURVE('',#769,#771,#293,.T.);
#949=EDGE_CURVE('',#772,#773,#294,.T.);
#950=EDGE_CURVE('',#772,#758,#295,.T.);
#951=EDGE_CURVE('',#771,#756,#296,.T.);
#952=EDGE_CURVE('',#773,#764,#297,.T.);
#953=EDGE_CURVE('',#773,#774,#298,.T.);
#954=EDGE_CURVE('',#765,#774,#299,.T.);
#955=EDGE_CURVE('',#774,#749,#300,.T.);
#956=EDGE_CURVE('',#767,#772,#301,.T.);
#957=EDGE_CURVE('',#747,#775,#302,.T.);
#958=EDGE_CURVE('',#775,#775,#44,.T.);
#959=EDGE_CURVE('',#776,#776,#45,.T.);
#960=EDGE_CURVE('',#776,#777,#303,.T.);
#961=EDGE_CURVE('',#777,#777,#46,.T.);
#962=EDGE_CURVE('',#777,#778,#304,.T.);
#963=EDGE_CURVE('',#778,#778,#47,.T.);
#964=EDGE_CURVE('',#779,#779,#48,.T.);
#965=EDGE_CURVE('',#779,#780,#305,.T.);
#966=EDGE_CURVE('',#780,#780,#49,.T.);
#967=EDGE_CURVE('',#780,#781,#306,.T.);
#968=EDGE_CURVE('',#781,#781,#50,.T.);
#969=EDGE_CURVE('',#782,#782,#51,.T.);
#970=EDGE_CURVE('',#782,#783,#307,.T.);
#971=EDGE_CURVE('',#783,#783,#52,.T.);
#972=EDGE_CURVE('',#783,#784,#308,.T.);
#973=EDGE_CURVE('',#784,#784,#53,.T.);
#974=EDGE_CURVE('',#785,#785,#54,.T.);
#975=EDGE_CURVE('',#785,#786,#309,.T.);
#976=EDGE_CURVE('',#786,#786,#55,.T.);
#977=EDGE_CURVE('',#786,#787,#310,.T.);
#978=EDGE_CURVE('',#787,#787,#56,.T.);
#979=EDGE_CURVE('',#788,#789,#311,.T.);
#980=EDGE_CURVE('',#757,#789,#312,.T.);
#981=EDGE_CURVE('',#759,#790,#313,.T.);
#982=EDGE_CURVE('',#788,#790,#314,.T.);
#983=EDGE_CURVE('',#791,#788,#315,.T.);
#984=EDGE_CURVE('',#790,#792,#316,.T.);
#985=EDGE_CURVE('',#792,#791,#317,.T.);
#986=EDGE_CURVE('',#793,#791,#318,.T.);
#987=EDGE_CURVE('',#792,#794,#319,.T.);
#988=EDGE_CURVE('',#794,#793,#320,.T.);
#989=EDGE_CURVE('',#794,#743,#321,.T.);
#990=EDGE_CURVE('',#742,#793,#322,.T.);
#991=EDGE_CURVE('',#795,#791,#323,.T.);
#992=EDGE_CURVE('',#796,#795,#324,.T.);
#993=EDGE_CURVE('',#796,#797,#325,.T.);
#994=EDGE_CURVE('',#797,#798,#326,.T.);
#995=EDGE_CURVE('',#798,#799,#327,.T.);
#996=EDGE_CURVE('',#799,#800,#328,.T.);
#997=EDGE_CURVE('',#800,#801,#329,.T.);
#998=EDGE_CURVE('',#801,#802,#330,.T.);
#999=EDGE_CURVE('',#802,#803,#331,.T.);
#1000=EDGE_CURVE('',#789,#803,#332,.T.);
#1001=EDGE_CURVE('',#793,#804,#333,.T.);
#1002=EDGE_CURVE('',#804,#795,#334,.T.);
#1003=EDGE_CURVE('',#805,#741,#335,.T.);
#1004=EDGE_CURVE('',#805,#806,#336,.T.);
#1005=EDGE_CURVE('',#806,#807,#337,.T.);
#1006=EDGE_CURVE('',#807,#808,#338,.T.);
#1007=EDGE_CURVE('',#808,#809,#339,.T.);
#1008=EDGE_CURVE('',#809,#810,#340,.T.);
#1009=EDGE_CURVE('',#810,#811,#341,.T.);
#1010=EDGE_CURVE('',#811,#812,#342,.T.);
#1011=EDGE_CURVE('',#804,#812,#343,.T.);
#1012=EDGE_CURVE('',#813,#814,#344,.T.);
#1013=EDGE_CURVE('',#815,#813,#345,.T.);
#1014=EDGE_CURVE('',#815,#816,#346,.T.);
#1015=EDGE_CURVE('',#816,#814,#347,.T.);
#1016=EDGE_CURVE('',#814,#817,#348,.T.);
#1017=EDGE_CURVE('',#817,#818,#349,.T.);
#1018=EDGE_CURVE('',#818,#819,#350,.T.);
#1019=EDGE_CURVE('',#819,#820,#351,.T.);
#1020=EDGE_CURVE('',#820,#821,#352,.T.);
#1021=EDGE_CURVE('',#821,#822,#353,.T.);
#1022=EDGE_CURVE('',#823,#822,#354,.T.);
#1023=EDGE_CURVE('',#813,#823,#355,.T.);
#1024=EDGE_CURVE('',#824,#815,#356,.T.);
#1025=EDGE_CURVE('',#824,#825,#357,.T.);
#1026=EDGE_CURVE('',#825,#826,#358,.T.);
#1027=EDGE_CURVE('',#826,#827,#359,.T.);
#1028=EDGE_CURVE('',#827,#828,#360,.T.);
#1029=EDGE_CURVE('',#828,#829,#361,.T.);
#1030=EDGE_CURVE('',#829,#830,#362,.T.);
#1031=EDGE_CURVE('',#830,#816,#363,.T.);
#1032=EDGE_CURVE('',#831,#832,#364,.T.);
#1033=EDGE_CURVE('',#833,#831,#365,.T.);
#1034=EDGE_CURVE('',#833,#834,#366,.T.);
#1035=EDGE_CURVE('',#834,#832,#367,.T.);
#1036=EDGE_CURVE('',#832,#835,#368,.T.);
#1037=EDGE_CURVE('',#835,#836,#369,.T.);
#1038=EDGE_CURVE('',#836,#837,#370,.T.);
#1039=EDGE_CURVE('',#837,#838,#371,.T.);
#1040=EDGE_CURVE('',#838,#839,#372,.T.);
#1041=EDGE_CURVE('',#839,#840,#373,.T.);
#1042=EDGE_CURVE('',#841,#840,#374,.T.);
#1043=EDGE_CURVE('',#831,#841,#375,.T.);
#1044=EDGE_CURVE('',#842,#833,#376,.T.);
#1045=EDGE_CURVE('',#842,#843,#377,.T.);
#1046=EDGE_CURVE('',#843,#844,#378,.T.);
#1047=EDGE_CURVE('',#844,#845,#379,.T.);
#1048=EDGE_CURVE('',#845,#846,#380,.T.);
#1049=EDGE_CURVE('',#846,#847,#381,.T.);
#1050=EDGE_CURVE('',#847,#848,#382,.T.);
#1051=EDGE_CURVE('',#848,#834,#383,.T.);
#1052=EDGE_CURVE('',#849,#850,#384,.T.);
#1053=EDGE_CURVE('',#851,#849,#385,.T.);
#1054=EDGE_CURVE('',#851,#852,#386,.T.);
#1055=EDGE_CURVE('',#852,#850,#387,.T.);
#1056=EDGE_CURVE('',#850,#853,#388,.T.);
#1057=EDGE_CURVE('',#853,#854,#389,.T.);
#1058=EDGE_CURVE('',#854,#855,#390,.T.);
#1059=EDGE_CURVE('',#855,#856,#391,.T.);
#1060=EDGE_CURVE('',#856,#857,#392,.T.);
#1061=EDGE_CURVE('',#857,#858,#393,.T.);
#1062=EDGE_CURVE('',#859,#858,#394,.T.);
#1063=EDGE_CURVE('',#849,#859,#395,.T.);
#1064=EDGE_CURVE('',#860,#851,#396,.T.);
#1065=EDGE_CURVE('',#860,#861,#397,.T.);
#1066=EDGE_CURVE('',#861,#862,#398,.T.);
#1067=EDGE_CURVE('',#862,#863,#399,.T.);
#1068=EDGE_CURVE('',#863,#864,#400,.T.);
#1069=EDGE_CURVE('',#864,#852,#401,.T.);
#1070=EDGE_CURVE('',#841,#865,#402,.T.);
#1071=EDGE_CURVE('',#866,#840,#403,.T.);
#1072=EDGE_CURVE('',#865,#866,#404,.T.);
#1073=EDGE_CURVE('',#867,#860,#405,.T.);
#1074=EDGE_CURVE('',#868,#867,#406,.T.);
#1075=EDGE_CURVE('',#861,#868,#407,.T.);
#1076=EDGE_CURVE('',#869,#824,#408,.T.);
#1077=EDGE_CURVE('',#870,#869,#409,.T.);
#1078=EDGE_CURVE('',#825,#870,#410,.T.);
#1079=EDGE_CURVE('',#871,#842,#411,.T.);
#1080=EDGE_CURVE('',#872,#871,#412,.T.);
#1081=EDGE_CURVE('',#843,#872,#413,.T.);
#1082=EDGE_CURVE('',#859,#873,#414,.T.);
#1083=EDGE_CURVE('',#874,#858,#415,.T.);
#1084=EDGE_CURVE('',#873,#874,#416,.T.);
#1085=EDGE_CURVE('',#823,#875,#417,.T.);
#1086=EDGE_CURVE('',#876,#822,#418,.T.);
#1087=EDGE_CURVE('',#875,#876,#419,.T.);
#1088=EDGE_CURVE('',#868,#877,#420,.T.);
#1089=EDGE_CURVE('',#877,#862,#421,.T.);
#1090=EDGE_CURVE('',#870,#878,#422,.T.);
#1091=EDGE_CURVE('',#878,#826,#423,.T.);
#1092=EDGE_CURVE('',#872,#879,#424,.T.);
#1093=EDGE_CURVE('',#879,#844,#425,.T.);
#1094=EDGE_CURVE('',#880,#881,#426,.T.);
#1095=EDGE_CURVE('',#880,#882,#427,.T.);
#1096=EDGE_CURVE('',#883,#882,#428,.T.);
#1097=EDGE_CURVE('',#881,#883,#429,.T.);
#1098=EDGE_CURVE('',#881,#818,#430,.T.);
#1099=EDGE_CURVE('',#819,#883,#431,.T.);
#1100=EDGE_CURVE('',#882,#820,#432,.T.);
#1101=EDGE_CURVE('',#884,#885,#433,.T.);
#1102=EDGE_CURVE('',#884,#886,#434,.T.);
#1103=EDGE_CURVE('',#887,#886,#435,.T.);
#1104=EDGE_CURVE('',#885,#887,#436,.T.);
#1105=EDGE_CURVE('',#885,#854,#437,.T.);
#1106=EDGE_CURVE('',#855,#887,#438,.T.);
#1107=EDGE_CURVE('',#886,#856,#439,.T.);
#1108=EDGE_CURVE('',#888,#829,#440,.T.);
#1109=EDGE_CURVE('',#889,#828,#441,.T.);
#1110=EDGE_CURVE('',#888,#889,#442,.T.);
#1111=EDGE_CURVE('',#890,#888,#443,.T.);
#1112=EDGE_CURVE('',#891,#889,#444,.T.);
#1113=EDGE_CURVE('',#890,#891,#445,.T.);
#1114=EDGE_CURVE('',#827,#891,#446,.T.);
#1115=EDGE_CURVE('',#892,#847,#447,.T.);
#1116=EDGE_CURVE('',#893,#846,#448,.T.);
#1117=EDGE_CURVE('',#892,#893,#449,.T.);
#1118=EDGE_CURVE('',#894,#892,#450,.T.);
#1119=EDGE_CURVE('',#895,#893,#451,.T.);
#1120=EDGE_CURVE('',#894,#895,#452,.T.);
#1121=EDGE_CURVE('',#845,#895,#453,.T.);
#1122=EDGE_CURVE('',#896,#897,#454,.T.);
#1123=EDGE_CURVE('',#896,#898,#455,.T.);
#1124=EDGE_CURVE('',#899,#898,#456,.T.);
#1125=EDGE_CURVE('',#897,#899,#457,.T.);
#1126=EDGE_CURVE('',#897,#836,#458,.T.);
#1127=EDGE_CURVE('',#837,#899,#459,.T.);
#1128=EDGE_CURVE('',#898,#838,#460,.T.);
#1129=EDGE_CURVE('',#900,#876,#461,.T.);
#1130=EDGE_CURVE('',#901,#900,#462,.T.);
#1131=EDGE_CURVE('',#901,#875,#463,.T.);
#1132=EDGE_CURVE('',#821,#900,#464,.T.);
#1133=EDGE_CURVE('',#902,#874,#465,.T.);
#1134=EDGE_CURVE('',#903,#902,#466,.T.);
#1135=EDGE_CURVE('',#903,#873,#467,.T.);
#1136=EDGE_CURVE('',#857,#902,#468,.T.);
#1137=EDGE_CURVE('',#904,#871,#469,.T.);
#1138=EDGE_CURVE('',#904,#879,#470,.T.);
#1139=EDGE_CURVE('',#905,#869,#471,.T.);
#1140=EDGE_CURVE('',#905,#878,#472,.T.);
#1141=EDGE_CURVE('',#906,#867,#473,.T.);
#1142=EDGE_CURVE('',#906,#877,#474,.T.);
#1143=EDGE_CURVE('',#907,#866,#475,.T.);
#1144=EDGE_CURVE('',#908,#907,#476,.T.);
#1145=EDGE_CURVE('',#908,#865,#477,.T.);
#1146=EDGE_CURVE('',#839,#907,#478,.T.);
#1147=EDGE_CURVE('',#812,#796,#479,.T.);
#1148=EDGE_CURVE('',#811,#797,#480,.T.);
#1149=EDGE_CURVE('',#890,#896,#481,.T.);
#1150=EDGE_CURVE('',#826,#839,#482,.T.);
#1151=EDGE_CURVE('',#809,#880,#483,.T.);
#1152=EDGE_CURVE('',#808,#821,#484,.T.);
#1153=EDGE_CURVE('',#894,#884,#485,.T.);
#1154=EDGE_CURVE('',#844,#857,#486,.T.);
#1155=EDGE_CURVE('',#810,#817,#487,.T.);
#1156=EDGE_CURVE('',#830,#835,#488,.T.);
#1157=EDGE_CURVE('',#848,#853,#489,.T.);
#1158=EDGE_CURVE('',#863,#799,#490,.T.);
#1159=EDGE_CURVE('',#864,#798,#491,.T.);
#1160=EDGE_CURVE('',#908,#905,#492,.T.);
#1161=EDGE_CURVE('',#807,#901,#493,.T.);
#1162=EDGE_CURVE('',#903,#904,#494,.T.);
#1163=EDGE_CURVE('',#862,#800,#495,.T.);
#1164=EDGE_CURVE('',#801,#906,#496,.T.);
#1165=EDGE_CURVE('',#806,#802,#497,.T.);
#1166=EDGE_CURVE('',#803,#805,#498,.T.);
#1167=ORIENTED_EDGE('',*,*,#909,.T.);
#1168=ORIENTED_EDGE('',*,*,#910,.F.);
#1169=ORIENTED_EDGE('',*,*,#911,.T.);
#1170=ORIENTED_EDGE('',*,*,#912,.T.);
#1171=ORIENTED_EDGE('',*,*,#913,.F.);
#1172=ORIENTED_EDGE('',*,*,#914,.F.);
#1173=ORIENTED_EDGE('',*,*,#915,.T.);
#1174=ORIENTED_EDGE('',*,*,#916,.T.);
#1175=ORIENTED_EDGE('',*,*,#917,.T.);
#1176=ORIENTED_EDGE('',*,*,#915,.F.);
#1177=ORIENTED_EDGE('',*,*,#918,.F.);
#1178=ORIENTED_EDGE('',*,*,#919,.T.);
#1179=ORIENTED_EDGE('',*,*,#920,.T.);
#1180=ORIENTED_EDGE('',*,*,#921,.T.);
#1181=ORIENTED_EDGE('',*,*,#922,.T.);
#1182=ORIENTED_EDGE('',*,*,#923,.F.);
#1183=ORIENTED_EDGE('',*,*,#912,.F.);
#1184=ORIENTED_EDGE('',*,*,#924,.F.);
#1185=ORIENTED_EDGE('',*,*,#925,.T.);
#1186=ORIENTED_EDGE('',*,*,#926,.F.);
#1187=ORIENTED_EDGE('',*,*,#927,.T.);
#1188=ORIENTED_EDGE('',*,*,#928,.T.);
#1189=ORIENTED_EDGE('',*,*,#929,.F.);
#1190=ORIENTED_EDGE('',*,*,#930,.F.);
#1191=ORIENTED_EDGE('',*,*,#931,.T.);
#1192=ORIENTED_EDGE('',*,*,#932,.F.);
#1193=ORIENTED_EDGE('',*,*,#933,.F.);
#1194=ORIENTED_EDGE('',*,*,#934,.T.);
#1195=ORIENTED_EDGE('',*,*,#920,.F.);
#1196=ORIENTED_EDGE('',*,*,#935,.T.);
#1197=ORIENTED_EDGE('',*,*,#936,.T.);
#1198=ORIENTED_EDGE('',*,*,#932,.T.);
#1199=ORIENTED_EDGE('',*,*,#937,.T.);
#1200=ORIENTED_EDGE('',*,*,#938,.T.);
#1201=ORIENTED_EDGE('',*,*,#939,.F.);
#1202=ORIENTED_EDGE('',*,*,#922,.F.);
#1203=ORIENTED_EDGE('',*,*,#940,.F.);
#1204=ORIENTED_EDGE('',*,*,#941,.F.);
#1205=ORIENTED_EDGE('',*,*,#942,.F.);
#1206=ORIENTED_EDGE('',*,*,#925,.F.);
#1207=ORIENTED_EDGE('',*,*,#943,.F.);
#1208=ORIENTED_EDGE('',*,*,#944,.F.);
#1209=ORIENTED_EDGE('',*,*,#940,.T.);
#1210=ORIENTED_EDGE('',*,*,#921,.F.);
#1211=ORIENTED_EDGE('',*,*,#938,.F.);
#1212=ORIENTED_EDGE('',*,*,#945,.T.);
#1213=ORIENTED_EDGE('',*,*,#946,.F.);
#1214=ORIENTED_EDGE('',*,*,#945,.F.);
#1215=ORIENTED_EDGE('',*,*,#937,.F.);
#1216=ORIENTED_EDGE('',*,*,#931,.F.);
#1217=ORIENTED_EDGE('',*,*,#947,.T.);
#1218=ORIENTED_EDGE('',*,*,#948,.F.);
#1219=ORIENTED_EDGE('',*,*,#941,.T.);
#1220=ORIENTED_EDGE('',*,*,#944,.T.);
#1221=ORIENTED_EDGE('',*,*,#946,.T.);
#1222=ORIENTED_EDGE('',*,*,#930,.T.);
#1223=ORIENTED_EDGE('',*,*,#949,.F.);
#1224=ORIENTED_EDGE('',*,*,#950,.T.);
#1225=ORIENTED_EDGE('',*,*,#927,.F.);
#1226=ORIENTED_EDGE('',*,*,#951,.F.);
#1227=ORIENTED_EDGE('',*,*,#947,.F.);
#1228=ORIENTED_EDGE('',*,*,#934,.F.);
#1229=ORIENTED_EDGE('',*,*,#952,.F.);
#1230=ORIENTED_EDGE('',*,*,#953,.F.);
#1231=ORIENTED_EDGE('',*,*,#952,.T.);
#1232=ORIENTED_EDGE('',*,*,#933,.T.);
#1233=ORIENTED_EDGE('',*,*,#936,.F.);
#1234=ORIENTED_EDGE('',*,*,#954,.T.);
#1235=ORIENTED_EDGE('',*,*,#955,.F.);
#1236=ORIENTED_EDGE('',*,*,#954,.F.);
#1237=ORIENTED_EDGE('',*,*,#935,.F.);
#1238=ORIENTED_EDGE('',*,*,#919,.F.);
#1239=ORIENTED_EDGE('',*,*,#939,.T.);
#1240=ORIENTED_EDGE('',*,*,#956,.T.);
#1241=ORIENTED_EDGE('',*,*,#949,.T.);
#1242=ORIENTED_EDGE('',*,*,#953,.T.);
#1243=ORIENTED_EDGE('',*,*,#955,.T.);
#1244=ORIENTED_EDGE('',*,*,#918,.T.);
#1245=ORIENTED_EDGE('',*,*,#917,.F.);
#1246=ORIENTED_EDGE('',*,*,#916,.F.);
#1247=ORIENTED_EDGE('',*,*,#957,.T.);
#1248=ORIENTED_EDGE('',*,*,#958,.F.);
#1249=ORIENTED_EDGE('',*,*,#957,.F.);
#1250=ORIENTED_EDGE('',*,*,#959,.F.);
#1251=ORIENTED_EDGE('',*,*,#960,.T.);
#1252=ORIENTED_EDGE('',*,*,#961,.F.);
#1253=ORIENTED_EDGE('',*,*,#960,.F.);
#1254=ORIENTED_EDGE('',*,*,#961,.T.);
#1255=ORIENTED_EDGE('',*,*,#962,.T.);
#1256=ORIENTED_EDGE('',*,*,#963,.T.);
#1257=ORIENTED_EDGE('',*,*,#962,.F.);
#1258=ORIENTED_EDGE('',*,*,#964,.F.);
#1259=ORIENTED_EDGE('',*,*,#965,.T.);
#1260=ORIENTED_EDGE('',*,*,#966,.F.);
#1261=ORIENTED_EDGE('',*,*,#965,.F.);
#1262=ORIENTED_EDGE('',*,*,#966,.T.);
#1263=ORIENTED_EDGE('',*,*,#967,.T.);
#1264=ORIENTED_EDGE('',*,*,#968,.T.);
#1265=ORIENTED_EDGE('',*,*,#967,.F.);
#1266=ORIENTED_EDGE('',*,*,#969,.F.);
#1267=ORIENTED_EDGE('',*,*,#970,.T.);
#1268=ORIENTED_EDGE('',*,*,#971,.F.);
#1269=ORIENTED_EDGE('',*,*,#970,.F.);
#1270=ORIENTED_EDGE('',*,*,#971,.T.);
#1271=ORIENTED_EDGE('',*,*,#972,.T.);
#1272=ORIENTED_EDGE('',*,*,#973,.T.);
#1273=ORIENTED_EDGE('',*,*,#972,.F.);
#1274=ORIENTED_EDGE('',*,*,#974,.F.);
#1275=ORIENTED_EDGE('',*,*,#975,.T.);
#1276=ORIENTED_EDGE('',*,*,#976,.F.);
#1277=ORIENTED_EDGE('',*,*,#975,.F.);
#1278=ORIENTED_EDGE('',*,*,#976,.T.);
#1279=ORIENTED_EDGE('',*,*,#977,.T.);
#1280=ORIENTED_EDGE('',*,*,#978,.T.);
#1281=ORIENTED_EDGE('',*,*,#977,.F.);
#1282=ORIENTED_EDGE('',*,*,#979,.T.);
#1283=ORIENTED_EDGE('',*,*,#980,.F.);
#1284=ORIENTED_EDGE('',*,*,#929,.T.);
#1285=ORIENTED_EDGE('',*,*,#981,.T.);
#1286=ORIENTED_EDGE('',*,*,#982,.F.);
#1287=ORIENTED_EDGE('',*,*,#983,.T.);
#1288=ORIENTED_EDGE('',*,*,#982,.T.);
#1289=ORIENTED_EDGE('',*,*,#984,.T.);
#1290=ORIENTED_EDGE('',*,*,#985,.T.);
#1291=ORIENTED_EDGE('',*,*,#986,.T.);
#1292=ORIENTED_EDGE('',*,*,#985,.F.);
#1293=ORIENTED_EDGE('',*,*,#987,.T.);
#1294=ORIENTED_EDGE('',*,*,#988,.T.);
#1295=ORIENTED_EDGE('',*,*,#989,.T.);
#1296=ORIENTED_EDGE('',*,*,#910,.T.);
#1297=ORIENTED_EDGE('',*,*,#990,.T.);
#1298=ORIENTED_EDGE('',*,*,#988,.F.);
#1299=ORIENTED_EDGE('',*,*,#983,.F.);
#1300=ORIENTED_EDGE('',*,*,#991,.F.);
#1301=ORIENTED_EDGE('',*,*,#992,.F.);
#1302=ORIENTED_EDGE('',*,*,#993,.T.);
#1303=ORIENTED_EDGE('',*,*,#994,.T.);
#1304=ORIENTED_EDGE('',*,*,#995,.T.);
#1305=ORIENTED_EDGE('',*,*,#996,.T.);
#1306=ORIENTED_EDGE('',*,*,#997,.T.);
#1307=ORIENTED_EDGE('',*,*,#998,.T.);
#1308=ORIENTED_EDGE('',*,*,#999,.T.);
#1309=ORIENTED_EDGE('',*,*,#1000,.F.);
#1310=ORIENTED_EDGE('',*,*,#979,.F.);
#1311=ORIENTED_EDGE('',*,*,#986,.F.);
#1312=ORIENTED_EDGE('',*,*,#1001,.T.);
#1313=ORIENTED_EDGE('',*,*,#1002,.T.);
#1314=ORIENTED_EDGE('',*,*,#991,.T.);
#1315=ORIENTED_EDGE('',*,*,#990,.F.);
#1316=ORIENTED_EDGE('',*,*,#909,.F.);
#1317=ORIENTED_EDGE('',*,*,#1003,.F.);
#1318=ORIENTED_EDGE('',*,*,#1004,.T.);
#1319=ORIENTED_EDGE('',*,*,#1005,.T.);
#1320=ORIENTED_EDGE('',*,*,#1006,.T.);
#1321=ORIENTED_EDGE('',*,*,#1007,.T.);
#1322=ORIENTED_EDGE('',*,*,#1008,.T.);
#1323=ORIENTED_EDGE('',*,*,#1009,.T.);
#1324=ORIENTED_EDGE('',*,*,#1010,.T.);
#1325=ORIENTED_EDGE('',*,*,#1011,.F.);
#1326=ORIENTED_EDGE('',*,*,#1001,.F.);
#1327=ORIENTED_EDGE('',*,*,#984,.F.);
#1328=ORIENTED_EDGE('',*,*,#981,.F.);
#1329=ORIENTED_EDGE('',*,*,#928,.F.);
#1330=ORIENTED_EDGE('',*,*,#950,.F.);
#1331=ORIENTED_EDGE('',*,*,#956,.F.);
#1332=ORIENTED_EDGE('',*,*,#943,.T.);
#1333=ORIENTED_EDGE('',*,*,#924,.T.);
#1334=ORIENTED_EDGE('',*,*,#911,.F.);
#1335=ORIENTED_EDGE('',*,*,#989,.F.);
#1336=ORIENTED_EDGE('',*,*,#987,.F.);
#1337=ORIENTED_EDGE('',*,*,#973,.F.);
#1338=ORIENTED_EDGE('',*,*,#963,.F.);
#1339=ORIENTED_EDGE('',*,*,#958,.T.);
#1340=ORIENTED_EDGE('',*,*,#968,.F.);
#1341=ORIENTED_EDGE('',*,*,#978,.F.);
#1342=ORIENTED_EDGE('',*,*,#1012,.F.);
#1343=ORIENTED_EDGE('',*,*,#1013,.F.);
#1344=ORIENTED_EDGE('',*,*,#1014,.T.);
#1345=ORIENTED_EDGE('',*,*,#1015,.T.);
#1346=ORIENTED_EDGE('',*,*,#1012,.T.);
#1347=ORIENTED_EDGE('',*,*,#1016,.T.);
#1348=ORIENTED_EDGE('',*,*,#1017,.T.);
#1349=ORIENTED_EDGE('',*,*,#1018,.T.);
#1350=ORIENTED_EDGE('',*,*,#1019,.T.);
#1351=ORIENTED_EDGE('',*,*,#1020,.T.);
#1352=ORIENTED_EDGE('',*,*,#1021,.T.);
#1353=ORIENTED_EDGE('',*,*,#1022,.F.);
#1354=ORIENTED_EDGE('',*,*,#1023,.F.);
#1355=ORIENTED_EDGE('',*,*,#1014,.F.);
#1356=ORIENTED_EDGE('',*,*,#1024,.F.);
#1357=ORIENTED_EDGE('',*,*,#1025,.T.);
#1358=ORIENTED_EDGE('',*,*,#1026,.T.);
#1359=ORIENTED_EDGE('',*,*,#1027,.T.);
#1360=ORIENTED_EDGE('',*,*,#1028,.T.);
#1361=ORIENTED_EDGE('',*,*,#1029,.T.);
#1362=ORIENTED_EDGE('',*,*,#1030,.T.);
#1363=ORIENTED_EDGE('',*,*,#1031,.T.);
#1364=ORIENTED_EDGE('',*,*,#1032,.F.);
#1365=ORIENTED_EDGE('',*,*,#1033,.F.);
#1366=ORIENTED_EDGE('',*,*,#1034,.T.);
#1367=ORIENTED_EDGE('',*,*,#1035,.T.);
#1368=ORIENTED_EDGE('',*,*,#1032,.T.);
#1369=ORIENTED_EDGE('',*,*,#1036,.T.);
#1370=ORIENTED_EDGE('',*,*,#1037,.T.);
#1371=ORIENTED_EDGE('',*,*,#1038,.T.);
#1372=ORIENTED_EDGE('',*,*,#1039,.T.);
#1373=ORIENTED_EDGE('',*,*,#1040,.T.);
#1374=ORIENTED_EDGE('',*,*,#1041,.T.);
#1375=ORIENTED_EDGE('',*,*,#1042,.F.);
#1376=ORIENTED_EDGE('',*,*,#1043,.F.);
#1377=ORIENTED_EDGE('',*,*,#1034,.F.);
#1378=ORIENTED_EDGE('',*,*,#1044,.F.);
#1379=ORIENTED_EDGE('',*,*,#1045,.T.);
#1380=ORIENTED_EDGE('',*,*,#1046,.T.);
#1381=ORIENTED_EDGE('',*,*,#1047,.T.);
#1382=ORIENTED_EDGE('',*,*,#1048,.T.);
#1383=ORIENTED_EDGE('',*,*,#1049,.T.);
#1384=ORIENTED_EDGE('',*,*,#1050,.T.);
#1385=ORIENTED_EDGE('',*,*,#1051,.T.);
#1386=ORIENTED_EDGE('',*,*,#1052,.F.);
#1387=ORIENTED_EDGE('',*,*,#1053,.F.);
#1388=ORIENTED_EDGE('',*,*,#1054,.T.);
#1389=ORIENTED_EDGE('',*,*,#1055,.T.);
#1390=ORIENTED_EDGE('',*,*,#1052,.T.);
#1391=ORIENTED_EDGE('',*,*,#1056,.T.);
#1392=ORIENTED_EDGE('',*,*,#1057,.T.);
#1393=ORIENTED_EDGE('',*,*,#1058,.T.);
#1394=ORIENTED_EDGE('',*,*,#1059,.T.);
#1395=ORIENTED_EDGE('',*,*,#1060,.T.);
#1396=ORIENTED_EDGE('',*,*,#1061,.T.);
#1397=ORIENTED_EDGE('',*,*,#1062,.F.);
#1398=ORIENTED_EDGE('',*,*,#1063,.F.);
#1399=ORIENTED_EDGE('',*,*,#1054,.F.);
#1400=ORIENTED_EDGE('',*,*,#1064,.F.);
#1401=ORIENTED_EDGE('',*,*,#1065,.T.);
#1402=ORIENTED_EDGE('',*,*,#1066,.T.);
#1403=ORIENTED_EDGE('',*,*,#1067,.T.);
#1404=ORIENTED_EDGE('',*,*,#1068,.T.);
#1405=ORIENTED_EDGE('',*,*,#1069,.T.);
#1406=ORIENTED_EDGE('',*,*,#1070,.F.);
#1407=ORIENTED_EDGE('',*,*,#1042,.T.);
#1408=ORIENTED_EDGE('',*,*,#1071,.F.);
#1409=ORIENTED_EDGE('',*,*,#1072,.F.);
#1410=ORIENTED_EDGE('',*,*,#1073,.F.);
#1411=ORIENTED_EDGE('',*,*,#1074,.F.);
#1412=ORIENTED_EDGE('',*,*,#1075,.F.);
#1413=ORIENTED_EDGE('',*,*,#1065,.F.);
#1414=ORIENTED_EDGE('',*,*,#1076,.F.);
#1415=ORIENTED_EDGE('',*,*,#1077,.F.);
#1416=ORIENTED_EDGE('',*,*,#1078,.F.);
#1417=ORIENTED_EDGE('',*,*,#1025,.F.);
#1418=ORIENTED_EDGE('',*,*,#1079,.F.);
#1419=ORIENTED_EDGE('',*,*,#1080,.F.);
#1420=ORIENTED_EDGE('',*,*,#1081,.F.);
#1421=ORIENTED_EDGE('',*,*,#1045,.F.);
#1422=ORIENTED_EDGE('',*,*,#1082,.F.);
#1423=ORIENTED_EDGE('',*,*,#1062,.T.);
#1424=ORIENTED_EDGE('',*,*,#1083,.F.);
#1425=ORIENTED_EDGE('',*,*,#1084,.F.);
#1426=ORIENTED_EDGE('',*,*,#1085,.F.);
#1427=ORIENTED_EDGE('',*,*,#1022,.T.);
#1428=ORIENTED_EDGE('',*,*,#1086,.F.);
#1429=ORIENTED_EDGE('',*,*,#1087,.F.);
#1430=ORIENTED_EDGE('',*,*,#1075,.T.);
#1431=ORIENTED_EDGE('',*,*,#1088,.T.);
#1432=ORIENTED_EDGE('',*,*,#1089,.T.);
#1433=ORIENTED_EDGE('',*,*,#1066,.F.);
#1434=ORIENTED_EDGE('',*,*,#1078,.T.);
#1435=ORIENTED_EDGE('',*,*,#1090,.T.);
#1436=ORIENTED_EDGE('',*,*,#1091,.T.);
#1437=ORIENTED_EDGE('',*,*,#1026,.F.);
#1438=ORIENTED_EDGE('',*,*,#1081,.T.);
#1439=ORIENTED_EDGE('',*,*,#1092,.T.);
#1440=ORIENTED_EDGE('',*,*,#1093,.T.);
#1441=ORIENTED_EDGE('',*,*,#1046,.F.);
#1442=ORIENTED_EDGE('',*,*,#1094,.F.);
#1443=ORIENTED_EDGE('',*,*,#1095,.T.);
#1444=ORIENTED_EDGE('',*,*,#1096,.F.);
#1445=ORIENTED_EDGE('',*,*,#1097,.F.);
#1446=ORIENTED_EDGE('',*,*,#1098,.F.);
#1447=ORIENTED_EDGE('',*,*,#1097,.T.);
#1448=ORIENTED_EDGE('',*,*,#1099,.F.);
#1449=ORIENTED_EDGE('',*,*,#1018,.F.);
#1450=ORIENTED_EDGE('',*,*,#1100,.T.);
#1451=ORIENTED_EDGE('',*,*,#1019,.F.);
#1452=ORIENTED_EDGE('',*,*,#1099,.T.);
#1453=ORIENTED_EDGE('',*,*,#1096,.T.);
#1454=ORIENTED_EDGE('',*,*,#1101,.F.);
#1455=ORIENTED_EDGE('',*,*,#1102,.T.);
#1456=ORIENTED_EDGE('',*,*,#1103,.F.);
#1457=ORIENTED_EDGE('',*,*,#1104,.F.);
#1458=ORIENTED_EDGE('',*,*,#1105,.F.);
#1459=ORIENTED_EDGE('',*,*,#1104,.T.);
#1460=ORIENTED_EDGE('',*,*,#1106,.F.);
#1461=ORIENTED_EDGE('',*,*,#1058,.F.);
#1462=ORIENTED_EDGE('',*,*,#1106,.T.);
#1463=ORIENTED_EDGE('',*,*,#1103,.T.);
#1464=ORIENTED_EDGE('',*,*,#1107,.T.);
#1465=ORIENTED_EDGE('',*,*,#1059,.F.);
#1466=ORIENTED_EDGE('',*,*,#1108,.T.);
#1467=ORIENTED_EDGE('',*,*,#1029,.F.);
#1468=ORIENTED_EDGE('',*,*,#1109,.F.);
#1469=ORIENTED_EDGE('',*,*,#1110,.F.);
#1470=ORIENTED_EDGE('',*,*,#1111,.T.);
#1471=ORIENTED_EDGE('',*,*,#1110,.T.);
#1472=ORIENTED_EDGE('',*,*,#1112,.F.);
#1473=ORIENTED_EDGE('',*,*,#1113,.F.);
#1474=ORIENTED_EDGE('',*,*,#1112,.T.);
#1475=ORIENTED_EDGE('',*,*,#1109,.T.);
#1476=ORIENTED_EDGE('',*,*,#1028,.F.);
#1477=ORIENTED_EDGE('',*,*,#1114,.T.);
#1478=ORIENTED_EDGE('',*,*,#1115,.T.);
#1479=ORIENTED_EDGE('',*,*,#1049,.F.);
#1480=ORIENTED_EDGE('',*,*,#1116,.F.);
#1481=ORIENTED_EDGE('',*,*,#1117,.F.);
#1482=ORIENTED_EDGE('',*,*,#1118,.T.);
#1483=ORIENTED_EDGE('',*,*,#1117,.T.);
#1484=ORIENTED_EDGE('',*,*,#1119,.F.);
#1485=ORIENTED_EDGE('',*,*,#1120,.F.);
#1486=ORIENTED_EDGE('',*,*,#1119,.T.);
#1487=ORIENTED_EDGE('',*,*,#1116,.T.);
#1488=ORIENTED_EDGE('',*,*,#1048,.F.);
#1489=ORIENTED_EDGE('',*,*,#1121,.T.);
#1490=ORIENTED_EDGE('',*,*,#1122,.F.);
#1491=ORIENTED_EDGE('',*,*,#1123,.T.);
#1492=ORIENTED_EDGE('',*,*,#1124,.F.);
#1493=ORIENTED_EDGE('',*,*,#1125,.F.);
#1494=ORIENTED_EDGE('',*,*,#1126,.F.);
#1495=ORIENTED_EDGE('',*,*,#1125,.T.);
#1496=ORIENTED_EDGE('',*,*,#1127,.F.);
#1497=ORIENTED_EDGE('',*,*,#1038,.F.);
#1498=ORIENTED_EDGE('',*,*,#1128,.T.);
#1499=ORIENTED_EDGE('',*,*,#1039,.F.);
#1500=ORIENTED_EDGE('',*,*,#1127,.T.);
#1501=ORIENTED_EDGE('',*,*,#1124,.T.);
#1502=ORIENTED_EDGE('',*,*,#1087,.T.);
#1503=ORIENTED_EDGE('',*,*,#1129,.F.);
#1504=ORIENTED_EDGE('',*,*,#1130,.F.);
#1505=ORIENTED_EDGE('',*,*,#1131,.T.);
#1506=ORIENTED_EDGE('',*,*,#1086,.T.);
#1507=ORIENTED_EDGE('',*,*,#1021,.F.);
#1508=ORIENTED_EDGE('',*,*,#1132,.T.);
#1509=ORIENTED_EDGE('',*,*,#1129,.T.);
#1510=ORIENTED_EDGE('',*,*,#1084,.T.);
#1511=ORIENTED_EDGE('',*,*,#1133,.F.);
#1512=ORIENTED_EDGE('',*,*,#1134,.F.);
#1513=ORIENTED_EDGE('',*,*,#1135,.T.);
#1514=ORIENTED_EDGE('',*,*,#1083,.T.);
#1515=ORIENTED_EDGE('',*,*,#1061,.F.);
#1516=ORIENTED_EDGE('',*,*,#1136,.T.);
#1517=ORIENTED_EDGE('',*,*,#1133,.T.);
#1518=ORIENTED_EDGE('',*,*,#1080,.T.);
#1519=ORIENTED_EDGE('',*,*,#1137,.F.);
#1520=ORIENTED_EDGE('',*,*,#1138,.T.);
#1521=ORIENTED_EDGE('',*,*,#1092,.F.);
#1522=ORIENTED_EDGE('',*,*,#1077,.T.);
#1523=ORIENTED_EDGE('',*,*,#1139,.F.);
#1524=ORIENTED_EDGE('',*,*,#1140,.T.);
#1525=ORIENTED_EDGE('',*,*,#1090,.F.);
#1526=ORIENTED_EDGE('',*,*,#1074,.T.);
#1527=ORIENTED_EDGE('',*,*,#1141,.F.);
#1528=ORIENTED_EDGE('',*,*,#1142,.T.);
#1529=ORIENTED_EDGE('',*,*,#1088,.F.);
#1530=ORIENTED_EDGE('',*,*,#1072,.T.);
#1531=ORIENTED_EDGE('',*,*,#1143,.F.);
#1532=ORIENTED_EDGE('',*,*,#1144,.F.);
#1533=ORIENTED_EDGE('',*,*,#1145,.T.);
#1534=ORIENTED_EDGE('',*,*,#1071,.T.);
#1535=ORIENTED_EDGE('',*,*,#1041,.F.);
#1536=ORIENTED_EDGE('',*,*,#1146,.T.);
#1537=ORIENTED_EDGE('',*,*,#1143,.T.);
#1538=ORIENTED_EDGE('',*,*,#1147,.F.);
#1539=ORIENTED_EDGE('',*,*,#1010,.F.);
#1540=ORIENTED_EDGE('',*,*,#1148,.T.);
#1541=ORIENTED_EDGE('',*,*,#993,.F.);
#1542=ORIENTED_EDGE('',*,*,#1149,.F.);
#1543=ORIENTED_EDGE('',*,*,#1113,.T.);
#1544=ORIENTED_EDGE('',*,*,#1114,.F.);
#1545=ORIENTED_EDGE('',*,*,#1027,.F.);
#1546=ORIENTED_EDGE('',*,*,#1150,.T.);
#1547=ORIENTED_EDGE('',*,*,#1040,.F.);
#1548=ORIENTED_EDGE('',*,*,#1128,.F.);
#1549=ORIENTED_EDGE('',*,*,#1123,.F.);
#1550=ORIENTED_EDGE('',*,*,#1151,.F.);
#1551=ORIENTED_EDGE('',*,*,#1007,.F.);
#1552=ORIENTED_EDGE('',*,*,#1152,.T.);
#1553=ORIENTED_EDGE('',*,*,#1020,.F.);
#1554=ORIENTED_EDGE('',*,*,#1100,.F.);
#1555=ORIENTED_EDGE('',*,*,#1095,.F.);
#1556=ORIENTED_EDGE('',*,*,#1153,.F.);
#1557=ORIENTED_EDGE('',*,*,#1120,.T.);
#1558=ORIENTED_EDGE('',*,*,#1121,.F.);
#1559=ORIENTED_EDGE('',*,*,#1047,.F.);
#1560=ORIENTED_EDGE('',*,*,#1154,.T.);
#1561=ORIENTED_EDGE('',*,*,#1060,.F.);
#1562=ORIENTED_EDGE('',*,*,#1107,.F.);
#1563=ORIENTED_EDGE('',*,*,#1102,.F.);
#1564=ORIENTED_EDGE('',*,*,#1017,.F.);
#1565=ORIENTED_EDGE('',*,*,#1155,.F.);
#1566=ORIENTED_EDGE('',*,*,#1008,.F.);
#1567=ORIENTED_EDGE('',*,*,#1151,.T.);
#1568=ORIENTED_EDGE('',*,*,#1094,.T.);
#1569=ORIENTED_EDGE('',*,*,#1098,.T.);
#1570=ORIENTED_EDGE('',*,*,#1037,.F.);
#1571=ORIENTED_EDGE('',*,*,#1156,.F.);
#1572=ORIENTED_EDGE('',*,*,#1030,.F.);
#1573=ORIENTED_EDGE('',*,*,#1108,.F.);
#1574=ORIENTED_EDGE('',*,*,#1111,.F.);
#1575=ORIENTED_EDGE('',*,*,#1149,.T.);
#1576=ORIENTED_EDGE('',*,*,#1122,.T.);
#1577=ORIENTED_EDGE('',*,*,#1126,.T.);
#1578=ORIENTED_EDGE('',*,*,#1057,.F.);
#1579=ORIENTED_EDGE('',*,*,#1157,.F.);
#1580=ORIENTED_EDGE('',*,*,#1050,.F.);
#1581=ORIENTED_EDGE('',*,*,#1115,.F.);
#1582=ORIENTED_EDGE('',*,*,#1118,.F.);
#1583=ORIENTED_EDGE('',*,*,#1153,.T.);
#1584=ORIENTED_EDGE('',*,*,#1101,.T.);
#1585=ORIENTED_EDGE('',*,*,#1105,.T.);
#1586=ORIENTED_EDGE('',*,*,#1068,.F.);
#1587=ORIENTED_EDGE('',*,*,#1158,.T.);
#1588=ORIENTED_EDGE('',*,*,#995,.F.);
#1589=ORIENTED_EDGE('',*,*,#1159,.F.);
#1590=ORIENTED_EDGE('',*,*,#1150,.F.);
#1591=ORIENTED_EDGE('',*,*,#1091,.F.);
#1592=ORIENTED_EDGE('',*,*,#1140,.F.);
#1593=ORIENTED_EDGE('',*,*,#1160,.F.);
#1594=ORIENTED_EDGE('',*,*,#1144,.T.);
#1595=ORIENTED_EDGE('',*,*,#1146,.F.);
#1596=ORIENTED_EDGE('',*,*,#1152,.F.);
#1597=ORIENTED_EDGE('',*,*,#1006,.F.);
#1598=ORIENTED_EDGE('',*,*,#1161,.T.);
#1599=ORIENTED_EDGE('',*,*,#1130,.T.);
#1600=ORIENTED_EDGE('',*,*,#1132,.F.);
#1601=ORIENTED_EDGE('',*,*,#1154,.F.);
#1602=ORIENTED_EDGE('',*,*,#1093,.F.);
#1603=ORIENTED_EDGE('',*,*,#1138,.F.);
#1604=ORIENTED_EDGE('',*,*,#1162,.F.);
#1605=ORIENTED_EDGE('',*,*,#1134,.T.);
#1606=ORIENTED_EDGE('',*,*,#1136,.F.);
#1607=ORIENTED_EDGE('',*,*,#1067,.F.);
#1608=ORIENTED_EDGE('',*,*,#1163,.T.);
#1609=ORIENTED_EDGE('',*,*,#996,.F.);
#1610=ORIENTED_EDGE('',*,*,#1158,.F.);
#1611=ORIENTED_EDGE('',*,*,#1164,.F.);
#1612=ORIENTED_EDGE('',*,*,#997,.F.);
#1613=ORIENTED_EDGE('',*,*,#1163,.F.);
#1614=ORIENTED_EDGE('',*,*,#1089,.F.);
#1615=ORIENTED_EDGE('',*,*,#1142,.F.);
#1616=ORIENTED_EDGE('',*,*,#1056,.F.);
#1617=ORIENTED_EDGE('',*,*,#1055,.F.);
#1618=ORIENTED_EDGE('',*,*,#1069,.F.);
#1619=ORIENTED_EDGE('',*,*,#1159,.T.);
#1620=ORIENTED_EDGE('',*,*,#994,.F.);
#1621=ORIENTED_EDGE('',*,*,#1148,.F.);
#1622=ORIENTED_EDGE('',*,*,#1009,.F.);
#1623=ORIENTED_EDGE('',*,*,#1155,.T.);
#1624=ORIENTED_EDGE('',*,*,#1016,.F.);
#1625=ORIENTED_EDGE('',*,*,#1015,.F.);
#1626=ORIENTED_EDGE('',*,*,#1031,.F.);
#1627=ORIENTED_EDGE('',*,*,#1156,.T.);
#1628=ORIENTED_EDGE('',*,*,#1036,.F.);
#1629=ORIENTED_EDGE('',*,*,#1035,.F.);
#1630=ORIENTED_EDGE('',*,*,#1051,.F.);
#1631=ORIENTED_EDGE('',*,*,#1157,.T.);
#1632=ORIENTED_EDGE('',*,*,#1161,.F.);
#1633=ORIENTED_EDGE('',*,*,#1005,.F.);
#1634=ORIENTED_EDGE('',*,*,#1165,.T.);
#1635=ORIENTED_EDGE('',*,*,#998,.F.);
#1636=ORIENTED_EDGE('',*,*,#1164,.T.);
#1637=ORIENTED_EDGE('',*,*,#1141,.T.);
#1638=ORIENTED_EDGE('',*,*,#1073,.T.);
#1639=ORIENTED_EDGE('',*,*,#1064,.T.);
#1640=ORIENTED_EDGE('',*,*,#1053,.T.);
#1641=ORIENTED_EDGE('',*,*,#1063,.T.);
#1642=ORIENTED_EDGE('',*,*,#1082,.T.);
#1643=ORIENTED_EDGE('',*,*,#1135,.F.);
#1644=ORIENTED_EDGE('',*,*,#1162,.T.);
#1645=ORIENTED_EDGE('',*,*,#1137,.T.);
#1646=ORIENTED_EDGE('',*,*,#1079,.T.);
#1647=ORIENTED_EDGE('',*,*,#1044,.T.);
#1648=ORIENTED_EDGE('',*,*,#1033,.T.);
#1649=ORIENTED_EDGE('',*,*,#1043,.T.);
#1650=ORIENTED_EDGE('',*,*,#1070,.T.);
#1651=ORIENTED_EDGE('',*,*,#1145,.F.);
#1652=ORIENTED_EDGE('',*,*,#1160,.T.);
#1653=ORIENTED_EDGE('',*,*,#1139,.T.);
#1654=ORIENTED_EDGE('',*,*,#1076,.T.);
#1655=ORIENTED_EDGE('',*,*,#1024,.T.);
#1656=ORIENTED_EDGE('',*,*,#1013,.T.);
#1657=ORIENTED_EDGE('',*,*,#1023,.T.);
#1658=ORIENTED_EDGE('',*,*,#1085,.T.);
#1659=ORIENTED_EDGE('',*,*,#1131,.F.);
#1660=ORIENTED_EDGE('',*,*,#999,.F.);
#1661=ORIENTED_EDGE('',*,*,#1165,.F.);
#1662=ORIENTED_EDGE('',*,*,#1004,.F.);
#1663=ORIENTED_EDGE('',*,*,#1166,.F.);
#1664=ORIENTED_EDGE('',*,*,#1002,.F.);
#1665=ORIENTED_EDGE('',*,*,#1011,.T.);
#1666=ORIENTED_EDGE('',*,*,#1147,.T.);
#1667=ORIENTED_EDGE('',*,*,#992,.T.);
#1668=ORIENTED_EDGE('',*,*,#1000,.T.);
#1669=ORIENTED_EDGE('',*,*,#1166,.T.);
#1670=ORIENTED_EDGE('',*,*,#1003,.T.);
#1671=ORIENTED_EDGE('',*,*,#913,.T.);
#1672=ORIENTED_EDGE('',*,*,#923,.T.);
#1673=ORIENTED_EDGE('',*,*,#942,.T.);
#1674=ORIENTED_EDGE('',*,*,#948,.T.);
#1675=ORIENTED_EDGE('',*,*,#951,.T.);
#1676=ORIENTED_EDGE('',*,*,#926,.T.);
#1677=ORIENTED_EDGE('',*,*,#980,.T.);
#1678=ORIENTED_EDGE('',*,*,#914,.T.);
#1679=ORIENTED_EDGE('',*,*,#974,.T.);
#1680=ORIENTED_EDGE('',*,*,#964,.T.);
#1681=ORIENTED_EDGE('',*,*,#959,.T.);
#1682=ORIENTED_EDGE('',*,*,#969,.T.);
#1683=PLANE('',#1874);
#1684=PLANE('',#1879);
#1685=PLANE('',#1880);
#1686=PLANE('',#1881);
#1687=PLANE('',#1882);
#1688=PLANE('',#1883);
#1689=PLANE('',#1884);
#1690=PLANE('',#1885);
#1691=PLANE('',#1886);
#1692=PLANE('',#1887);
#1693=PLANE('',#1888);
#1694=PLANE('',#1889);
#1695=PLANE('',#1890);
#1696=PLANE('',#1891);
#1697=PLANE('',#1914);
#1698=PLANE('',#1915);
#1699=PLANE('',#1916);
#1700=PLANE('',#1917);
#1701=PLANE('',#1918);
#1702=PLANE('',#1919);
#1703=PLANE('',#1920);
#1704=PLANE('',#1921);
#1705=PLANE('',#1922);
#1706=PLANE('',#1923);
#1707=PLANE('',#1924);
#1708=PLANE('',#1925);
#1709=PLANE('',#1926);
#1710=PLANE('',#1927);
#1711=PLANE('',#1928);
#1712=PLANE('',#1929);
#1713=PLANE('',#1930);
#1714=PLANE('',#1931);
#1715=PLANE('',#1932);
#1716=PLANE('',#1933);
#1717=PLANE('',#1934);
#1718=PLANE('',#1935);
#1719=PLANE('',#1936);
#1720=PLANE('',#1937);
#1721=PLANE('',#1938);
#1722=PLANE('',#1939);
#1723=PLANE('',#1940);
#1724=PLANE('',#1941);
#1725=PLANE('',#1942);
#1726=PLANE('',#1943);
#1727=PLANE('',#1944);
#1728=PLANE('',#1945);
#1729=PLANE('',#1946);
#1730=PLANE('',#1947);
#1731=PLANE('',#1948);
#1732=PLANE('',#1949);
#1733=PLANE('',#1950);
#1734=PLANE('',#1951);
#1735=PLANE('',#1952);
#1736=PLANE('',#1953);
#1737=PLANE('',#1954);
#1738=PLANE('',#1955);
#1739=PLANE('',#1956);
#1740=PLANE('',#1957);
#1741=PLANE('',#1958);
#1742=PLANE('',#1959);
#1743=PLANE('',#1960);
#1744=PLANE('',#1961);
#1745=PLANE('',#1962);
#1746=PLANE('',#1963);
#1747=PLANE('',#1964);
#1748=PLANE('',#1965);
#1749=PLANE('',#1966);
#1750=PLANE('',#1967);
#1751=PLANE('',#1968);
#1752=PLANE('',#1969);
#1753=PLANE('',#1970);
#1754=PLANE('',#1971);
#1755=PLANE('',#1972);
#1756=PLANE('',#1973);
#1757=PLANE('',#1974);
#1758=PLANE('',#1975);
#1759=PLANE('',#1976);
#1760=PLANE('',#1977);
#1761=PLANE('',#1978);
#1762=PLANE('',#1979);
#1763=PLANE('',#1980);
#1764=PLANE('',#1981);
#1765=ADVANCED_FACE('',(#63),#1683,.T.);
#1766=ADVANCED_FACE('',(#64),#57,.F.);
#1767=ADVANCED_FACE('',(#65),#1684,.T.);
#1768=ADVANCED_FACE('',(#66),#1685,.T.);
#1769=ADVANCED_FACE('',(#67),#1686,.T.);
#1770=ADVANCED_FACE('',(#68),#1687,.T.);
#1771=ADVANCED_FACE('',(#69),#1688,.T.);
#1772=ADVANCED_FACE('',(#70),#1689,.T.);
#1773=ADVANCED_FACE('',(#71),#1690,.T.);
#1774=ADVANCED_FACE('',(#72),#1691,.T.);
#1775=ADVANCED_FACE('',(#73),#1692,.T.);
#1776=ADVANCED_FACE('',(#74),#1693,.T.);
#1777=ADVANCED_FACE('',(#75),#1694,.T.);
#1778=ADVANCED_FACE('',(#76),#1695,.T.);
#1779=ADVANCED_FACE('',(#77),#1696,.T.);
#1780=ADVANCED_FACE('',(#78),#58,.F.);
#1781=ADVANCED_FACE('',(#79),#59,.F.);
#1782=ADVANCED_FACE('',(#80),#37,.F.);
#1783=ADVANCED_FACE('',(#81),#60,.F.);
#1784=ADVANCED_FACE('',(#82),#38,.F.);
#1785=ADVANCED_FACE('',(#83),#61,.F.);
#1786=ADVANCED_FACE('',(#84),#39,.F.);
#1787=ADVANCED_FACE('',(#85),#62,.F.);
#1788=ADVANCED_FACE('',(#86),#40,.F.);
#1789=ADVANCED_FACE('',(#87),#1697,.T.);
#1790=ADVANCED_FACE('',(#88),#1698,.T.);
#1791=ADVANCED_FACE('',(#89),#1699,.T.);
#1792=ADVANCED_FACE('',(#90),#1700,.T.);
#1793=ADVANCED_FACE('',(#91),#1701,.T.);
#1794=ADVANCED_FACE('',(#92),#1702,.T.);
#1795=ADVANCED_FACE('',(#93),#1703,.T.);
#1796=ADVANCED_FACE('',(#94,#27,#28,#29,#30,#31),#1704,.T.);
#1797=ADVANCED_FACE('',(#95),#1705,.F.);
#1798=ADVANCED_FACE('',(#96),#1706,.F.);
#1799=ADVANCED_FACE('',(#97),#1707,.F.);
#1800=ADVANCED_FACE('',(#98),#1708,.F.);
#1801=ADVANCED_FACE('',(#99),#1709,.F.);
#1802=ADVANCED_FACE('',(#100),#1710,.F.);
#1803=ADVANCED_FACE('',(#101),#1711,.F.);
#1804=ADVANCED_FACE('',(#102),#1712,.F.);
#1805=ADVANCED_FACE('',(#103),#1713,.F.);
#1806=ADVANCED_FACE('',(#104),#1714,.F.);
#1807=ADVANCED_FACE('',(#105),#1715,.F.);
#1808=ADVANCED_FACE('',(#106),#1716,.F.);
#1809=ADVANCED_FACE('',(#107),#1717,.F.);
#1810=ADVANCED_FACE('',(#108),#1718,.F.);
#1811=ADVANCED_FACE('',(#109),#1719,.F.);
#1812=ADVANCED_FACE('',(#110),#1720,.T.);
#1813=ADVANCED_FACE('',(#111),#1721,.T.);
#1814=ADVANCED_FACE('',(#112),#1722,.T.);
#1815=ADVANCED_FACE('',(#113),#1723,.T.);
#1816=ADVANCED_FACE('',(#114),#1724,.T.);
#1817=ADVANCED_FACE('',(#115),#1725,.T.);
#1818=ADVANCED_FACE('',(#116),#1726,.T.);
#1819=ADVANCED_FACE('',(#117),#1727,.T.);
#1820=ADVANCED_FACE('',(#118),#1728,.T.);
#1821=ADVANCED_FACE('',(#119),#1729,.T.);
#1822=ADVANCED_FACE('',(#120),#1730,.T.);
#1823=ADVANCED_FACE('',(#121),#1731,.T.);
#1824=ADVANCED_FACE('',(#122),#1732,.T.);
#1825=ADVANCED_FACE('',(#123),#1733,.T.);
#1826=ADVANCED_FACE('',(#124),#1734,.T.);
#1827=ADVANCED_FACE('',(#125),#1735,.T.);
#1828=ADVANCED_FACE('',(#126),#1736,.T.);
#1829=ADVANCED_FACE('',(#127),#1737,.T.);
#1830=ADVANCED_FACE('',(#128),#1738,.T.);
#1831=ADVANCED_FACE('',(#129),#1739,.T.);
#1832=ADVANCED_FACE('',(#130),#1740,.T.);
#1833=ADVANCED_FACE('',(#131),#1741,.T.);
#1834=ADVANCED_FACE('',(#132),#1742,.T.);
#1835=ADVANCED_FACE('',(#133),#1743,.T.);
#1836=ADVANCED_FACE('',(#134),#1744,.T.);
#1837=ADVANCED_FACE('',(#135),#1745,.T.);
#1838=ADVANCED_FACE('',(#136),#1746,.T.);
#1839=ADVANCED_FACE('',(#137),#1747,.F.);
#1840=ADVANCED_FACE('',(#138),#1748,.F.);
#1841=ADVANCED_FACE('',(#139),#1749,.F.);
#1842=ADVANCED_FACE('',(#140),#1750,.F.);
#1843=ADVANCED_FACE('',(#141),#1751,.F.);
#1844=ADVANCED_FACE('',(#142),#1752,.F.);
#1845=ADVANCED_FACE('',(#143),#1753,.F.);
#1846=ADVANCED_FACE('',(#144),#1754,.F.);
#1847=ADVANCED_FACE('',(#145),#1755,.F.);
#1848=ADVANCED_FACE('',(#146),#1756,.F.);
#1849=ADVANCED_FACE('',(#147),#1757,.F.);
#1850=ADVANCED_FACE('',(#148),#1758,.F.);
#1851=ADVANCED_FACE('',(#149),#1759,.F.);
#1852=ADVANCED_FACE('',(#150),#1760,.F.);
#1853=ADVANCED_FACE('',(#151),#1761,.T.);
#1854=ADVANCED_FACE('',(#152),#1762,.T.);
#1855=ADVANCED_FACE('',(#153),#1763,.F.);
#1856=ADVANCED_FACE('',(#154,#32,#33,#34,#35,#36),#1764,.T.);
#1857=CLOSED_SHELL('',(#1765,#1766,#1767,#1768,#1769,#1770,#1771,#1772,
#1773,#1774,#1775,#1776,#1777,#1778,#1779,#1780,#1781,#1782,#1783,#1784,
#1785,#1786,#1787,#1788,#1789,#1790,#1791,#1792,#1793,#1794,#1795,#1796,
#1797,#1798,#1799,#1800,#1801,#1802,#1803,#1804,#1805,#1806,#1807,#1808,
#1809,#1810,#1811,#1812,#1813,#1814,#1815,#1816,#1817,#1818,#1819,#1820,
#1821,#1822,#1823,#1824,#1825,#1826,#1827,#1828,#1829,#1830,#1831,#1832,
#1833,#1834,#1835,#1836,#1837,#1838,#1839,#1840,#1841,#1842,#1843,#1844,
#1845,#1846,#1847,#1848,#1849,#1850,#1851,#1852,#1853,#1854,#1855,#1856));
#1858=DERIVED_UNIT_ELEMENT(#1860,1.);
#1859=DERIVED_UNIT_ELEMENT(#2993,-3.);
#1860=(
MASS_UNIT()
NAMED_UNIT(*)
SI_UNIT(.KILO.,.GRAM.)
);
#1861=DERIVED_UNIT((#1858,#1859));
#1862=MEASURE_REPRESENTATION_ITEM('density measure',
POSITIVE_RATIO_MEASURE(7850.),#1861);
#1863=PROPERTY_DEFINITION_REPRESENTATION(#1868,#1865);
#1864=PROPERTY_DEFINITION_REPRESENTATION(#1869,#1866);
#1865=REPRESENTATION('material name',(#1867),#2990);
#1866=REPRESENTATION('density',(#1862),#2990);
#1867=DESCRIPTIVE_REPRESENTATION_ITEM('Steel','Steel');
#1868=PROPERTY_DEFINITION('material property','material name',#3015);
#1869=PROPERTY_DEFINITION('material property','density of part',#3015);
#1870=AXIS2_PLACEMENT_3D('',#2457,#1985,#1986);
#1871=AXIS2_PLACEMENT_3D('',#2458,#1987,#1988);
#1872=AXIS2_PLACEMENT_3D('',#2459,#1989,#1990);
#1873=AXIS2_PLACEMENT_3D('',#2460,#1991,#1992);
#1874=AXIS2_PLACEMENT_3D('',#2461,#1993,#1994);
#1875=AXIS2_PLACEMENT_3D('',#2472,#2000,#2001);
#1876=AXIS2_PLACEMENT_3D('',#2474,#2002,#2003);
#1877=AXIS2_PLACEMENT_3D('',#2478,#2005,#2006);
#1878=AXIS2_PLACEMENT_3D('',#2479,#2007,#2008);
#1879=AXIS2_PLACEMENT_3D('',#2480,#2009,#2010);
#1880=AXIS2_PLACEMENT_3D('',#2491,#2016,#2017);
#1881=AXIS2_PLACEMENT_3D('',#2497,#2021,#2022);
#1882=AXIS2_PLACEMENT_3D('',#2506,#2027,#2028);
#1883=AXIS2_PLACEMENT_3D('',#2517,#2034,#2035);
#1884=AXIS2_PLACEMENT_3D('',#2524,#2040,#2041);
#1885=AXIS2_PLACEMENT_3D('',#2533,#2047,#2048);
#1886=AXIS2_PLACEMENT_3D('',#2537,#2051,#2052);
#1887=AXIS2_PLACEMENT_3D('',#2539,#2054,#2055);
#1888=AXIS2_PLACEMENT_3D('',#2543,#2058,#2059);
#1889=AXIS2_PLACEMENT_3D('',#2550,#2064,#2065);
#1890=AXIS2_PLACEMENT_3D('',#2554,#2068,#2069);
#1891=AXIS2_PLACEMENT_3D('',#2556,#2071,#2072);
#1892=AXIS2_PLACEMENT_3D('',#2558,#2074,#2075);
#1893=AXIS2_PLACEMENT_3D('',#2561,#2077,#2078);
#1894=AXIS2_PLACEMENT_3D('',#2562,#2079,#2080);
#1895=AXIS2_PLACEMENT_3D('',#2564,#2081,#2082);
#1896=AXIS2_PLACEMENT_3D('',#2567,#2084,#2085);
#1897=AXIS2_PLACEMENT_3D('',#2568,#2086,#2087);
#1898=AXIS2_PLACEMENT_3D('',#2571,#2089,#2090);
#1899=AXIS2_PLACEMENT_3D('',#2572,#2091,#2092);
#1900=AXIS2_PLACEMENT_3D('',#2574,#2093,#2094);
#1901=AXIS2_PLACEMENT_3D('',#2577,#2096,#2097);
#1902=AXIS2_PLACEMENT_3D('',#2578,#2098,#2099);
#1903=AXIS2_PLACEMENT_3D('',#2581,#2101,#2102);
#1904=AXIS2_PLACEMENT_3D('',#2582,#2103,#2104);
#1905=AXIS2_PLACEMENT_3D('',#2584,#2105,#2106);
#1906=AXIS2_PLACEMENT_3D('',#2587,#2108,#2109);
#1907=AXIS2_PLACEMENT_3D('',#2588,#2110,#2111);
#1908=AXIS2_PLACEMENT_3D('',#2591,#2113,#2114);
#1909=AXIS2_PLACEMENT_3D('',#2592,#2115,#2116);
#1910=AXIS2_PLACEMENT_3D('',#2594,#2117,#2118);
#1911=AXIS2_PLACEMENT_3D('',#2597,#2120,#2121);
#1912=AXIS2_PLACEMENT_3D('',#2598,#2122,#2123);
#1913=AXIS2_PLACEMENT_3D('',#2601,#2125,#2126);
#1914=AXIS2_PLACEMENT_3D('',#2602,#2127,#2128);
#1915=AXIS2_PLACEMENT_3D('',#2610,#2133,#2134);
#1916=AXIS2_PLACEMENT_3D('',#2616,#2138,#2139);
#1917=AXIS2_PLACEMENT_3D('',#2622,#2143,#2144);
#1918=AXIS2_PLACEMENT_3D('',#2625,#2147,#2148);
#1919=AXIS2_PLACEMENT_3D('',#2645,#2159,#2160);
#1920=AXIS2_PLACEMENT_3D('',#2649,#2163,#2164);
#1921=AXIS2_PLACEMENT_3D('',#2667,#2174,#2175);
#1922=AXIS2_PLACEMENT_3D('',#2668,#2176,#2177);
#1923=AXIS2_PLACEMENT_3D('',#2677,#2182,#2183);
#1924=AXIS2_PLACEMENT_3D('',#2693,#2192,#2193);
#1925=AXIS2_PLACEMENT_3D('',#2709,#2202,#2203);
#1926=AXIS2_PLACEMENT_3D('',#2718,#2208,#2209);
#1927=AXIS2_PLACEMENT_3D('',#2734,#2218,#2219);
#1928=AXIS2_PLACEMENT_3D('',#2750,#2228,#2229);
#1929=AXIS2_PLACEMENT_3D('',#2759,#2234,#2235);
#1930=AXIS2_PLACEMENT_3D('',#2775,#2244,#2245);
#1931=AXIS2_PLACEMENT_3D('',#2787,#2252,#2253);
#1932=AXIS2_PLACEMENT_3D('',#2793,#2257,#2258);
#1933=AXIS2_PLACEMENT_3D('',#2799,#2262,#2263);
#1934=AXIS2_PLACEMENT_3D('',#2805,#2267,#2268);
#1935=AXIS2_PLACEMENT_3D('',#2811,#2272,#2273);
#1936=AXIS2_PLACEMENT_3D('',#2817,#2277,#2278);
#1937=AXIS2_PLACEMENT_3D('',#2823,#2282,#2283);
#1938=AXIS2_PLACEMENT_3D('',#2827,#2286,#2287);
#1939=AXIS2_PLACEMENT_3D('',#2831,#2290,#2291);
#1940=AXIS2_PLACEMENT_3D('',#2835,#2294,#2295);
#1941=AXIS2_PLACEMENT_3D('',#2844,#2300,#2301);
#1942=AXIS2_PLACEMENT_3D('',#2847,#2304,#2305);
#1943=AXIS2_PLACEMENT_3D('',#2849,#2307,#2308);
#1944=AXIS2_PLACEMENT_3D('',#2858,#2313,#2314);
#1945=AXIS2_PLACEMENT_3D('',#2861,#2317,#2318);
#1946=AXIS2_PLACEMENT_3D('',#2863,#2320,#2321);
#1947=AXIS2_PLACEMENT_3D('',#2869,#2325,#2326);
#1948=AXIS2_PLACEMENT_3D('',#2875,#2330,#2331);
#1949=AXIS2_PLACEMENT_3D('',#2877,#2333,#2334);
#1950=AXIS2_PLACEMENT_3D('',#2883,#2338,#2339);
#1951=AXIS2_PLACEMENT_3D('',#2889,#2343,#2344);
#1952=AXIS2_PLACEMENT_3D('',#2891,#2346,#2347);
#1953=AXIS2_PLACEMENT_3D('',#2900,#2352,#2353);
#1954=AXIS2_PLACEMENT_3D('',#2903,#2356,#2357);
#1955=AXIS2_PLACEMENT_3D('',#2905,#2359,#2360);
#1956=AXIS2_PLACEMENT_3D('',#2911,#2364,#2365);
#1957=AXIS2_PLACEMENT_3D('',#2913,#2367,#2368);
#1958=AXIS2_PLACEMENT_3D('',#2919,#2372,#2373);
#1959=AXIS2_PLACEMENT_3D('',#2921,#2375,#2376);
#1960=AXIS2_PLACEMENT_3D('',#2925,#2379,#2380);
#1961=AXIS2_PLACEMENT_3D('',#2929,#2383,#2384);
#1962=AXIS2_PLACEMENT_3D('',#2933,#2387,#2388);
#1963=AXIS2_PLACEMENT_3D('',#2939,#2392,#2393);
#1964=AXIS2_PLACEMENT_3D('',#2941,#2395,#2396);
#1965=AXIS2_PLACEMENT_3D('',#2944,#2399,#2400);
#1966=AXIS2_PLACEMENT_3D('',#2947,#2403,#2404);
#1967=AXIS2_PLACEMENT_3D('',#2950,#2407,#2408);
#1968=AXIS2_PLACEMENT_3D('',#2953,#2411,#2412);
#1969=AXIS2_PLACEMENT_3D('',#2955,#2414,#2415);
#1970=AXIS2_PLACEMENT_3D('',#2957,#2417,#2418);
#1971=AXIS2_PLACEMENT_3D('',#2959,#2420,#2421);
#1972=AXIS2_PLACEMENT_3D('',#2962,#2424,#2425);
#1973=AXIS2_PLACEMENT_3D('',#2964,#2427,#2428);
#1974=AXIS2_PLACEMENT_3D('',#2966,#2430,#2431);
#1975=AXIS2_PLACEMENT_3D('',#2968,#2433,#2434);
#1976=AXIS2_PLACEMENT_3D('',#2970,#2436,#2437);
#1977=AXIS2_PLACEMENT_3D('',#2972,#2439,#2440);
#1978=AXIS2_PLACEMENT_3D('',#2973,#2441,#2442);
#1979=AXIS2_PLACEMENT_3D('',#2975,#2444,#2445);
#1980=AXIS2_PLACEMENT_3D('',#2977,#2447,#2448);
#1981=AXIS2_PLACEMENT_3D('',#2978,#2449,#2450);
#1982=AXIS2_PLACEMENT_3D('',#2979,#2451,#2452);
#1983=AXIS2_PLACEMENT_3D('',#2980,#2453,#2454);
#1984=AXIS2_PLACEMENT_3D('',#2981,#2455,#2456);
#1985=DIRECTION('axis',(0.,0.,1.));
#1986=DIRECTION('refdir',(1.,0.,0.));
#1987=DIRECTION('axis',(0.,0.,1.));
#1988=DIRECTION('refdir',(1.,0.,0.));
#1989=DIRECTION('axis',(0.,0.,1.));
#1990=DIRECTION('refdir',(1.,0.,0.));
#1991=DIRECTION('axis',(0.,0.,1.));
#1992=DIRECTION('refdir',(1.,0.,0.));
#1993=DIRECTION('center_axis',(2.15493254718432E-10,-1.,2.15465715944552E-10));
#1994=DIRECTION('ref_axis',(0.,-2.15465715944552E-10,-1.));
#1995=DIRECTION('',(-2.15475055710018E-10,-2.15465715990985E-10,-1.));
#1996=DIRECTION('',(0.707106781338915,3.04734010568975E-10,0.70710678103418));
#1997=DIRECTION('',(1.,2.15493254672005E-10,-2.15474568648163E-10));
#1998=DIRECTION('',(0.707238194413901,3.04746270315753E-10,0.706975343531983));
#1999=DIRECTION('',(1.,2.15493308729412E-10,-2.15472356637065E-10));
#2000=DIRECTION('center_axis',(-1.24054739777422E-15,7.45279116469866E-13,
-1.));
#2001=DIRECTION('ref_axis',(-0.999999999732407,2.31340641011574E-5,1.25778873229593E-15));
#2002=DIRECTION('center_axis',(-2.15474618739208E-10,-2.15514220617483E-10,
-1.));
#2003=DIRECTION('ref_axis',(-2.31340641009929E-5,-0.999999999732407,2.15519205363455E-10));
#2004=DIRECTION('',(-1.24054739777422E-15,7.45279116469866E-13,-1.));
#2005=DIRECTION('center_axis',(3.54655092288188E-16,5.44580714209467E-13,
-1.));
#2006=DIRECTION('ref_axis',(-0.999999999732407,2.31340641011574E-5,-3.42056727042509E-16));
#2007=DIRECTION('center_axis',(3.54655092288188E-16,5.44580714209467E-13,
-1.));
#2008=DIRECTION('ref_axis',(-0.999999999732407,2.31340641011574E-5,-3.42056727042509E-16));
#2009=DIRECTION('center_axis',(0.53946429055982,0.573427416953755,-0.616570577222539));
#2010=DIRECTION('ref_axis',(0.752597844651355,-2.22044604925031E-16,0.658480435720102));
#2011=DIRECTION('',(-0.0564600102349755,-0.705978847196068,-0.705978848518833));
#2012=DIRECTION('',(0.752597854645854,-2.16850683576578E-8,0.658480424297076));
#2013=DIRECTION('',(0.84184748165587,-0.381636500008719,0.38163647557691));
#2014=DIRECTION('',(-0.0564600102349414,-0.705978847195869,-0.705978848519035));
#2015=DIRECTION('',(-0.752597854645882,2.1685064511437E-8,-0.658480424297045));
#2016=DIRECTION('center_axis',(0.706844104923592,0.0192674175655648,-0.707106907019809));
#2017=DIRECTION('ref_axis',(0.70723819441807,3.46944695195361E-18,0.706975343527812));
#2018=DIRECTION('',(-0.0272482482915705,0.999628697549766,-2.09540043644025E-10));
#2019=DIRECTION('',(0.0272482482915756,-0.999628697549766,2.09598282592391E-10));
#2020=DIRECTION('',(0.699204959110566,-0.170469320181958,0.694300105164829));
#2021=DIRECTION('center_axis',(-0.706844769827032,0.0192872900895986,-0.707105700591623));
#2022=DIRECTION('ref_axis',(0.707237258801852,6.93889390390722E-18,-0.706976279490651));
#2023=DIRECTION('',(-0.0272763057639778,-0.999627932354769,2.2131884705434E-10));
#2024=DIRECTION('',(0.699204315035034,0.170488751989623,-0.694295982475348));
#2025=DIRECTION('',(-0.0272763057640722,-0.999627932354766,2.21241444146257E-10));
#2026=DIRECTION('',(0.707237258801914,7.15792265952533E-14,-0.706976279490588));
#2027=DIRECTION('center_axis',(-0.808381202857165,-0.447306185175056,0.382670886756939));
#2028=DIRECTION('ref_axis',(-0.427861206519651,-2.4980018054066E-16,-0.903844448981985));
#2029=DIRECTION('',(-0.241576234581415,-0.340723812928232,-0.90859683368869));
#2030=DIRECTION('',(-0.484158002806755,0.874980587395043,-8.42747129827569E-11));
#2031=DIRECTION('',(0.5874963360637,-0.572209784289776,0.572209767371003));
#2032=DIRECTION('',(-0.056447609363675,0.705979344640757,0.70597934271318));
#2033=DIRECTION('',(0.484158002806962,-0.874980587394928,8.43487167521398E-11));
#2034=DIRECTION('center_axis',(2.06584189806132E-8,0.707106781337948,0.707106781035147));
#2035=DIRECTION('ref_axis',(-1.,3.47415857272272E-23,2.92154163058243E-8));
#2036=DIRECTION('',(-1.,2.8999942077616E-8,2.15471797660987E-10));
#2037=DIRECTION('',(-0.841852423723713,-0.381631024533859,0.381631049292044));
#2038=DIRECTION('',(1.,-2.89999421809904E-8,-2.15469733097425E-10));
#2039=DIRECTION('',(0.587514256334277,0.572200567406215,-0.572200584816188));
#2040=DIRECTION('center_axis',(0.618687217370019,-0.342361976878929,-0.707116966173556));
#2041=DIRECTION('ref_axis',(0.752597859848934,3.33066907387547E-16,0.658480418350314));
#2042=DIRECTION('',(-0.768080864539242,-0.452797838819308,-0.452797860738338));
#2043=DIRECTION('',(0.484179924792218,0.874968456818989,-2.93178551777062E-10));
#2044=DIRECTION('',(0.784357038617493,0.217805252153748,0.58081400474286));
#2045=DIRECTION('',(0.484179924792199,0.874968456818999,-2.92796884350997E-10));
#2046=DIRECTION('',(-0.484179924792206,-0.874968456818995,2.92934381689786E-10));
#2047=DIRECTION('center_axis',(0.808367860358803,-0.447325256894162,0.382676778605004));
#2048=DIRECTION('ref_axis',(-0.427872357410343,-8.32667268468867E-17,0.903839170297524));
#2049=DIRECTION('',(-0.241578655674194,0.340723601168881,0.908596269378847));
#2050=DIRECTION('',(-0.48417992479223,-0.874968456818982,2.92397759758435E-10));
#2051=DIRECTION('center_axis',(2.154731741595E-10,2.15841170863547E-10,
1.));
#2052=DIRECTION('ref_axis',(-1.,0.,2.154731741595E-10));
#2053=DIRECTION('',(-1.,-2.15493436695428E-10,2.15473354116389E-10));
#2054=DIRECTION('center_axis',(2.77430241946097E-10,-0.936329177493398,
0.351123441790116));
#2055=DIRECTION('ref_axis',(0.,-0.351123441790116,-0.936329177493398));
#2056=DIRECTION('',(0.784357270582885,-0.217805148757757,-0.580813730259865));
#2057=DIRECTION('',(-1.,-2.15493145969832E-10,2.15471419956025E-10));
#2058=DIRECTION('center_axis',(-0.618687903247857,-0.34234210903893,-0.707125985064577));
#2059=DIRECTION('ref_axis',(0.752601660125555,-1.66533453693773E-16,-0.658476074870043));
#2060=DIRECTION('',(-0.768077254190931,0.452800923028335,0.452800900727028));
#2061=DIRECTION('',(0.484158002807135,-0.874980587394833,8.42843404331227E-11));
#2062=DIRECTION('',(0.484158002807018,-0.874980587394897,8.41238089518322E-11));
#2063=DIRECTION('',(-0.752601665395576,2.19656348577119E-8,0.658476068846701));
#2064=DIRECTION('center_axis',(-0.539456704079378,0.573436094413652,-0.616569144579447));
#2065=DIRECTION('ref_axis',(0.752601675519586,3.33066907387547E-16,-0.658476057275518));
#2066=DIRECTION('',(-0.0564476093633113,0.705979344640985,0.70597934271298));
#2067=DIRECTION('',(0.752601665395525,-2.1965629439144E-8,-0.658476068846759));
#2068=DIRECTION('center_axis',(2.8999942116441E-8,1.,-2.12950702525154E-10));
#2069=DIRECTION('ref_axis',(0.,2.12950702525154E-10,1.));
#2070=DIRECTION('',(1.,-2.89999420860024E-8,-2.15468964434706E-10));
#2071=DIRECTION('center_axis',(2.03536949805163E-8,0.707106781035023,-0.707106781338071));
#2072=DIRECTION('ref_axis',(1.,-6.61744490042422E-24,2.87844714796832E-8));
#2073=DIRECTION('',(-1.,2.89999422150627E-8,2.15476228499456E-10));
#2074=DIRECTION('center_axis',(-1.4193375803074E-10,-5.04170305584841E-10,
-1.));
#2075=DIRECTION('ref_axis',(-0.999999999732407,2.3134064100993E-5,1.41922094484592E-10));
#2076=DIRECTION('',(-1.4193375803074E-10,-5.04170305584841E-10,-1.));
#2077=DIRECTION('center_axis',(2.15474568601723E-10,2.15506523269301E-10,
1.));
#2078=DIRECTION('ref_axis',(2.3134064100993E-5,0.999999999732407,-2.15511508014115E-10));
#2079=DIRECTION('center_axis',(-2.10205612467446E-10,-2.10789878881892E-10,
-1.));
#2080=DIRECTION('ref_axis',(-0.581114860589756,-0.813821552185581,2.93698951600876E-10));
#2081=DIRECTION('center_axis',(-2.15474618739208E-10,-2.15514220617483E-10,
-1.));
#2082=DIRECTION('ref_axis',(-0.581114860589756,-0.813821552185581,3.00605620570251E-10));
#2083=DIRECTION('',(-2.10205612467446E-10,-2.10789878881892E-10,-1.));
#2084=DIRECTION('center_axis',(2.15474568601723E-10,2.15506523269301E-10,
1.));
#2085=DIRECTION('ref_axis',(-0.581114860589756,-0.813821552185581,3.00599327166769E-10));
#2086=DIRECTION('center_axis',(-2.1547208486905E-10,-2.15516493790087E-10,
-1.));
#2087=DIRECTION('ref_axis',(-0.581114860589756,-0.813821552185581,3.00605998057505E-10));
#2088=DIRECTION('',(0.410910258649682,0.57545873839695,-0.707106781002023));
#2089=DIRECTION('center_axis',(-2.15474568601723E-10,-2.15506523269301E-10,
-1.));
#2090=DIRECTION('ref_axis',(-0.581114860589756,-0.813821552185581,3.00599327166769E-10));
#2091=DIRECTION('center_axis',(-2.10205612467446E-10,-2.10789878881892E-10,
-1.));
#2092=DIRECTION('ref_axis',(-0.581114860589756,-0.813821552185581,2.93698951600876E-10));
#2093=DIRECTION('center_axis',(-2.15474618739208E-10,-2.15514220617483E-10,
-1.));
#2094=DIRECTION('ref_axis',(-0.581114860589756,-0.813821552185581,3.00605620570251E-10));
#2095=DIRECTION('',(-2.10205612467446E-10,-2.10789878881892E-10,-1.));
#2096=DIRECTION('center_axis',(2.15474568601723E-10,2.15506523269301E-10,
1.));
#2097=DIRECTION('ref_axis',(-0.581114860589756,-0.813821552185581,3.00599327166769E-10));
#2098=DIRECTION('center_axis',(-2.15472084483871E-10,-2.15516493404828E-10,
-1.));
#2099=DIRECTION('ref_axis',(-0.581114860589756,-0.813821552185581,3.00605997520139E-10));
#2100=DIRECTION('',(0.410910258282409,0.575458737882603,-0.707106781634037));
#2101=DIRECTION('center_axis',(-2.15474568601723E-10,-2.15506523269301E-10,
-1.));
#2102=DIRECTION('ref_axis',(-0.581114860589756,-0.813821552185581,3.00599327166769E-10));
#2103=DIRECTION('center_axis',(2.15424977625138E-10,-2.15508026756639E-10,
-1.));
#2104=DIRECTION('ref_axis',(-1.,-5.2245789405199E-15,-2.15424977625137E-10));
#2105=DIRECTION('center_axis',(-2.15561111472322E-10,-2.15357713111124E-10,
-1.));
#2106=DIRECTION('ref_axis',(-0.813826036051079,-0.581108581114913,3.00575459974442E-10));
#2107=DIRECTION('',(2.15424977625138E-10,-2.15508026756639E-10,-1.));
#2108=DIRECTION('center_axis',(2.15474568601723E-10,2.15506523269301E-10,
1.));
#2109=DIRECTION('ref_axis',(-1.,-5.22448607820896E-15,2.15474568601724E-10));
#2110=DIRECTION('center_axis',(-2.15472084712092E-10,-2.15516493633097E-10,
-1.));
#2111=DIRECTION('ref_axis',(-1.,-5.22448607874428E-15,2.15472084712093E-10));
#2112=DIRECTION('',(0.707106781034168,-1.52389566431585E-10,-0.707106781338927));
#2113=DIRECTION('center_axis',(-2.15474568601723E-10,-2.15506523269301E-10,
-1.));
#2114=DIRECTION('ref_axis',(-1.,-5.22448607820896E-15,2.15474568601724E-10));
#2115=DIRECTION('center_axis',(-2.10205612467446E-10,-2.10789878881892E-10,
-1.));
#2116=DIRECTION('ref_axis',(-0.581114860589756,-0.813821552185581,2.93698951600876E-10));
#2117=DIRECTION('center_axis',(-2.15474618739208E-10,-2.15514220617483E-10,
-1.));
#2118=DIRECTION('ref_axis',(-0.581114860589756,-0.813821552185581,3.00605620570251E-10));
#2119=DIRECTION('',(-2.10205612467446E-10,-2.10789878881892E-10,-1.));
#2120=DIRECTION('center_axis',(2.15474568601723E-10,2.15506523269301E-10,
1.));
#2121=DIRECTION('ref_axis',(-0.581114860589756,-0.813821552185581,3.00599327166769E-10));
#2122=DIRECTION('center_axis',(-2.15472084133455E-10,-2.1551649305434E-10,
-1.));
#2123=DIRECTION('ref_axis',(-0.581114860589756,-0.813821552185581,3.00605997031273E-10));
#2124=DIRECTION('',(0.410910257948271,0.575458737414659,-0.707106782209033));
#2125=DIRECTION('center_axis',(-2.15474568601723E-10,-2.15506523269301E-10,
-1.));
#2126=DIRECTION('ref_axis',(-0.581114860589756,-0.813821552185581,3.00599327166769E-10));
#2127=DIRECTION('center_axis',(2.15493254718432E-10,-1.,2.15465715944552E-10));
#2128=DIRECTION('ref_axis',(0.,-2.15465715944552E-10,-1.));
#2129=DIRECTION('',(2.14082465406581E-10,2.15465715990685E-10,1.));
#2130=DIRECTION('',(1.,2.15493308729412E-10,-2.15472356637065E-10));
#2131=DIRECTION('',(1.,2.15493254672005E-10,-2.15474568648163E-10));
#2132=DIRECTION('',(0.70710678103468,1.94727883074108E-14,-0.707106781338415));
#2133=DIRECTION('center_axis',(-0.707106781338415,-1.52386123993554E-10,
-0.70710678103468));
#2134=DIRECTION('ref_axis',(-0.70710678103468,0.,0.707106781338415));
#2135=DIRECTION('',(-4.61361678126926E-20,1.,-2.15506523269301E-10));
#2136=DIRECTION('',(4.61361678126926E-20,-1.,2.15506523269301E-10));
#2137=DIRECTION('',(-0.577350269024298,-0.57735026914786,0.577350269396719));
#2138=DIRECTION('center_axis',(-1.52363528615108E-10,-0.707106781262736,
-0.70710678111036));
#2139=DIRECTION('ref_axis',(-1.,0.,2.15474568601723E-10));
#2140=DIRECTION('',(-1.,7.74940807154663E-35,2.15474568601723E-10));
#2141=DIRECTION('',(1.,-7.74940807154663E-35,-2.15474568601723E-10));
#2142=DIRECTION('',(0.577350269272558,-0.577350269148155,0.577350269148165));
#2143=DIRECTION('center_axis',(0.70710678103418,-1.5238612399366E-10,-0.707106781338915));
#2144=DIRECTION('ref_axis',(-0.707106781338915,0.,-0.70710678103418));
#2145=DIRECTION('',(-4.64362801073249E-20,1.,-2.15506523269301E-10));
#2146=DIRECTION('',(4.64362801073249E-20,-1.,2.15506523269301E-10));
#2147=DIRECTION('center_axis',(-1.,7.69934195095122E-35,2.14082465406581E-10));
#2148=DIRECTION('ref_axis',(-2.14082465406581E-10,-4.30332818957988E-25,
-1.));
#2149=DIRECTION('',(-2.14082465406581E-10,-4.30332818957988E-25,-1.));
#2150=DIRECTION('',(4.61379219860234E-20,-1.,2.15514717183396E-10));
#2151=DIRECTION('',(-2.14082465406581E-10,1.07760908037338E-9,-1.));
#2152=DIRECTION('',(-6.99629426458529E-27,1.,-3.26803707547532E-17));
#2153=DIRECTION('',(2.14082465406581E-10,3.26803707547532E-17,1.));
#2154=DIRECTION('',(-6.99629426458529E-27,1.,-3.26803707547532E-17));
#2155=DIRECTION('',(2.14082465406581E-10,3.26803707547532E-17,1.));
#2156=DIRECTION('',(7.69934195095122E-35,1.,0.));
#2157=DIRECTION('',(-2.14082465406581E-10,-3.38135821523358E-25,-1.));
#2158=DIRECTION('',(4.61378156799685E-20,-1.,2.15514220617483E-10));
#2159=DIRECTION('center_axis',(0.,-1.,3.59643744588273E-25));
#2160=DIRECTION('ref_axis',(0.,-3.59643744588273E-25,-1.));
#2161=DIRECTION('',(2.15475055710018E-10,4.30332818957988E-25,1.));
#2162=DIRECTION('',(-1.,7.74957427892102E-35,2.15479190046608E-10));
#2163=DIRECTION('center_axis',(1.,-7.74942559009177E-35,-2.15475055710018E-10));
#2164=DIRECTION('ref_axis',(2.15475055710018E-10,4.30332818957988E-25,1.));
#2165=DIRECTION('',(-4.64379386938533E-20,1.,-2.15514220617483E-10));
#2166=DIRECTION('',(2.15475055710018E-10,3.40335369559223E-25,1.));
#2167=DIRECTION('',(-7.74942559009177E-35,-1.,0.));
#2168=DIRECTION('',(-2.15475055710018E-10,-3.26803707547532E-17,-1.));
#2169=DIRECTION('',(7.04180463151025E-27,-1.,3.26803707547532E-17));
#2170=DIRECTION('',(-2.15475055710018E-10,-3.26803707547532E-17,-1.));
#2171=DIRECTION('',(7.04180463151025E-27,-1.,3.26803707547532E-17));
#2172=DIRECTION('',(2.15475055710018E-10,-1.07760908037338E-9,1.));
#2173=DIRECTION('',(-4.6438045691421E-20,1.,-2.15514717183396E-10));
#2174=DIRECTION('center_axis',(-2.15474568601723E-10,-2.15506523269301E-10,
-1.));
#2175=DIRECTION('ref_axis',(1.,0.,-2.15474568601723E-10));
#2176=DIRECTION('center_axis',(-1.57946528166694E-15,1.,0.));
#2177=DIRECTION('ref_axis',(1.,1.57946528166694E-15,5.08001031501945E-26));
#2178=DIRECTION('',(0.,0.,-1.));
#2179=DIRECTION('',(1.,-2.35922392732846E-16,5.08001031501945E-26));
#2180=DIRECTION('',(0.,0.,-1.));
#2181=DIRECTION('',(1.,1.57946528166694E-15,5.08001031501945E-26));
#2182=DIRECTION('center_axis',(1.,1.71077003400716E-15,0.));
#2183=DIRECTION('ref_axis',(1.71077003400716E-15,-1.,4.30332849772868E-25));
#2184=DIRECTION('',(1.71077003400716E-15,-1.,4.30332849772868E-25));
#2185=DIRECTION('',(-5.59085989874756E-32,3.26803707547532E-17,1.));
#2186=DIRECTION('',(-1.71077003400716E-15,1.,1.14336078358997E-29));
#2187=DIRECTION('',(0.,0.,1.));
#2188=DIRECTION('',(-1.71077003400716E-15,1.,-3.26803707547532E-17));
#2189=DIRECTION('',(-1.71077003400716E-15,1.,0.));
#2190=DIRECTION('',(0.,0.,-1.));
#2191=DIRECTION('',(1.95036294806746E-15,-1.,0.));
#2192=DIRECTION('center_axis',(-1.,2.35922392732846E-16,0.));
#2193=DIRECTION('ref_axis',(2.35922392732846E-16,1.,-4.30332849772868E-25));
#2194=DIRECTION('',(2.35922392732846E-16,1.,0.));
#2195=DIRECTION('',(0.,0.,-1.));
#2196=DIRECTION('',(-2.35922392732846E-16,-1.,0.));
#2197=DIRECTION('',(-2.35922392732846E-16,-1.,3.26803707547532E-17));
#2198=DIRECTION('',(0.,0.,-1.));
#2199=DIRECTION('',(-2.35922392732846E-16,-1.,7.82426977470712E-27));
#2200=DIRECTION('',(-7.7100312638579E-33,-3.26803707547532E-17,-1.));
#2201=DIRECTION('',(2.35922392732846E-16,1.,-4.30332849772868E-25));
#2202=DIRECTION('center_axis',(-1.57946528166694E-15,1.,0.));
#2203=DIRECTION('ref_axis',(1.,1.57946528166694E-15,5.08001031501945E-26));
#2204=DIRECTION('',(0.,0.,-1.));
#2205=DIRECTION('',(1.,9.5029252506365E-16,5.08001031501945E-26));
#2206=DIRECTION('',(0.,0.,-1.));
#2207=DIRECTION('',(1.,1.57946528166694E-15,5.08001031501945E-26));
#2208=DIRECTION('center_axis',(1.,3.65746246074716E-15,0.));
#2209=DIRECTION('ref_axis',(3.65746246074716E-15,-1.,4.30332849772868E-25));
#2210=DIRECTION('',(3.65746246074716E-15,-1.,4.30332849772868E-25));
#2211=DIRECTION('',(-1.19527229238809E-31,3.26803707547532E-17,1.));
#2212=DIRECTION('',(-3.65746246074716E-15,1.,1.16804602583024E-29));
#2213=DIRECTION('',(0.,0.,1.));
#2214=DIRECTION('',(-3.65746246074716E-15,1.,-3.26803707547532E-17));
#2215=DIRECTION('',(-3.65746246074716E-15,1.,0.));
#2216=DIRECTION('',(0.,0.,-1.));
#2217=DIRECTION('',(4.13664828886777E-15,-1.,0.));
#2218=DIRECTION('center_axis',(-1.,-3.65746246074716E-15,0.));
#2219=DIRECTION('ref_axis',(-3.65746246074716E-15,1.,-4.30332849772868E-25));
#2220=DIRECTION('',(-4.13664828886778E-15,1.,0.));
#2221=DIRECTION('',(0.,0.,-1.));
#2222=DIRECTION('',(3.65746246074716E-15,-1.,0.));
#2223=DIRECTION('',(3.65746246074716E-15,-1.,3.26803707547532E-17));
#2224=DIRECTION('',(0.,0.,-1.));
#2225=DIRECTION('',(3.65746246074716E-15,-1.,-1.18643401239697E-29));
#2226=DIRECTION('',(1.19527229238809E-31,-3.26803707547532E-17,-1.));
#2227=DIRECTION('',(-3.65746246074716E-15,1.,-4.30332849772868E-25));
#2228=DIRECTION('center_axis',(-1.57946528166694E-15,1.,0.));
#2229=DIRECTION('ref_axis',(1.,1.57946528166694E-15,5.08001031501945E-26));
#2230=DIRECTION('',(0.,0.,-1.));
#2231=DIRECTION('',(1.,3.32272236065664E-15,5.08001031501945E-26));
#2232=DIRECTION('',(0.,0.,-1.));
#2233=DIRECTION('',(1.,1.57946528166694E-15,5.08001031501945E-26));
#2234=DIRECTION('center_axis',(1.,-2.35922392732846E-16,0.));
#2235=DIRECTION('ref_axis',(-2.35922392732846E-16,-1.,4.30332849772868E-25));
#2236=DIRECTION('',(-2.35922392732846E-16,-1.,4.30332849772868E-25));
#2237=DIRECTION('',(7.7100312638579E-33,3.26803707547532E-17,1.));
#2238=DIRECTION('',(2.35922392732846E-16,1.,-4.07800425105015E-28));
#2239=DIRECTION('',(0.,0.,1.));
#2240=DIRECTION('',(2.35922392732846E-16,1.,-3.26803707547532E-17));
#2241=DIRECTION('',(2.35922392732846E-16,1.,0.));
#2242=DIRECTION('',(0.,0.,-1.));
#2243=DIRECTION('',(-2.35922392732846E-16,-1.,0.));
#2244=DIRECTION('center_axis',(-1.,-1.71077003400716E-15,0.));
#2245=DIRECTION('ref_axis',(-1.71077003400716E-15,1.,-4.30332849772868E-25));
#2246=DIRECTION('',(-1.95036294806748E-15,1.,0.));
#2247=DIRECTION('',(0.,0.,-1.));
#2248=DIRECTION('',(1.71077003400716E-15,-1.,0.));
#2249=DIRECTION('',(1.71077003400716E-15,-1.,3.26803707547532E-17));
#2250=DIRECTION('',(5.59085989874756E-32,-3.26803707547532E-17,-1.));
#2251=DIRECTION('',(-1.71077003400716E-15,1.,-4.30332849772868E-25));
#2252=DIRECTION('center_axis',(-2.35922392732846E-16,-1.,0.));
#2253=DIRECTION('ref_axis',(-1.,2.35922392732846E-16,-5.08001031501945E-26));
#2254=DIRECTION('',(-1.,2.35922392732846E-16,0.));
#2255=DIRECTION('',(1.,-2.35922392732846E-16,0.));
#2256=DIRECTION('',(0.,0.,-1.));
#2257=DIRECTION('center_axis',(-2.35922392732846E-16,-1.,0.));
#2258=DIRECTION('ref_axis',(-1.,2.35922392732846E-16,-5.08001031501945E-26));
#2259=DIRECTION('',(-1.,2.35922392732846E-16,0.));
#2260=DIRECTION('',(0.,0.,1.));
#2261=DIRECTION('',(1.,-2.35922392732846E-16,0.));
#2262=DIRECTION('center_axis',(-2.35922392732846E-16,-1.,0.));
#2263=DIRECTION('ref_axis',(-1.,2.35922392732846E-16,-5.08001031501945E-26));
#2264=DIRECTION('',(-1.,2.35922392732846E-16,0.));
#2265=DIRECTION('',(0.,0.,1.));
#2266=DIRECTION('',(1.,-2.35922392732846E-16,0.));
#2267=DIRECTION('center_axis',(-2.35922392732846E-16,-1.,0.));
#2268=DIRECTION('ref_axis',(-1.,2.35922392732846E-16,-5.08001031501945E-26));
#2269=DIRECTION('',(-1.,2.35922392732846E-16,0.));
#2270=DIRECTION('',(0.,0.,1.));
#2271=DIRECTION('',(1.,-2.35922392732846E-16,0.));
#2272=DIRECTION('center_axis',(-2.35922392732846E-16,-1.,0.));
#2273=DIRECTION('ref_axis',(-1.,2.35922392732846E-16,-5.08001031501945E-26));
#2274=DIRECTION('',(-1.,2.35922392732846E-16,0.));
#2275=DIRECTION('',(1.,-2.35922392732846E-16,0.));
#2276=DIRECTION('',(0.,0.,-1.));
#2277=DIRECTION('center_axis',(-2.35922392732846E-16,-1.,0.));
#2278=DIRECTION('ref_axis',(-1.,2.35922392732846E-16,-5.08001031501945E-26));
#2279=DIRECTION('',(-1.,2.35922392732846E-16,0.));
#2280=DIRECTION('',(1.,-2.35922392732846E-16,0.));
#2281=DIRECTION('',(0.,0.,-1.));
#2282=DIRECTION('center_axis',(0.,0.,-1.));
#2283=DIRECTION('ref_axis',(-1.,0.,0.));
#2284=DIRECTION('',(-5.70163574473387E-15,-1.,4.30332849772868E-25));
#2285=DIRECTION('',(-1.,2.35922392732846E-16,-5.0803653024268E-26));
#2286=DIRECTION('center_axis',(0.,0.,-1.));
#2287=DIRECTION('ref_axis',(-1.,0.,0.));
#2288=DIRECTION('',(1.06955043112688E-14,-1.,4.30332849772868E-25));
#2289=DIRECTION('',(-1.,2.35922392732846E-16,-5.08001031501945E-26));
#2290=DIRECTION('center_axis',(0.,0.,-1.));
#2291=DIRECTION('ref_axis',(-1.,0.,0.));
#2292=DIRECTION('',(-1.11673490967345E-14,-1.,4.30332849772868E-25));
#2293=DIRECTION('',(-1.,2.35922392732846E-16,-5.08001031501945E-26));
#2294=DIRECTION('center_axis',(-1.,8.84553201660533E-14,1.2680607322033E-16));
#2295=DIRECTION('ref_axis',(1.2680607322033E-16,4.30332818957988E-25,1.));
#2296=DIRECTION('',(-1.2680607322033E-16,-4.30332818957988E-25,-1.));
#2297=DIRECTION('',(8.84553201660533E-14,1.,0.));
#2298=DIRECTION('',(1.2680607322033E-16,4.30332818957988E-25,1.));
#2299=DIRECTION('',(8.84553201660533E-14,1.,0.));
#2300=DIRECTION('center_axis',(-1.2680607322033E-16,1.12166718057043E-29,
-1.));
#2301=DIRECTION('ref_axis',(-1.,-2.46519032883226E-31,1.2680607322033E-16));
#2302=DIRECTION('',(1.,2.46519032883226E-31,-1.2680607322033E-16));
#2303=DIRECTION('',(-1.,-2.46519032883226E-31,1.2680607322033E-16));
#2304=DIRECTION('center_axis',(8.84553201660533E-14,1.,0.));
#2305=DIRECTION('ref_axis',(0.,0.,1.));
#2306=DIRECTION('',(1.,2.46519032883226E-31,-1.2680607322033E-16));
#2307=DIRECTION('center_axis',(-1.,8.99054073818903E-14,1.2680607322033E-16));
#2308=DIRECTION('ref_axis',(1.2680607322033E-16,4.30332818957988E-25,1.));
#2309=DIRECTION('',(-1.2680607322033E-16,-4.30332818957988E-25,-1.));
#2310=DIRECTION('',(8.99054073818903E-14,1.,0.));
#2311=DIRECTION('',(1.2680607322033E-16,4.30332818957988E-25,1.));
#2312=DIRECTION('',(8.99054073818903E-14,1.,0.));
#2313=DIRECTION('center_axis',(4.54781718835928E-15,-4.08873357017804E-28,
-1.));
#2314=DIRECTION('ref_axis',(-1.,-2.51376032469858E-31,-4.54781718835928E-15));
#2315=DIRECTION('',(1.,2.51376032469858E-31,4.54781718835928E-15));
#2316=DIRECTION('',(-1.,-2.51376032469858E-31,-4.54781718835928E-15));
#2317=DIRECTION('center_axis',(8.99054073818903E-14,1.,0.));
#2318=DIRECTION('ref_axis',(0.,0.,1.));
#2319=DIRECTION('',(1.,2.46519032883226E-31,-1.2680607322033E-16));
#2320=DIRECTION('center_axis',(8.86910358967941E-14,-7.84519397610985E-27,
-1.));
#2321=DIRECTION('ref_axis',(-1.,-2.40194411876663E-31,-8.86910358967941E-14));
#2322=DIRECTION('',(-1.,-2.40194411876663E-31,-8.86910358967941E-14));
#2323=DIRECTION('',(-1.,-2.40194411876663E-31,-8.86910358967941E-14));
#2324=DIRECTION('',(8.84553201660533E-14,1.,0.));
#2325=DIRECTION('center_axis',(1.,-8.84553201660533E-14,1.76367623207822E-14));
#2326=DIRECTION('ref_axis',(1.76367623207822E-14,-4.30332818957988E-25,
-1.));
#2327=DIRECTION('',(1.76367623207822E-14,-4.30332818957988E-25,-1.));
#2328=DIRECTION('',(1.76367623207822E-14,-4.30332818957988E-25,-1.));
#2329=DIRECTION('',(8.84553201660533E-14,1.,0.));
#2330=DIRECTION('center_axis',(8.84553201660533E-14,1.,0.));
#2331=DIRECTION('ref_axis',(0.,0.,1.));
#2332=DIRECTION('',(1.,-8.88178419700223E-14,8.8691035896802E-14));
#2333=DIRECTION('center_axis',(-1.2680607322033E-16,1.14005516713716E-29,
-1.));
#2334=DIRECTION('ref_axis',(-1.,-2.46519032883226E-31,1.2680607322033E-16));
#2335=DIRECTION('',(-1.,-2.46519032883226E-31,1.2680607322033E-16));
#2336=DIRECTION('',(-1.,-2.46519032883226E-31,1.2680607322033E-16));
#2337=DIRECTION('',(8.99054073818903E-14,1.,0.));
#2338=DIRECTION('center_axis',(1.,-8.99054073818903E-14,-1.2680607322033E-16));
#2339=DIRECTION('ref_axis',(-1.2680607322033E-16,-4.30332818957988E-25,
-1.));
#2340=DIRECTION('',(-1.2680607322033E-16,-4.30332818957988E-25,-1.));
#2341=DIRECTION('',(-1.2680607322033E-16,-4.30332818957988E-25,-1.));
#2342=DIRECTION('',(8.99054073818903E-14,1.,0.));
#2343=DIRECTION('center_axis',(8.99054073818903E-14,1.,0.));
#2344=DIRECTION('ref_axis',(0.,0.,1.));
#2345=DIRECTION('',(1.,2.46519032883226E-31,-1.2680607322033E-16));
#2346=DIRECTION('center_axis',(-1.,8.84553201660533E-14,1.2680607322033E-16));
#2347=DIRECTION('ref_axis',(1.2680607322033E-16,4.30332818957988E-25,1.));
#2348=DIRECTION('',(-1.2680607322033E-16,-4.30332818957988E-25,-1.));
#2349=DIRECTION('',(8.84553201660533E-14,1.,0.));
#2350=DIRECTION('',(1.2680607322033E-16,4.30332818957988E-25,1.));
#2351=DIRECTION('',(8.84553201660533E-14,1.,0.));
#2352=DIRECTION('center_axis',(-1.2680607322033E-16,1.12166718057043E-29,
-1.));
#2353=DIRECTION('ref_axis',(-1.,-2.46519032883226E-31,1.2680607322033E-16));
#2354=DIRECTION('',(1.,2.46519032883226E-31,-1.2680607322033E-16));
#2355=DIRECTION('',(-1.,-2.46519032883226E-31,1.2680607322033E-16));
#2356=DIRECTION('center_axis',(8.84553201660533E-14,1.,0.));
#2357=DIRECTION('ref_axis',(0.,0.,1.));
#2358=DIRECTION('',(1.,8.88178419700144E-14,-1.2680607322033E-16));
#2359=DIRECTION('center_axis',(-1.,-1.06955043112688E-14,0.));
#2360=DIRECTION('ref_axis',(-1.06955043112688E-14,1.,-4.30332849772868E-25));
#2361=DIRECTION('',(-1.06955043112688E-14,1.,-4.30332849772868E-25));
#2362=DIRECTION('',(0.,0.,-1.));
#2363=DIRECTION('',(-1.06955043112688E-14,1.,-4.30332849772868E-25));
#2364=DIRECTION('center_axis',(0.,0.,-1.));
#2365=DIRECTION('ref_axis',(-1.,0.,0.));
#2366=DIRECTION('',(-1.,2.35922392732846E-16,-5.08001031501945E-26));
#2367=DIRECTION('center_axis',(-1.,1.11673490967345E-14,0.));
#2368=DIRECTION('ref_axis',(1.11673490967345E-14,1.,-4.30332849772868E-25));
#2369=DIRECTION('',(1.11673490967345E-14,1.,-4.30332849772868E-25));
#2370=DIRECTION('',(0.,0.,-1.));
#2371=DIRECTION('',(1.11673490967345E-14,1.,-4.30332849772868E-25));
#2372=DIRECTION('center_axis',(0.,0.,-1.));
#2373=DIRECTION('ref_axis',(-1.,0.,0.));
#2374=DIRECTION('',(-1.,2.35922392732846E-16,-5.08001031501945E-26));
#2375=DIRECTION('center_axis',(1.,-1.11673490967345E-14,0.));
#2376=DIRECTION('ref_axis',(-1.11673490967345E-14,-1.,4.30332849772868E-25));
#2377=DIRECTION('',(1.11673490967345E-14,1.,-4.30332849772868E-25));
#2378=DIRECTION('',(0.,0.,-1.));
#2379=DIRECTION('center_axis',(1.,1.06955043112688E-14,0.));
#2380=DIRECTION('ref_axis',(1.06955043112688E-14,-1.,4.30332849772868E-25));
#2381=DIRECTION('',(-1.06955043112688E-14,1.,-4.30332849772868E-25));
#2382=DIRECTION('',(0.,0.,-1.));
#2383=DIRECTION('center_axis',(1.,-5.70163574473387E-15,0.));
#2384=DIRECTION('ref_axis',(-5.70163574473387E-15,-1.,4.30332849772868E-25));
#2385=DIRECTION('',(5.70163574473387E-15,1.,-4.30332849772868E-25));
#2386=DIRECTION('',(0.,0.,-1.));
#2387=DIRECTION('center_axis',(-1.,1.11673490967343E-14,0.));
#2388=DIRECTION('ref_axis',(1.11673490967343E-14,1.,-4.30332849772868E-25));
#2389=DIRECTION('',(1.11673490967343E-14,1.,-4.30332849772868E-25));
#2390=DIRECTION('',(0.,0.,-1.));
#2391=DIRECTION('',(1.11673490967343E-14,1.,-4.30332849772868E-25));
#2392=DIRECTION('center_axis',(0.,0.,-1.));
#2393=DIRECTION('ref_axis',(-1.,0.,0.));
#2394=DIRECTION('',(-1.,2.35922392732846E-16,-5.08001031501945E-26));
#2395=DIRECTION('center_axis',(0.,-1.,-1.07760908037338E-9));
#2396=DIRECTION('ref_axis',(-2.24777779814642E-26,-1.07760908037338E-9,
1.));
#2397=DIRECTION('',(-1.,0.,0.));
#2398=DIRECTION('',(-1.,0.,0.));
#2399=DIRECTION('center_axis',(0.,-3.26803707547532E-17,-1.));
#2400=DIRECTION('ref_axis',(2.46519032936135E-31,-1.,3.26803707547532E-17));
#2401=DIRECTION('',(-1.,-8.88178419700144E-14,1.2680607322033E-16));
#2402=DIRECTION('',(-1.,0.,0.));
#2403=DIRECTION('center_axis',(0.,-3.26803707547532E-17,-1.));
#2404=DIRECTION('ref_axis',(2.46519032936135E-31,-1.,3.26803707547532E-17));
#2405=DIRECTION('',(-1.,-2.46519032883226E-31,1.2680607322033E-16));
#2406=DIRECTION('',(-1.,0.,0.));
#2407=DIRECTION('center_axis',(0.,-3.26803707547532E-17,-1.));
#2408=DIRECTION('ref_axis',(2.46519032936135E-31,-1.,3.26803707547532E-17));
#2409=DIRECTION('',(-1.,-2.46519032883226E-31,1.2680607322033E-16));
#2410=DIRECTION('',(-1.,0.,0.));
#2411=DIRECTION('center_axis',(0.,1.,-3.26803707547532E-17));
#2412=DIRECTION('ref_axis',(5.08001031501945E-26,-3.26803707547532E-17,
-1.));
#2413=DIRECTION('',(-1.,0.,0.));
#2414=DIRECTION('center_axis',(0.,1.,-3.26803707547532E-17));
#2415=DIRECTION('ref_axis',(5.08001031501945E-26,-3.26803707547532E-17,
-1.));
#2416=DIRECTION('',(-1.,0.,0.));
#2417=DIRECTION('center_axis',(0.,1.,-3.26803707547532E-17));
#2418=DIRECTION('ref_axis',(5.08001031501945E-26,-3.26803707547532E-17,
-1.));
#2419=DIRECTION('',(-1.,0.,0.));
#2420=DIRECTION('center_axis',(0.,1.,-3.26803707547532E-17));
#2421=DIRECTION('ref_axis',(5.08001031501945E-26,-3.26803707547532E-17,
-1.));
#2422=DIRECTION('',(-1.,0.,0.));
#2423=DIRECTION('',(-1.,0.,0.));
#2424=DIRECTION('center_axis',(0.,1.,-3.26803707547532E-17));
#2425=DIRECTION('ref_axis',(5.08001031501945E-26,-3.26803707547532E-17,
-1.));
#2426=DIRECTION('',(1.,-2.35922392732846E-16,5.08001031501945E-26));
#2427=DIRECTION('center_axis',(0.,1.,-3.26803707547532E-17));
#2428=DIRECTION('ref_axis',(5.08001031501945E-26,-3.26803707547532E-17,
-1.));
#2429=DIRECTION('',(-1.,2.35922392732846E-16,-5.08001031501945E-26));
#2430=DIRECTION('center_axis',(0.,1.,-3.26803707547532E-17));
#2431=DIRECTION('ref_axis',(5.08001031501945E-26,-3.26803707547532E-17,
-1.));
#2432=DIRECTION('',(1.,-2.35922392732846E-16,5.08001031501945E-26));
#2433=DIRECTION('center_axis',(0.,-3.26803707547532E-17,-1.));
#2434=DIRECTION('ref_axis',(2.46519032936135E-31,-1.,3.26803707547532E-17));
#2435=DIRECTION('',(-1.,0.,0.));
#2436=DIRECTION('center_axis',(0.,1.,-3.26803707547532E-17));
#2437=DIRECTION('ref_axis',(5.08001031501945E-26,-3.26803707547532E-17,
-1.));
#2438=DIRECTION('',(1.,-2.35922392732846E-16,5.0803653024268E-26));
#2439=DIRECTION('center_axis',(0.,0.,-1.));
#2440=DIRECTION('ref_axis',(-1.,0.,0.));
#2441=DIRECTION('center_axis',(0.,0.,1.));
#2442=DIRECTION('ref_axis',(1.,0.,0.));
#2443=DIRECTION('',(-1.,-1.57946528166694E-15,-5.08001031501945E-26));
#2444=DIRECTION('center_axis',(-1.57946528166694E-15,1.,0.));
#2445=DIRECTION('ref_axis',(-1.,-1.57946528166694E-15,-5.08001031501945E-26));
#2446=DIRECTION('',(1.,1.57946528166694E-15,-2.15474618739208E-10));
#2447=DIRECTION('center_axis',(-2.15479190046608E-10,-2.15514717183396E-10,
-1.));
#2448=DIRECTION('ref_axis',(-1.,0.,2.15479190046608E-10));
#2449=DIRECTION('center_axis',(2.15474618739208E-10,2.15514220617483E-10,
1.));
#2450=DIRECTION('ref_axis',(-1.,0.,2.15474618739208E-10));
#2451=DIRECTION('',(0.,6.16297582203915E-33,-1.));
#2452=DIRECTION('',(1.,0.,0.));
#2453=DIRECTION('',(3.26803703244204E-17,1.2680607327113E-16,1.));
#2454=DIRECTION('',(2.35922392732846E-16,1.,-1.2680607327113E-16));
#2455=DIRECTION('',(0.,0.,1.));
#2456=DIRECTION('',(1.,0.,0.));
#2457=CARTESIAN_POINT('',(0.,0.,0.));
#2458=CARTESIAN_POINT('',(0.,0.,0.));
#2459=CARTESIAN_POINT('',(0.,0.,0.));
#2460=CARTESIAN_POINT('',(0.,0.,0.));
#2461=CARTESIAN_POINT('Origin',(-297.56074131397,-59.0000962613956,2.50013188022322));
#2462=CARTESIAN_POINT('',(-97.380823080147,-59.0000963195061,5.0002637368296));
#2463=CARTESIAN_POINT('',(-97.3808230811167,-59.0000962186891,0.499999980485458));
#2464=CARTESIAN_POINT('',(-97.3808230809551,-59.0000962185275,1.25006590885567));
#2465=CARTESIAN_POINT('',(-97.8808230812245,-59.0000962189046,-1.94068047564925E-8));
#2466=CARTESIAN_POINT('',(-120.972394985907,-59.0000962288562,-23.0915719141381));
#2467=CARTESIAN_POINT('',(-97.3808230812245,-59.0000962193517,-1.93781346524702E-8));
#2468=CARTESIAN_POINT('',(-194.947218671771,-59.0000962398218,1.50853496361236E-9));
#2469=CARTESIAN_POINT('',(-92.3787002462898,-59.0000962166415,5.00026373575174));
#2470=CARTESIAN_POINT('',(-97.3808230810046,-59.0000962187969,-1.89402982186948E-8));
#2471=CARTESIAN_POINT('',(-297.55074131397,-59.0000962608547,5.00026377996065));
#2472=CARTESIAN_POINT('Origin',(-262.492263016105,-53.0495871463745,5.00024865227545));
#2473=CARTESIAN_POINT('',(-260.79226301656,-53.0496264742835,5.00026377168378));
#2474=CARTESIAN_POINT('Origin',(-262.492263016105,-53.0495871463732,5.00026377112434));
#2475=CARTESIAN_POINT('',(-260.79226301656,-53.0496264742794,1.51175931973189E-5));
#2476=CARTESIAN_POINT('',(-260.79226301656,-53.0496264742835,5.00024865227545));
#2477=CARTESIAN_POINT('',(-260.792263028024,-53.0497884566189,1.51168502071641E-5));
#2478=CARTESIAN_POINT('Origin',(-262.492263016105,-53.0495871463708,1.51168501361099E-5));
#2479=CARTESIAN_POINT('Origin',(-262.492263016105,-53.0495871463708,1.51168501361099E-5));
#2480=CARTESIAN_POINT('Origin',(-91.6008029027382,-43.991726561358,4.18266368954662));
#2481=CARTESIAN_POINT('',(-95.2296602631073,-43.9999191257288,0.999999976789638));
#2482=CARTESIAN_POINT('',(-95.3048013624249,-44.9394872634693,0.0604318372887036));
#2483=CARTESIAN_POINT('',(-95.2296602631074,-43.9999191257288,0.999999976789638));
#2484=CARTESIAN_POINT('',(-87.9145988075629,-43.9999193365022,7.40026373155771));
#2485=CARTESIAN_POINT('',(-95.2296602631073,-43.9999191257288,0.999999976789638));
#2486=CARTESIAN_POINT('',(-87.3351395516182,-44.262606826998,7.66295120523665));
#2487=CARTESIAN_POINT('',(-87.9145988075629,-43.9999193365022,7.40026373155771));
#2488=CARTESIAN_POINT('',(-87.389272461407,-44.9394874915444,6.98607053942162));
#2489=CARTESIAN_POINT('',(-87.3351395516182,-44.262606826998,7.66295120523665));
#2490=CARTESIAN_POINT('',(-87.3892724614071,-44.9394874915443,6.98607053942162));
#2491=CARTESIAN_POINT('Origin',(-94.947606348717,-59.0011643617053,2.43228328332918));
#2492=CARTESIAN_POINT('',(-92.6162920208901,-50.2838090758673,5.00026373392465));
#2493=CARTESIAN_POINT('',(-92.3787002462898,-59.0000962166415,5.00026373575174));
#2494=CARTESIAN_POINT('',(-97.6518799298004,-49.0561100494749,-2.15992912444563E-8));
#2495=CARTESIAN_POINT('',(-97.6518799298005,-49.0561100494749,-2.15992912444563E-8));
#2496=CARTESIAN_POINT('',(-97.6518799298004,-49.0561100494754,-2.15992912444563E-8));
#2497=CARTESIAN_POINT('Origin',(-294.981295318659,-59.0012324057698,2.43173495212716));
#2498=CARTESIAN_POINT('',(-297.311280043372,-50.2242680061712,5.00026377801767));
#2499=CARTESIAN_POINT('',(-297.55074131397,-59.0000962608547,5.00026377996065));
#2500=CARTESIAN_POINT('',(-297.311280043372,-50.2242680061712,5.00026377801767));
#2501=CARTESIAN_POINT('',(-292.275666869827,-48.9964217429268,2.03246486307762E-8));
#2502=CARTESIAN_POINT('',(-297.311280043372,-50.2242680061712,5.00026377801767));
#2503=CARTESIAN_POINT('',(-292.548631715776,-59.0000962603011,2.24029150786009E-8));
#2504=CARTESIAN_POINT('',(-292.275666869827,-48.9964217429268,2.03246486307762E-8));
#2505=CARTESIAN_POINT('',(-297.55074131397,-59.0000962608547,5.00026377996065));
#2506=CARTESIAN_POINT('Origin',(-302.412297924245,-44.2536694091584,7.98405223608412));
#2507=CARTESIAN_POINT('',(-301.090436383768,-46.2864961672519,8.40026377798367));
#2508=CARTESIAN_POINT('',(-301.466434951917,-46.8168118500726,6.9860886250197));
#2509=CARTESIAN_POINT('',(-301.090436383768,-46.286496167252,8.40026377798367));
#2510=CARTESIAN_POINT('',(-301.80234871761,-44.9999131335569,8.40026377785975));
#2511=CARTESIAN_POINT('',(-301.090436383768,-46.2864961672519,8.40026377798367));
#2512=CARTESIAN_POINT('',(-302.559345558256,-44.2626132181288,7.66296388423171));
#2513=CARTESIAN_POINT('',(-302.559345558256,-44.2626132181288,7.66296388423171));
#2514=CARTESIAN_POINT('',(-302.505225008378,-44.9394884793699,6.98608862483873));
#2515=CARTESIAN_POINT('',(-302.505225008378,-44.9394884793699,6.98608862483873));
#2516=CARTESIAN_POINT('',(-302.505225008378,-44.9394884793699,6.98608862483873));
#2517=CARTESIAN_POINT('Origin',(-194.947242562818,-43.992842060812,7.39318958286717));
#2518=CARTESIAN_POINT('',(-301.979846794146,-43.9999131286224,7.40026377768274));
#2519=CARTESIAN_POINT('',(-87.9145988075629,-43.9999193365022,7.40026373155771));
#2520=CARTESIAN_POINT('',(-301.979846794146,-43.9999131286224,7.40026377768274));
#2521=CARTESIAN_POINT('',(-88.0921846023075,-44.9999193311393,8.40026373181168));
#2522=CARTESIAN_POINT('',(-301.80234871761,-44.9999131335569,8.40026377785975));
#2523=CARTESIAN_POINT('',(-88.0921846023076,-44.9999193311393,8.40026373181168));
#2524=CARTESIAN_POINT('Origin',(-93.3092900577,-50.2847316240537,4.39437644496024));
#2525=CARTESIAN_POINT('',(-95.4073119073903,-44.9999191207899,-2.2957280521041E-8));
#2526=CARTESIAN_POINT('',(-95.3048013624249,-44.9394872634693,0.0604318372887036));
#2527=CARTESIAN_POINT('',(-88.4281282198271,-46.8168185688136,6.98607054005066));
#2528=CARTESIAN_POINT('',(-88.4281282198271,-46.8168185688136,6.98607054005066));
#2529=CARTESIAN_POINT('',(-91.1098499650243,-47.5614961227352,5.00026373301367));
#2530=CARTESIAN_POINT('',(-91.1098499650243,-47.5614961227352,5.00026373301367));
#2531=CARTESIAN_POINT('',(-92.6162920208903,-50.2838090758672,5.00026373392465));
#2532=CARTESIAN_POINT('',(-95.4073119073903,-44.9999191207899,-2.2957280521041E-8));
#2533=CARTESIAN_POINT('Origin',(-87.4822050193826,-44.2536631134133,7.98406749281021));
#2534=CARTESIAN_POINT('',(-88.8041355860764,-46.2864961215057,8.40026373224163));
#2535=CARTESIAN_POINT('',(-88.4281282198271,-46.8168185688136,6.98607054005066));
#2536=CARTESIAN_POINT('',(-88.0921846023075,-44.9999193311393,8.40026373181168));
#2537=CARTESIAN_POINT('Origin',(-194.947266659959,-44.9899131335569,8.40026375483319));
#2538=CARTESIAN_POINT('',(-88.8041355860764,-46.2864961215057,8.40026373224163));
#2539=CARTESIAN_POINT('Origin',(-301.476434951917,-46.9239961723668,6.70026376576374));
#2540=CARTESIAN_POINT('',(-298.784686783956,-47.5614961674877,5.00026377776166));
#2541=CARTESIAN_POINT('',(-301.466434951917,-46.8168118500726,6.9860886250197));
#2542=CARTESIAN_POINT('',(-91.1098499650243,-47.5614961227352,5.00026373301367));
#2543=CARTESIAN_POINT('Origin',(-296.608867647739,-50.2251731399623,4.38613815397012));
#2544=CARTESIAN_POINT('',(-294.487077672321,-44.9999133474882,1.99396765765414E-8));
#2545=CARTESIAN_POINT('',(-294.589574789666,-44.9394887103982,0.0604246540536479));
#2546=CARTESIAN_POINT('',(-294.487077672321,-44.9999133474881,1.99396765765414E-8));
#2547=CARTESIAN_POINT('',(-294.487077672321,-44.9999133474882,1.99396765765414E-8));
#2548=CARTESIAN_POINT('',(-298.784686783956,-47.5614961674877,5.00026377776166));
#2549=CARTESIAN_POINT('',(-294.589574789666,-44.9394887103982,0.0604246540536479));
#2550=CARTESIAN_POINT('Origin',(-298.293618722103,-43.9917206263681,4.18268049902771));
#2551=CARTESIAN_POINT('',(-294.664699910193,-43.9999133421242,1.0000000197617));
#2552=CARTESIAN_POINT('',(-294.589574789666,-44.9394887103982,0.0604246540536479));
#2553=CARTESIAN_POINT('',(-301.979846794146,-43.9999131286224,7.40026377768274));
#2554=CARTESIAN_POINT('Origin',(-301.989846794146,-43.9999131290139,4.20013187723619));
#2555=CARTESIAN_POINT('',(-294.664699910193,-43.9999133421242,1.0000000197617));
#2556=CARTESIAN_POINT('Origin',(-194.947180086853,-43.9928422743108,1.00707395788866));
#2557=CARTESIAN_POINT('',(-95.4073119073903,-44.9999191207899,-2.2957280521041E-8));
#2558=CARTESIAN_POINT('Origin',(-262.492263016105,-53.0495871463704,1.51168502782184E-5));
#2559=CARTESIAN_POINT('',(-260.79226301656,-53.0496264742794,1.39829667365744E-8));
#2560=CARTESIAN_POINT('',(-260.79226301656,-53.0496264742794,1.51166090106578E-5));
#2561=CARTESIAN_POINT('Origin',(-262.492263016105,-53.0495871463704,1.47804257721873E-8));
#2562=CARTESIAN_POINT('Origin',(-231.755438381654,-51.4962971904217,6.83220615720124));
#2563=CARTESIAN_POINT('',(-230.767543119036,-50.1128005520923,5.00026376345467));
#2564=CARTESIAN_POINT('Origin',(-231.755438382039,-51.4962971908079,5.00026376395397));
#2565=CARTESIAN_POINT('',(-230.767543120003,-50.112800553062,0.400000006859639));
#2566=CARTESIAN_POINT('',(-230.767543118651,-50.1128005517061,6.83220615670195));
#2567=CARTESIAN_POINT('Origin',(-231.755438383006,-51.4962971917776,0.400000007358927));
#2568=CARTESIAN_POINT('Origin',(-231.755438383049,-51.4962971918207,0.20000000759079));
#2569=CARTESIAN_POINT('',(-230.535097175855,-49.7872719322762,7.19139400808583E-9));
#2570=CARTESIAN_POINT('',(-230.651320147929,-49.9500362426691,0.200000007019639));
#2571=CARTESIAN_POINT('Origin',(-231.755438383092,-51.4962971918638,7.82265259513526E-9));
#2572=CARTESIAN_POINT('Origin',(-163.898295364535,-51.4965225429316,6.83220611945849));
#2573=CARTESIAN_POINT('',(-162.910400101917,-50.1130259046022,5.00026374919081));
#2574=CARTESIAN_POINT('Origin',(-163.89829536492,-51.4965225433178,5.00026374969011));
#2575=CARTESIAN_POINT('',(-162.910400102884,-50.1130259055719,0.399999992953242));
#2576=CARTESIAN_POINT('',(-162.910400101532,-50.113025904216,6.8322061189592));
#2577=CARTESIAN_POINT('Origin',(-163.898295365887,-51.4965225442875,0.39999999345253));
#2578=CARTESIAN_POINT('Origin',(-163.89829536593,-51.4965225443306,0.199999993326871));
#2579=CARTESIAN_POINT('',(-162.677954158736,-49.7874972847861,-7.43004602286273E-9));
#2580=CARTESIAN_POINT('',(-162.79417713081,-49.950261595179,0.19999999275572));
#2581=CARTESIAN_POINT('Origin',(-163.898295365973,-51.4965225443737,-6.7987874358133E-9));
#2582=CARTESIAN_POINT('Origin',(-132.827608252192,-53.0501897222096,2.7001318649269));
#2583=CARTESIAN_POINT('',(-131.127608252687,-53.0501897217139,5.00026374281878));
#2584=CARTESIAN_POINT('Origin',(-132.827608252687,-53.0501897217139,5.00026374318523));
#2585=CARTESIAN_POINT('',(-131.127608251696,-53.0501897227053,0.399999986302437));
#2586=CARTESIAN_POINT('',(-131.127608252192,-53.0501897222096,2.70013186529312));
#2587=CARTESIAN_POINT('Origin',(-132.827608251696,-53.0501897227053,0.399999986668744));
#2588=CARTESIAN_POINT('Origin',(-132.827608251739,-53.0501897227484,0.19999998675492));
#2589=CARTESIAN_POINT('',(-130.727608251955,-53.0501897227915,-1.3611401531942E-8));
#2590=CARTESIAN_POINT('',(-130.927608251825,-53.0501897227484,0.199999986345523));
#2591=CARTESIAN_POINT('Origin',(-132.827608251782,-53.0501897227915,-1.31589049379155E-8));
#2592=CARTESIAN_POINT('Origin',(-102.167596156809,-51.495551518585,18.8322013379266));
#2593=CARTESIAN_POINT('',(-101.179700896714,-50.112054882785,5.00026373621445));
#2594=CARTESIAN_POINT('Origin',(-102.167596159717,-51.4955515215006,5.00026373671375));
#2595=CARTESIAN_POINT('',(-101.179700897681,-50.1120548837547,0.399999980302145));
#2596=CARTESIAN_POINT('',(-101.179700893806,-50.1120548798694,18.8322013374273));
#2597=CARTESIAN_POINT('Origin',(-102.167596160684,-51.4955515224703,0.399999980801433));
#2598=CARTESIAN_POINT('Origin',(-102.167596160727,-51.4955515225134,0.19999998035052));
#2599=CARTESIAN_POINT('',(-100.947254953533,-49.7865262629689,-2.07316510486355E-8));
#2600=CARTESIAN_POINT('',(-101.063477925607,-49.9492905733618,0.199999979779369));
#2601=CARTESIAN_POINT('Origin',(-102.16759616077,-51.4955515225565,-2.01003924615861E-8));
#2602=CARTESIAN_POINT('Origin',(-297.56074131397,-59.0000962613956,2.50013188022322));
#2603=CARTESIAN_POINT('',(-195.230823081114,-59.0000962397752,0.500000001569644));
#2604=CARTESIAN_POINT('',(-195.23082308015,-59.0000963195061,5.0002637578288));
#2605=CARTESIAN_POINT('',(-195.230823080418,-59.0000962390749,3.75019780807249));
#2606=CARTESIAN_POINT('',(-297.55074131397,-59.0000962608547,5.00026377996065));
#2607=CARTESIAN_POINT('',(-194.730823081221,-59.0000962397751,1.46190721708133E-9));
#2608=CARTESIAN_POINT('',(-194.947218671771,-59.0000962398218,1.50853496361236E-9));
#2609=CARTESIAN_POINT('',(-195.959960918235,-59.0000962397752,1.22913783900432));
#2610=CARTESIAN_POINT('Origin',(-194.980823081167,-51.9950048339821,0.250000000006133));
#2611=CARTESIAN_POINT('',(-195.230823081114,-82.0000963195061,0.500000006526294));
#2612=CARTESIAN_POINT('',(-195.230823081114,-51.9950048339282,0.500000000060001));
#2613=CARTESIAN_POINT('',(-194.730823081221,-81.5000963195061,6.31080399851454E-9));
#2614=CARTESIAN_POINT('',(-194.730823081221,-51.9950048340359,-4.77356348893565E-11));
#2615=CARTESIAN_POINT('',(-194.730823081221,-81.5000963195061,6.31080399851454E-9));
#2616=CARTESIAN_POINT('Origin',(-170.626508935486,-81.7500963195061,0.250000001170814));
#2617=CARTESIAN_POINT('',(-97.3808230811167,-82.0000963195061,0.499999985442108));
#2618=CARTESIAN_POINT('',(-170.626508935432,-82.0000963195061,0.50000000122469));
#2619=CARTESIAN_POINT('',(-97.8808230812245,-81.5000963195061,-1.4557907916823E-8));
#2620=CARTESIAN_POINT('',(-170.626508935539,-81.5000963195061,1.11693730653339E-9));
#2621=CARTESIAN_POINT('',(-97.8808230812245,-81.5000963195061,-1.4557907916823E-8));
#2622=CARTESIAN_POINT('Origin',(-97.6308230811706,-51.9950048334433,0.249999979029684));
#2623=CARTESIAN_POINT('',(-97.8808230812245,-51.9950048334972,-2.09164476017154E-8));
#2624=CARTESIAN_POINT('',(-97.3808230811167,-51.9950048333894,0.499999978975815));
#2625=CARTESIAN_POINT('Origin',(-195.23082308015,-59.0000963195061,5.0002637578288));
#2626=CARTESIAN_POINT('',(-195.230820776314,-82.0000963195062,2.500263852742));
#2627=CARTESIAN_POINT('',(-195.230823081221,-82.0000963195061,1.56937574047334E-9));
#2628=CARTESIAN_POINT('',(-195.230820776314,-80.0000963200449,2.500263852742));
#2629=CARTESIAN_POINT('',(-195.230823080686,-53.2757962216594,2.50026385343602));
#2630=CARTESIAN_POINT('',(-195.230820776314,-80.0000963195061,2.00026385274199));
#2631=CARTESIAN_POINT('',(-195.230823080472,-80.0000963211225,3.50026380444449));
#2632=CARTESIAN_POINT('',(-195.230820776314,-78.0000963195061,2.00026385274199));
#2633=CARTESIAN_POINT('',(-195.230823080793,-68.5000963195061,2.00026385274199));
#2634=CARTESIAN_POINT('',(-195.230820776314,-78.0000963195061,5.25026385274199));
#2635=CARTESIAN_POINT('',(-195.230823080124,-78.0000963195061,5.12526381575938));
#2636=CARTESIAN_POINT('',(-195.230820776314,-65.0000963195061,5.25026385274199));
#2637=CARTESIAN_POINT('',(-195.230823080097,-62.0000963195061,5.25026385274199));
#2638=CARTESIAN_POINT('',(-195.230820776314,-65.0000963195061,8.15026385274198));
#2639=CARTESIAN_POINT('',(-195.230823079813,-65.0000963195061,6.57526381575938));
#2640=CARTESIAN_POINT('',(-195.23082308015,-60.0000963333686,8.15026385274196));
#2641=CARTESIAN_POINT('',(-195.230823079476,-65.0000963229717,8.15026385274196));
#2642=CARTESIAN_POINT('',(-195.23082308015,-60.0000963333686,5.00026385274197));
#2643=CARTESIAN_POINT('',(-195.23082308015,-60.0000963333686,5.00026381575937));
#2644=CARTESIAN_POINT('',(-195.23082308015,-53.2757962211206,5.00026375667995));
#2645=CARTESIAN_POINT('Origin',(-146.305823080684,-82.0000963195061,2.50013186926772));
#2646=CARTESIAN_POINT('',(-97.3808231277143,-82.0000963195062,2.500263852742));
#2647=CARTESIAN_POINT('',(-97.3808230812245,-82.0000963195061,-1.93780991253334E-8));
#2648=CARTESIAN_POINT('',(-170.626545727856,-82.0000963195061,2.50026385432482));
#2649=CARTESIAN_POINT('Origin',(-97.3808230812245,-59.0000963195061,-1.93780991253334E-8));
#2650=CARTESIAN_POINT('',(-97.380823080147,-60.0000963333685,5.00026385274197));
#2651=CARTESIAN_POINT('',(-97.380823080147,-53.2757962205818,5.00026373559576));
#2652=CARTESIAN_POINT('',(-97.380823080147,-60.0000963333685,8.15026385274196));
#2653=CARTESIAN_POINT('',(-97.3808230806858,-60.0000963333685,2.50013191668193));
#2654=CARTESIAN_POINT('',(-97.3808231277143,-65.0000963195061,8.15026385274198));
#2655=CARTESIAN_POINT('',(-97.3808230794683,-65.0000963229717,8.15026385274196));
#2656=CARTESIAN_POINT('',(-97.3808231277143,-65.0000963195061,5.25026385274199));
#2657=CARTESIAN_POINT('',(-97.3808230803464,-65.0000963195061,4.07513191668194));
#2658=CARTESIAN_POINT('',(-97.3808231277143,-78.0000963195061,5.25026385274199));
#2659=CARTESIAN_POINT('',(-97.3808230800932,-62.0000963195061,5.25026385274199));
#2660=CARTESIAN_POINT('',(-97.3808231277143,-78.0000963195061,2.00026385274199));
#2661=CARTESIAN_POINT('',(-97.3808230806588,-78.0000963195061,2.62513191668194));
#2662=CARTESIAN_POINT('',(-97.3808231277143,-80.0000963195061,2.00026385274199));
#2663=CARTESIAN_POINT('',(-97.3808230807934,-68.5000963195061,2.00026385274199));
#2664=CARTESIAN_POINT('',(-97.3808231277143,-80.0000963200449,2.500263852742));
#2665=CARTESIAN_POINT('',(-97.380823081009,-80.0000963184283,1.00013190536705));
#2666=CARTESIAN_POINT('',(-97.3808230806857,-53.2757962211206,2.50026384009815));
#2667=CARTESIAN_POINT('Origin',(-194.947194789856,-44.9899133474882,-1.51075596477313E-9));
#2668=CARTESIAN_POINT('Origin',(-129.33082308015,-61.7500963195061,5.00026385274197));
#2669=CARTESIAN_POINT('',(-99.380823080147,-61.7500969117193,8.15026385274198));
#2670=CARTESIAN_POINT('',(-99.380823080147,-61.7500963195061,2.00026385274197));
#2671=CARTESIAN_POINT('',(-99.380823080147,-61.7500963195061,5.00026385274197));
#2672=CARTESIAN_POINT('',(-129.33082308015,-61.750096626791,8.15026385274198));
#2673=CARTESIAN_POINT('',(-129.33082308015,-61.7500963195061,8.15026385274196));
#2674=CARTESIAN_POINT('',(-129.33082308015,-61.7500963195061,2.00026385274197));
#2675=CARTESIAN_POINT('',(-129.33082308015,-61.7500963195061,5.00026385274197));
#2676=CARTESIAN_POINT('',(-195.23082308015,-61.7500963195062,2.00026385274197));
#2677=CARTESIAN_POINT('Origin',(-99.380823080147,-61.7500963195061,5.00026385274197));
#2678=CARTESIAN_POINT('',(-99.380823080147,-78.0000963195061,2.00026385274199));
#2679=CARTESIAN_POINT('',(-99.380823080147,-61.7500963195061,2.00026385274197));
#2680=CARTESIAN_POINT('',(-99.380823080147,-78.0000963195062,3.25026385274203));
#2681=CARTESIAN_POINT('',(-99.380823080147,-78.0000963195061,5.12526385274198));
#2682=CARTESIAN_POINT('',(-99.3808230801459,-65.7500963195062,3.25026385274203));
#2683=CARTESIAN_POINT('',(-99.380823080147,-69.8750963195061,3.25026385274203));
#2684=CARTESIAN_POINT('',(-99.3808230801459,-65.7500963195062,5.25026385274202));
#2685=CARTESIAN_POINT('',(-99.380823080147,-65.7500963195062,4.62526385274199));
#2686=CARTESIAN_POINT('',(-99.380823080147,-65.0000963195061,5.25026385274199));
#2687=CARTESIAN_POINT('',(-99.380823080147,-63.3750963195061,5.25026385274199));
#2688=CARTESIAN_POINT('',(-99.380823080147,-63.000096319528,5.25026385274198));
#2689=CARTESIAN_POINT('',(-99.380823080147,-62.5625963195061,5.25026385274198));
#2690=CARTESIAN_POINT('',(-99.380823080147,-63.000096319528,8.15026385274198));
#2691=CARTESIAN_POINT('',(-99.380823080147,-63.000096319528,8.15026385274198));
#2692=CARTESIAN_POINT('',(-99.380823080147,-66.3750966190782,8.15026385274196));
#2693=CARTESIAN_POINT('Origin',(-129.33082308015,-80.0000963195061,5.00026385274197));
#2694=CARTESIAN_POINT('',(-129.33082308015,-63.0000963195279,8.15026385274198));
#2695=CARTESIAN_POINT('',(-129.33082308015,-67.0000963229826,8.15026385274196));
#2696=CARTESIAN_POINT('',(-129.33082308015,-63.0000963195279,5.25026385274198));
#2697=CARTESIAN_POINT('',(-129.33082308015,-63.0000963195279,8.15026385274198));
#2698=CARTESIAN_POINT('',(-129.33082308015,-65.0000963195061,5.25026385274199));
#2699=CARTESIAN_POINT('',(-129.33082308015,-71.6875963195061,5.25026385274198));
#2700=CARTESIAN_POINT('',(-129.330823080149,-65.7500963195061,5.25026385274192));
#2701=CARTESIAN_POINT('',(-129.33082308015,-72.5000963195061,5.25026385274199));
#2702=CARTESIAN_POINT('',(-129.330823080149,-65.7500963195061,3.25026385274192));
#2703=CARTESIAN_POINT('',(-129.33082308015,-65.7500963195061,4.62526385274195));
#2704=CARTESIAN_POINT('',(-129.33082308015,-78.0000963195061,3.25026385274192));
#2705=CARTESIAN_POINT('',(-129.33082308015,-79.0000963195061,3.25026385274192));
#2706=CARTESIAN_POINT('',(-129.33082308015,-78.0000963195061,2.00026385274199));
#2707=CARTESIAN_POINT('',(-129.33082308015,-78.0000963195061,5.12526385274198));
#2708=CARTESIAN_POINT('',(-129.33082308015,-61.7500963195061,2.00026385274197));
#2709=CARTESIAN_POINT('Origin',(-161.28082308015,-61.7500963195062,5.00026385274197));
#2710=CARTESIAN_POINT('',(-131.33082308015,-61.7500966077641,8.15026385274198));
#2711=CARTESIAN_POINT('',(-131.33082308015,-61.7500963195061,2.00026385274197));
#2712=CARTESIAN_POINT('',(-131.33082308015,-61.7500963195061,5.00026385274197));
#2713=CARTESIAN_POINT('',(-161.28082308015,-61.7500963228359,8.15026385274198));
#2714=CARTESIAN_POINT('',(-161.28082308015,-61.7500963195061,8.15026385274196));
#2715=CARTESIAN_POINT('',(-161.28082308015,-61.7500963195061,2.00026385274197));
#2716=CARTESIAN_POINT('',(-161.28082308015,-61.7500963195062,5.00026385274197));
#2717=CARTESIAN_POINT('',(-195.23082308015,-61.7500963195062,2.00026385274197));
#2718=CARTESIAN_POINT('Origin',(-131.33082308015,-61.7500963195061,5.00026385274197));
#2719=CARTESIAN_POINT('',(-131.33082308015,-78.0000963195061,2.00026385274199));
#2720=CARTESIAN_POINT('',(-131.33082308015,-61.7500963195061,2.00026385274197));
#2721=CARTESIAN_POINT('',(-131.33082308015,-78.0000963195061,3.25026385274192));
#2722=CARTESIAN_POINT('',(-131.33082308015,-78.0000963195061,5.12526385274198));
#2723=CARTESIAN_POINT('',(-131.330823080149,-65.7500963195061,3.25026385274192));
#2724=CARTESIAN_POINT('',(-131.33082308015,-69.8750963195061,3.25026385274192));
#2725=CARTESIAN_POINT('',(-131.330823080149,-65.7500963195061,5.25026385274192));
#2726=CARTESIAN_POINT('',(-131.33082308015,-65.7500963195061,4.62526385274195));
#2727=CARTESIAN_POINT('',(-131.33082308015,-65.0000963195061,5.25026385274199));
#2728=CARTESIAN_POINT('',(-131.33082308015,-63.3750963195061,5.25026385274199));
#2729=CARTESIAN_POINT('',(-131.33082308015,-63.0000963195279,5.25026385274198));
#2730=CARTESIAN_POINT('',(-131.33082308015,-62.5625963195061,5.25026385274198));
#2731=CARTESIAN_POINT('',(-131.33082308015,-63.0000963195279,8.15026385274198));
#2732=CARTESIAN_POINT('',(-131.33082308015,-63.0000963195279,8.15026385274198));
#2733=CARTESIAN_POINT('',(-131.33082308015,-66.3750964671007,8.15026385274196));
#2734=CARTESIAN_POINT('Origin',(-161.28082308015,-80.0000963195061,5.00026385274197));
#2735=CARTESIAN_POINT('',(-161.28082308015,-63.0000963195279,8.15026385274198));
#2736=CARTESIAN_POINT('',(-161.28082308015,-67.0000963229826,8.15026385274196));
#2737=CARTESIAN_POINT('',(-161.28082308015,-63.0000963195279,5.25026385274198));
#2738=CARTESIAN_POINT('',(-161.28082308015,-63.0000963195279,8.15026385274198));
#2739=CARTESIAN_POINT('',(-161.28082308015,-65.0000963195061,5.25026385274199));
#2740=CARTESIAN_POINT('',(-161.28082308015,-71.6875963195061,5.25026385274198));
#2741=CARTESIAN_POINT('',(-161.280823080149,-65.7500963195061,5.25026385274192));
#2742=CARTESIAN_POINT('',(-161.28082308015,-72.5000963195062,5.25026385274199));
#2743=CARTESIAN_POINT('',(-161.280823080149,-65.7500963195061,3.25026385274192));
#2744=CARTESIAN_POINT('',(-161.28082308015,-65.7500963195061,4.62526385274195));
#2745=CARTESIAN_POINT('',(-161.28082308015,-78.0000963195061,3.25026385274192));
#2746=CARTESIAN_POINT('',(-161.28082308015,-79.0000963195061,3.25026385274192));
#2747=CARTESIAN_POINT('',(-161.28082308015,-78.0000963195061,2.00026385274199));
#2748=CARTESIAN_POINT('',(-161.28082308015,-78.0000963195061,5.12526385274198));
#2749=CARTESIAN_POINT('',(-161.28082308015,-61.7500963195061,2.00026385274197));
#2750=CARTESIAN_POINT('Origin',(-193.23082308015,-61.7500963195062,5.00026385274197));
#2751=CARTESIAN_POINT('',(-163.28082308015,-61.750096303809,8.15026385274198));
#2752=CARTESIAN_POINT('',(-163.28082308015,-61.7500963195061,2.00026385274197));
#2753=CARTESIAN_POINT('',(-163.28082308015,-61.7500963195062,5.00026385274197));
#2754=CARTESIAN_POINT('',(-193.23082308015,-61.7500960188807,8.15026385274198));
#2755=CARTESIAN_POINT('',(-193.23082308015,-61.7500963195062,8.15026385274196));
#2756=CARTESIAN_POINT('',(-193.23082308015,-61.7500963195062,2.00026385274197));
#2757=CARTESIAN_POINT('',(-193.23082308015,-61.7500963195062,5.00026385274197));
#2758=CARTESIAN_POINT('',(-195.23082308015,-61.7500963195062,2.00026385274197));
#2759=CARTESIAN_POINT('Origin',(-163.28082308015,-61.7500963195061,5.00026385274197));
#2760=CARTESIAN_POINT('',(-163.28082308015,-78.0000963195061,2.00026385274199));
#2761=CARTESIAN_POINT('',(-163.28082308015,-61.7500963195061,2.00026385274197));
#2762=CARTESIAN_POINT('',(-163.28082308015,-78.0000963195061,3.25026385274199));
#2763=CARTESIAN_POINT('',(-163.28082308015,-78.0000963195061,5.12526385274198));
#2764=CARTESIAN_POINT('',(-163.280823080149,-65.7500963195061,3.25026385274199));
#2765=CARTESIAN_POINT('',(-163.28082308015,-69.8750963195061,3.25026385274189));
#2766=CARTESIAN_POINT('',(-163.280823080149,-65.7500963195061,5.25026385274188));
#2767=CARTESIAN_POINT('',(-163.28082308015,-65.7500963195061,4.31276385274195));
#2768=CARTESIAN_POINT('',(-163.28082308015,-65.0000963195061,5.25026385274199));
#2769=CARTESIAN_POINT('',(-163.28082308015,-63.3750963195061,5.25026385274199));
#2770=CARTESIAN_POINT('',(-163.28082308015,-63.0000963195279,5.25026385274198));
#2771=CARTESIAN_POINT('',(-163.28082308015,-62.5625963195061,5.25026385274198));
#2772=CARTESIAN_POINT('',(-163.28082308015,-63.0000963195279,8.15026385274198));
#2773=CARTESIAN_POINT('',(-163.28082308015,-63.0000963195279,8.15026385274198));
#2774=CARTESIAN_POINT('',(-163.28082308015,-66.3750963229717,8.15026385274196));
#2775=CARTESIAN_POINT('Origin',(-193.23082308015,-80.0000963195062,5.00026385274197));
#2776=CARTESIAN_POINT('',(-193.23082308015,-63.0000963195279,8.15026385274198));
#2777=CARTESIAN_POINT('',(-193.23082308015,-67.0000963229827,8.15026385274196));
#2778=CARTESIAN_POINT('',(-193.23082308015,-63.0000963195279,5.25026385274198));
#2779=CARTESIAN_POINT('',(-193.23082308015,-63.0000963195279,8.15026385274198));
#2780=CARTESIAN_POINT('',(-193.23082308015,-65.0000963195061,5.25026385274199));
#2781=CARTESIAN_POINT('',(-193.23082308015,-71.6875963195062,5.25026385274198));
#2782=CARTESIAN_POINT('',(-193.23082308015,-78.0000963195061,5.25026385274199));
#2783=CARTESIAN_POINT('',(-193.23082308015,-72.5000963195062,5.25026385274199));
#2784=CARTESIAN_POINT('',(-193.23082308015,-78.0000963195061,2.00026385274199));
#2785=CARTESIAN_POINT('',(-193.23082308015,-78.0000963195061,5.12526385274198));
#2786=CARTESIAN_POINT('',(-193.23082308015,-61.7500963195062,2.00026385274197));
#2787=CARTESIAN_POINT('Origin',(-131.33082308015,-63.000096319528,8.15026385274198));
#2788=CARTESIAN_POINT('',(-131.73082308015,-63.0000963195279,8.15026385274198));
#2789=CARTESIAN_POINT('',(-138.81832308015,-63.000096319528,8.15026385274196));
#2790=CARTESIAN_POINT('',(-131.73082308015,-63.0000963195279,5.25026385274198));
#2791=CARTESIAN_POINT('',(-131.43082308015,-63.000096319528,5.25026385274198));
#2792=CARTESIAN_POINT('',(-131.73082308015,-63.000096319528,8.15026385274198));
#2793=CARTESIAN_POINT('Origin',(-192.83082308015,-63.0000963195279,8.15026385274198));
#2794=CARTESIAN_POINT('',(-192.83082308015,-63.0000963195279,8.15026385274198));
#2795=CARTESIAN_POINT('',(-169.568323080149,-63.0000963195279,8.15026385274196));
#2796=CARTESIAN_POINT('',(-192.83082308015,-63.0000963195279,5.25026385274198));
#2797=CARTESIAN_POINT('',(-192.83082308015,-63.0000963195279,8.15026385274198));
#2798=CARTESIAN_POINT('',(-192.93082308015,-63.0000963195279,5.25026385274198));
#2799=CARTESIAN_POINT('Origin',(-128.93082308015,-63.000096319528,8.15026385274198));
#2800=CARTESIAN_POINT('',(-128.93082308015,-63.0000963195279,8.15026385274198));
#2801=CARTESIAN_POINT('',(-137.61832308015,-63.000096319528,8.15026385274196));
#2802=CARTESIAN_POINT('',(-128.93082308015,-63.0000963195279,5.25026385274198));
#2803=CARTESIAN_POINT('',(-128.93082308015,-63.000096319528,8.15026385274198));
#2804=CARTESIAN_POINT('',(-129.03082308015,-63.000096319528,5.25026385274198));
#2805=CARTESIAN_POINT('Origin',(-160.88082308015,-63.000096319528,8.15026385274198));
#2806=CARTESIAN_POINT('',(-160.88082308015,-63.0000963195279,8.15026385274198));
#2807=CARTESIAN_POINT('',(-153.59332308015,-63.000096319528,8.15026385274196));
#2808=CARTESIAN_POINT('',(-160.88082308015,-63.0000963195279,5.25026385274198));
#2809=CARTESIAN_POINT('',(-160.88082308015,-63.000096319528,8.15026385274198));
#2810=CARTESIAN_POINT('',(-160.98082308015,-63.000096319528,5.25026385274198));
#2811=CARTESIAN_POINT('Origin',(-163.28082308015,-63.000096319528,8.15026385274198));
#2812=CARTESIAN_POINT('',(-163.68082308015,-63.0000963195279,8.15026385274198));
#2813=CARTESIAN_POINT('',(-154.79332308015,-63.000096319528,8.15026385274196));
#2814=CARTESIAN_POINT('',(-163.68082308015,-63.0000963195279,5.25026385274198));
#2815=CARTESIAN_POINT('',(-163.38082308015,-63.000096319528,5.25026385274198));
#2816=CARTESIAN_POINT('',(-163.68082308015,-63.000096319528,8.15026385274198));
#2817=CARTESIAN_POINT('Origin',(-99.380823080147,-63.000096319528,8.15026385274198));
#2818=CARTESIAN_POINT('',(-99.7808230801469,-63.000096319528,8.15026385274198));
#2819=CARTESIAN_POINT('',(-122.843323080148,-63.000096319528,8.15026385274196));
#2820=CARTESIAN_POINT('',(-99.7808230801469,-63.000096319528,5.25026385274198));
#2821=CARTESIAN_POINT('',(-99.4808230801469,-63.000096319528,5.25026385274198));
#2822=CARTESIAN_POINT('',(-99.7808230801469,-63.000096319528,8.15026385274198));
#2823=CARTESIAN_POINT('Origin',(-193.03082308015,-63.3750963195061,5.25026385274198));
#2824=CARTESIAN_POINT('',(-192.83082308015,-65.0000963195061,5.25026385274198));
#2825=CARTESIAN_POINT('',(-192.83082308015,-65.0000963195061,5.25026385274198));
#2826=CARTESIAN_POINT('',(-193.23082308015,-65.0000963195061,5.25026385274198));
#2827=CARTESIAN_POINT('Origin',(-129.13082308015,-63.3750963195061,5.25026385274198));
#2828=CARTESIAN_POINT('',(-128.93082308015,-65.0000963195061,5.25026385274198));
#2829=CARTESIAN_POINT('',(-128.93082308015,-65.0000963195061,5.25026385274198));
#2830=CARTESIAN_POINT('',(-129.33082308015,-65.0000963195061,5.25026385274198));
#2831=CARTESIAN_POINT('Origin',(-161.08082308015,-63.3750963195061,5.25026385274198));
#2832=CARTESIAN_POINT('',(-160.88082308015,-65.0000963195061,5.25026385274198));
#2833=CARTESIAN_POINT('',(-160.88082308015,-65.0000963195061,5.25026385274198));
#2834=CARTESIAN_POINT('',(-161.28082308015,-65.0000963195061,5.25026385274198));
#2835=CARTESIAN_POINT('Origin',(-99.7808230801469,-78.0000963195062,3.25026385274203));
#2836=CARTESIAN_POINT('',(-99.7808230801469,-78.0000963195062,5.25026385274202));
#2837=CARTESIAN_POINT('',(-99.7808230801469,-78.0000963195062,3.25026385274203));
#2838=CARTESIAN_POINT('',(-99.7808230801469,-78.0000963195062,5.25026385274202));
#2839=CARTESIAN_POINT('',(-99.7808230801459,-65.7500963195062,5.25026385274202));
#2840=CARTESIAN_POINT('',(-99.7808230801469,-78.0000963195062,5.25026385274202));
#2841=CARTESIAN_POINT('',(-99.7808230801459,-65.7500963195062,3.25026385274203));
#2842=CARTESIAN_POINT('',(-99.7808230801459,-65.7500963195062,5.25026385274202));
#2843=CARTESIAN_POINT('',(-99.7808230801469,-78.0000963195062,3.25026385274203));
#2844=CARTESIAN_POINT('Origin',(-99.380823080147,-78.0000963195062,3.25026385274203));
#2845=CARTESIAN_POINT('',(-99.7808230801469,-78.0000963195062,3.25026385274203));
#2846=CARTESIAN_POINT('',(-99.7808230801459,-65.7500963195062,3.25026385274203));
#2847=CARTESIAN_POINT('Origin',(-99.5808230801459,-65.7500963195061,4.25026385274201));
#2848=CARTESIAN_POINT('',(-99.3808230801459,-65.7500963195062,5.25026385274202));
#2849=CARTESIAN_POINT('Origin',(-163.68082308015,-78.0000963195061,3.25026385274189));
#2850=CARTESIAN_POINT('',(-163.68082308015,-78.0000963195061,5.25026385274188));
#2851=CARTESIAN_POINT('',(-163.68082308015,-78.0000963195061,3.25026385274189));
#2852=CARTESIAN_POINT('',(-163.68082308015,-78.0000963195061,5.25026385274188));
#2853=CARTESIAN_POINT('',(-163.680823080149,-65.7500963195061,5.25026385274188));
#2854=CARTESIAN_POINT('',(-163.68082308015,-78.0000963195061,5.25026385274188));
#2855=CARTESIAN_POINT('',(-163.680823080149,-65.7500963195061,3.25026385274189));
#2856=CARTESIAN_POINT('',(-163.680823080149,-65.7500963195061,5.25026385274188));
#2857=CARTESIAN_POINT('',(-163.68082308015,-78.0000963195061,3.25026385274189));
#2858=CARTESIAN_POINT('Origin',(-163.28082308015,-78.0000963195061,3.25026385274189));
#2859=CARTESIAN_POINT('',(-163.68082308015,-78.0000963195061,3.25026385274189));
#2860=CARTESIAN_POINT('',(-163.680823080149,-65.7500963195061,3.25026385274189));
#2861=CARTESIAN_POINT('Origin',(-146.305821952013,-65.7500963195076,3.62526385274194));
#2862=CARTESIAN_POINT('',(-163.280823080149,-65.7500963195061,5.25026385274188));
#2863=CARTESIAN_POINT('Origin',(-128.93082308015,-78.0000963195061,3.25026385274196));
#2864=CARTESIAN_POINT('',(-128.93082308015,-78.0000963195061,3.25026385274196));
#2865=CARTESIAN_POINT('',(-128.93082308015,-78.0000963195061,3.25026385274196));
#2866=CARTESIAN_POINT('',(-128.930823080149,-65.7500963195061,3.25026385274196));
#2867=CARTESIAN_POINT('',(-128.930823080149,-65.7500963195061,3.25026385274196));
#2868=CARTESIAN_POINT('',(-128.93082308015,-78.0000963195061,3.25026385274196));
#2869=CARTESIAN_POINT('Origin',(-128.93082308015,-78.0000963195061,5.25026385274195));
#2870=CARTESIAN_POINT('',(-128.93082308015,-78.0000963195061,5.25026385274195));
#2871=CARTESIAN_POINT('',(-128.93082308015,-78.0000963195061,5.25026385274195));
#2872=CARTESIAN_POINT('',(-128.930823080149,-65.7500963195061,5.25026385274195));
#2873=CARTESIAN_POINT('',(-128.930823080149,-65.7500963195061,5.25026385274195));
#2874=CARTESIAN_POINT('',(-128.93082308015,-78.0000963195061,5.25026385274195));
#2875=CARTESIAN_POINT('Origin',(-129.130823080149,-65.7500963195061,4.25026385274194));
#2876=CARTESIAN_POINT('',(-129.330823080149,-65.7500963195061,5.25026385274192));
#2877=CARTESIAN_POINT('Origin',(-160.88082308015,-78.0000963195061,3.25026385274192));
#2878=CARTESIAN_POINT('',(-160.88082308015,-78.0000963195061,3.25026385274192));
#2879=CARTESIAN_POINT('',(-160.88082308015,-78.0000963195061,3.25026385274192));
#2880=CARTESIAN_POINT('',(-160.880823080149,-65.7500963195061,3.25026385274192));
#2881=CARTESIAN_POINT('',(-160.880823080149,-65.7500963195061,3.25026385274192));
#2882=CARTESIAN_POINT('',(-160.88082308015,-78.0000963195061,3.25026385274192));
#2883=CARTESIAN_POINT('Origin',(-160.88082308015,-78.0000963195061,5.25026385274192));
#2884=CARTESIAN_POINT('',(-160.88082308015,-78.0000963195061,5.25026385274192));
#2885=CARTESIAN_POINT('',(-160.88082308015,-78.0000963195061,5.25026385274192));
#2886=CARTESIAN_POINT('',(-160.880823080149,-65.7500963195061,5.25026385274192));
#2887=CARTESIAN_POINT('',(-160.880823080149,-65.7500963195061,5.25026385274192));
#2888=CARTESIAN_POINT('',(-160.88082308015,-78.0000963195061,5.25026385274192));
#2889=CARTESIAN_POINT('Origin',(-161.080823080149,-65.7500963195061,4.25026385274194));
#2890=CARTESIAN_POINT('',(-161.280823080149,-65.7500963195061,5.25026385274192));
#2891=CARTESIAN_POINT('Origin',(-131.73082308015,-78.0000963195061,3.25026385274192));
#2892=CARTESIAN_POINT('',(-131.73082308015,-78.0000963195061,5.25026385274192));
#2893=CARTESIAN_POINT('',(-131.73082308015,-78.0000963195061,3.25026385274192));
#2894=CARTESIAN_POINT('',(-131.73082308015,-78.0000963195061,5.25026385274192));
#2895=CARTESIAN_POINT('',(-131.730823080149,-65.7500963195061,5.25026385274192));
#2896=CARTESIAN_POINT('',(-131.73082308015,-78.0000963195061,5.25026385274192));
#2897=CARTESIAN_POINT('',(-131.730823080149,-65.7500963195061,3.25026385274192));
#2898=CARTESIAN_POINT('',(-131.730823080149,-65.7500963195061,5.25026385274192));
#2899=CARTESIAN_POINT('',(-131.73082308015,-78.0000963195061,3.25026385274192));
#2900=CARTESIAN_POINT('Origin',(-131.33082308015,-78.0000963195061,3.25026385274192));
#2901=CARTESIAN_POINT('',(-131.73082308015,-78.0000963195061,3.25026385274192));
#2902=CARTESIAN_POINT('',(-131.730823080149,-65.7500963195061,3.25026385274192));
#2903=CARTESIAN_POINT('Origin',(-131.530823080149,-65.7500963195061,4.25026385274194));
#2904=CARTESIAN_POINT('',(-131.330823080149,-65.7500963195061,5.25026385274192));
#2905=CARTESIAN_POINT('Origin',(-99.7808230801469,-65.0000963195061,8.15026385274198));
#2906=CARTESIAN_POINT('',(-99.7808230801469,-65.0000963195061,5.25026385274198));
#2907=CARTESIAN_POINT('',(-99.7808230801469,-65.0000963195061,5.25026385274198));
#2908=CARTESIAN_POINT('',(-99.7808230801469,-65.0000963195061,8.15026385274198));
#2909=CARTESIAN_POINT('',(-99.7808230801469,-65.0000963195061,8.15026385274198));
#2910=CARTESIAN_POINT('',(-99.7808230801469,-65.0000963195061,8.15026385274198));
#2911=CARTESIAN_POINT('Origin',(-99.5808230801469,-63.3750963195061,5.25026385274198));
#2912=CARTESIAN_POINT('',(-99.3808230801469,-65.0000963195061,5.25026385274198));
#2913=CARTESIAN_POINT('Origin',(-163.68082308015,-65.0000963195061,8.15026385274198));
#2914=CARTESIAN_POINT('',(-163.68082308015,-65.0000963195061,5.25026385274198));
#2915=CARTESIAN_POINT('',(-163.68082308015,-65.0000963195061,5.25026385274198));
#2916=CARTESIAN_POINT('',(-163.68082308015,-65.0000963195061,8.15026385274198));
#2917=CARTESIAN_POINT('',(-163.68082308015,-65.0000963195061,8.15026385274198));
#2918=CARTESIAN_POINT('',(-163.68082308015,-65.0000963195061,8.15026385274198));
#2919=CARTESIAN_POINT('Origin',(-163.48082308015,-63.3750963195061,5.25026385274198));
#2920=CARTESIAN_POINT('',(-163.28082308015,-65.0000963195061,5.25026385274198));
#2921=CARTESIAN_POINT('Origin',(-160.88082308015,-61.7500963195061,8.15026385274198));
#2922=CARTESIAN_POINT('',(-160.88082308015,-65.0000963195061,8.15026385274198));
#2923=CARTESIAN_POINT('',(-160.88082308015,-65.0000963195061,8.15026385274198));
#2924=CARTESIAN_POINT('',(-160.88082308015,-65.0000963195061,8.15026385274198));
#2925=CARTESIAN_POINT('Origin',(-128.93082308015,-61.7500963195061,8.15026385274198));
#2926=CARTESIAN_POINT('',(-128.93082308015,-65.0000963195061,8.15026385274198));
#2927=CARTESIAN_POINT('',(-128.93082308015,-65.0000963195061,8.15026385274198));
#2928=CARTESIAN_POINT('',(-128.93082308015,-65.0000963195061,8.15026385274198));
#2929=CARTESIAN_POINT('Origin',(-192.83082308015,-61.7500963195062,8.15026385274198));
#2930=CARTESIAN_POINT('',(-192.83082308015,-65.0000963195061,8.15026385274198));
#2931=CARTESIAN_POINT('',(-192.83082308015,-65.0000963195061,8.15026385274198));
#2932=CARTESIAN_POINT('',(-192.83082308015,-65.0000963195061,8.15026385274198));
#2933=CARTESIAN_POINT('Origin',(-131.73082308015,-65.0000963195061,8.15026385274198));
#2934=CARTESIAN_POINT('',(-131.73082308015,-65.0000963195061,5.25026385274198));
#2935=CARTESIAN_POINT('',(-131.73082308015,-65.0000963195061,5.25026385274198));
#2936=CARTESIAN_POINT('',(-131.73082308015,-65.0000963195061,8.15026385274198));
#2937=CARTESIAN_POINT('',(-131.73082308015,-65.0000963195061,8.15026385274198));
#2938=CARTESIAN_POINT('',(-131.73082308015,-65.0000963195061,8.15026385274198));
#2939=CARTESIAN_POINT('Origin',(-131.53082308015,-63.3750963195061,5.25026385274198));
#2940=CARTESIAN_POINT('',(-131.33082308015,-65.0000963195061,5.25026385274198));
#2941=CARTESIAN_POINT('Origin',(-97.3808231277143,-80.0000963195061,2.00026385274199));
#2942=CARTESIAN_POINT('',(-97.3808231277143,-80.0000963200449,2.500263852742));
#2943=CARTESIAN_POINT('',(-97.3808231277143,-80.0000963195061,2.00026385274199));
#2944=CARTESIAN_POINT('Origin',(-97.3808231277143,-65.0000963195061,5.25026385274199));
#2945=CARTESIAN_POINT('',(-131.33082308015,-78.0000963195061,5.25026385274192));
#2946=CARTESIAN_POINT('',(-97.3808231277143,-65.0000963195061,5.25026385274199));
#2947=CARTESIAN_POINT('Origin',(-97.3808231277143,-65.0000963195061,5.25026385274199));
#2948=CARTESIAN_POINT('',(-99.380823080147,-78.0000963195062,5.25026385274202));
#2949=CARTESIAN_POINT('',(-97.3808231277143,-65.0000963195061,5.25026385274199));
#2950=CARTESIAN_POINT('Origin',(-97.3808231277143,-65.0000963195061,5.25026385274199));
#2951=CARTESIAN_POINT('',(-163.28082308015,-78.0000963195061,5.25026385274188));
#2952=CARTESIAN_POINT('',(-97.3808231277143,-65.0000963195061,5.25026385274199));
#2953=CARTESIAN_POINT('Origin',(-97.3808231277143,-78.0000963195061,5.25026385274199));
#2954=CARTESIAN_POINT('',(-97.3808231277143,-78.0000963195061,2.00026385274199));
#2955=CARTESIAN_POINT('Origin',(-97.3808231277143,-78.0000963195061,5.25026385274199));
#2956=CARTESIAN_POINT('',(-97.3808231277143,-78.0000963195061,2.00026385274199));
#2957=CARTESIAN_POINT('Origin',(-97.3808231277143,-78.0000963195061,5.25026385274199));
#2958=CARTESIAN_POINT('',(-97.3808231277143,-78.0000963195061,2.00026385274199));
#2959=CARTESIAN_POINT('Origin',(-97.3808231277143,-78.0000963195061,5.25026385274199));
#2960=CARTESIAN_POINT('',(-97.3808231277143,-78.0000963195061,5.25026385274199));
#2961=CARTESIAN_POINT('',(-97.3808231277143,-78.0000963195061,2.00026385274199));
#2962=CARTESIAN_POINT('Origin',(-97.3808231277143,-65.0000963195061,8.15026385274198));
#2963=CARTESIAN_POINT('',(-129.33082308015,-65.0000963195061,8.15026385274198));
#2964=CARTESIAN_POINT('Origin',(-97.3808231277143,-65.0000963195061,8.15026385274198));
#2965=CARTESIAN_POINT('',(-99.3808230801469,-65.0000963195061,8.15026385274198));
#2966=CARTESIAN_POINT('Origin',(-97.3808231277143,-65.0000963195061,8.15026385274198));
#2967=CARTESIAN_POINT('',(-161.28082308015,-65.0000963195061,8.15026385274198));
#2968=CARTESIAN_POINT('Origin',(-97.3808231277143,-65.0000963195061,5.25026385274199));
#2969=CARTESIAN_POINT('',(-97.3808231277143,-65.0000963195061,5.25026385274199));
#2970=CARTESIAN_POINT('Origin',(-97.3808231277143,-65.0000963195061,8.15026385274198));
#2971=CARTESIAN_POINT('',(-193.23082308015,-65.0000963195061,8.15026385274198));
#2972=CARTESIAN_POINT('Origin',(-178.25582308015,-70.8750963195062,2.00026385274197));
#2973=CARTESIAN_POINT('Origin',(-146.305823080149,-71.0000963264373,8.15026385274196));
#2974=CARTESIAN_POINT('',(-195.23082308015,-60.0000963333686,8.15026385274196));
#2975=CARTESIAN_POINT('Origin',(-97.380823080147,-60.0000963333685,5.00026385274197));
#2976=CARTESIAN_POINT('',(-146.164045727318,-60.0000963333686,5.00026374755648));
#2977=CARTESIAN_POINT('Origin',(-194.947268375029,-47.5514961232739,2.50026385214125));
#2978=CARTESIAN_POINT('Origin',(-194.94726837449,-47.5514961227351,5.00026375538518));
#2979=CARTESIAN_POINT('',(7.105427357601E-14,-104.000009608342,-574.261744669816));
#2980=CARTESIAN_POINT('',(241.273435905614,348.995244583408,358.50579399899));
#2981=CARTESIAN_POINT('',(0.,0.,0.));
#2982=UNCERTAINTY_MEASURE_WITH_UNIT(LENGTH_MEASURE(0.01),#2992,
'DISTANCE_ACCURACY_VALUE',
'Maximum model space distance between geometric entities at asserted c
onnectivities');
#2983=UNCERTAINTY_MEASURE_WITH_UNIT(LENGTH_MEASURE(0.01),#2992,
'DISTANCE_ACCURACY_VALUE',
'Maximum model space distance between geometric entities at asserted c
onnectivities');
#2984=UNCERTAINTY_MEASURE_WITH_UNIT(LENGTH_MEASURE(0.01),#2992,
'DISTANCE_ACCURACY_VALUE',
'Maximum model space distance between geometric entities at asserted c
onnectivities');
#2985=UNCERTAINTY_MEASURE_WITH_UNIT(LENGTH_MEASURE(0.01),#2992,
'DISTANCE_ACCURACY_VALUE',
'Maximum model space distance between geometric entities at asserted c
onnectivities');
#2986=UNCERTAINTY_MEASURE_WITH_UNIT(LENGTH_MEASURE(0.01),#2992,
'DISTANCE_ACCURACY_VALUE',
'Maximum model space distance between geometric entities at asserted c
onnectivities');
#2987=(
GEOMETRIC_REPRESENTATION_CONTEXT(3)
GLOBAL_UNCERTAINTY_ASSIGNED_CONTEXT((#2982))
GLOBAL_UNIT_ASSIGNED_CONTEXT((#2992,#2994,#2995))
REPRESENTATION_CONTEXT('','3D')
);
#2988=(
GEOMETRIC_REPRESENTATION_CONTEXT(3)
GLOBAL_UNCERTAINTY_ASSIGNED_CONTEXT((#2983))
GLOBAL_UNIT_ASSIGNED_CONTEXT((#2992,#2994,#2995))
REPRESENTATION_CONTEXT('','3D')
);
#2989=(
GEOMETRIC_REPRESENTATION_CONTEXT(3)
GLOBAL_UNCERTAINTY_ASSIGNED_CONTEXT((#2984))
GLOBAL_UNIT_ASSIGNED_CONTEXT((#2992,#2994,#2995))
REPRESENTATION_CONTEXT('','3D')
);
#2990=(
GEOMETRIC_REPRESENTATION_CONTEXT(3)
GLOBAL_UNCERTAINTY_ASSIGNED_CONTEXT((#2985))
GLOBAL_UNIT_ASSIGNED_CONTEXT((#2992,#2994,#2995))
REPRESENTATION_CONTEXT('','3D')
);
#2991=(
GEOMETRIC_REPRESENTATION_CONTEXT(3)
GLOBAL_UNCERTAINTY_ASSIGNED_CONTEXT((#2986))
GLOBAL_UNIT_ASSIGNED_CONTEXT((#2992,#2994,#2995))
REPRESENTATION_CONTEXT('','3D')
);
#2992=(
LENGTH_UNIT()
NAMED_UNIT(*)
SI_UNIT(.MILLI.,.METRE.)
);
#2993=(
LENGTH_UNIT()
NAMED_UNIT(*)
SI_UNIT($,.METRE.)
);
#2994=(
NAMED_UNIT(*)
PLANE_ANGLE_UNIT()
SI_UNIT($,.RADIAN.)
);
#2995=(
NAMED_UNIT(*)
SI_UNIT($,.STERADIAN.)
SOLID_ANGLE_UNIT()
);
#2996=SHAPE_DEFINITION_REPRESENTATION(#3000,#3007);
#2997=SHAPE_DEFINITION_REPRESENTATION(#3001,#3008);
#2998=SHAPE_DEFINITION_REPRESENTATION(#3002,#3009);
#2999=SHAPE_DEFINITION_REPRESENTATION(#3003,#3010);
#3000=PRODUCT_DEFINITION_SHAPE('',$,#3012);
#3001=PRODUCT_DEFINITION_SHAPE('',$,#3013);
#3002=PRODUCT_DEFINITION_SHAPE('',$,#3014);
#3003=PRODUCT_DEFINITION_SHAPE('',$,#3015);
#3004=PRODUCT_DEFINITION_SHAPE($,$,#20);
#3005=PRODUCT_DEFINITION_SHAPE($,$,#21);
#3006=PRODUCT_DEFINITION_SHAPE($,$,#22);
#3007=SHAPE_REPRESENTATION('',(#1870,#1984),#2987);
#3008=SHAPE_REPRESENTATION('',(#1871,#1983),#2988);
#3009=SHAPE_REPRESENTATION('',(#1872,#1982),#2989);
#3010=SHAPE_REPRESENTATION('',(#1873),#2990);
#3011=PRODUCT_DEFINITION_CONTEXT('part definition',#3025,'design');
#3012=PRODUCT_DEFINITION('Skirts','StealthFork_Mods v1',#3016,#3011);
#3013=PRODUCT_DEFINITION('Rear_Skirt_Assembly','Rear_Skirt_Assembly v2',
#3017,#3011);
#3014=PRODUCT_DEFINITION('Rear_Skirt_Accent','Rear_Skirt_Accent v2',#3018,
#3011);
#3015=PRODUCT_DEFINITION('[a]_Rear_Skirt_Accent_x1',
'[a]_Rear_Skirt_Accent_x1',#3019,#3011);
#3016=PRODUCT_DEFINITION_FORMATION('',$,#3027);
#3017=PRODUCT_DEFINITION_FORMATION('',$,#3028);
#3018=PRODUCT_DEFINITION_FORMATION('',$,#3029);
#3019=PRODUCT_DEFINITION_FORMATION('',$,#3030);
#3020=PRODUCT_RELATED_PRODUCT_CATEGORY('StealthFork_Mods v1',
'StealthFork_Mods v1',(#3027));
#3021=PRODUCT_RELATED_PRODUCT_CATEGORY('Rear_Skirt_Assembly v2',
'Rear_Skirt_Assembly v2',(#3028));
#3022=PRODUCT_RELATED_PRODUCT_CATEGORY('Rear_Skirt_Accent v2',
'Rear_Skirt_Accent v2',(#3029));
#3023=PRODUCT_RELATED_PRODUCT_CATEGORY('[a]_Rear_Skirt_Accent_x1',
'[a]_Rear_Skirt_Accent_x1',(#3030));
#3024=APPLICATION_PROTOCOL_DEFINITION('international standard',
'automotive_design',2009,#3025);
#3025=APPLICATION_CONTEXT(
'Core Data for Automotive Mechanical Design Process');
#3026=PRODUCT_CONTEXT('part definition',#3025,'mechanical');
#3027=PRODUCT('Skirts','StealthFork_Mods v1',$,(#3026));
#3028=PRODUCT('Rear_Skirt_Assembly','Rear_Skirt_Assembly v2',$,(#3026));
#3029=PRODUCT('Rear_Skirt_Accent','Rear_Skirt_Accent v2',$,(#3026));
#3030=PRODUCT('[a]_Rear_Skirt_Accent_x1','[a]_Rear_Skirt_Accent_x1',$,(#3026));
#3031=PRESENTATION_STYLE_ASSIGNMENT((#3033));
#3032=PRESENTATION_STYLE_ASSIGNMENT((#3034));
#3033=SURFACE_STYLE_USAGE(.BOTH.,#3035);
#3034=SURFACE_STYLE_USAGE(.BOTH.,#3036);
#3035=SURFACE_SIDE_STYLE('',(#3037));
#3036=SURFACE_SIDE_STYLE('',(#3038));
#3037=SURFACE_STYLE_FILL_AREA(#3039);
#3038=SURFACE_STYLE_FILL_AREA(#3040);
#3039=FILL_AREA_STYLE('Steel - Satin',(#3041));
#3040=FILL_AREA_STYLE('Opaque(110,110,115)',(#3042));
#3041=FILL_AREA_STYLE_COLOUR('Steel - Satin',#3043);
#3042=FILL_AREA_STYLE_COLOUR('Opaque(110,110,115)',#3044);
#3043=COLOUR_RGB('Steel - Satin',0.627450980392157,0.627450980392157,0.627450980392157);
#3044=COLOUR_RGB('Opaque(110,110,115)',0.431372549019608,0.431372549019608,
0.450980392156863);
ENDSEC;
END-ISO-10303-21;
